#include "mgstype.h"

int rank_dword_800C3260 = 0x4C534942;
int rank_dword_800C3264 = 0x392D4D50;
int rank_dword_800C3268 = 0x39393939;
int rank_dword_800C326C = 0x20202020;
int rank_dword_800C3270 = 0x20202020;
int rank_dword_800C3274 = 0x00000000;
int rank_dword_800C3278 = 0x00000000;
int rank_dword_800C327C = 0xFFFFFFFF;
int rank_dword_800C3280 = 0x00000000;
int rank_dword_800C3284 = 0x00000000;
int rank_dword_800C3288 = 0x00000000;
int rank_dword_800C328C = 0x800E05EC;
int rank_dword_800C3290 = 0x800E05CC;
int rank_dword_800C3294 = 0x800E05AC;
int rank_dword_800C3298 = 0x800E0594;
int rank_dword_800C329C = 0x800E0578;
int rank_dword_800C32A0 = 0x800E0550;
int rank_dword_800C32A4 = 0x800E0538;
int rank_dword_800C32A8 = 0x800E0518;
int rank_dword_800C32AC = 0x800E04F4;
int rank_dword_800C32B0 = 0x800E04DC;
int rank_dword_800C32B4 = 0x800E04B8;
int rank_dword_800C32B8 = 0x800E049C;
int rank_dword_800C32BC = 0x800E0470;
int rank_dword_800C32C0 = 0x800E0448;
int rank_dword_800C32C4 = 0x800E05EC;
int rank_dword_800C32C8 = 0x800E0650;
int rank_dword_800C32CC = 0x800E0634;
int rank_dword_800C32D0 = 0x800E0594;
int rank_dword_800C32D4 = 0x800E0618;
int rank_dword_800C32D8 = 0x800E0550;
int rank_dword_800C32DC = 0x800E0604;
int rank_dword_800C32E0 = 0x800E0518;
int rank_dword_800C32E4 = 0x800E04F4;
int rank_dword_800C32E8 = 0x800E05F0;
int rank_dword_800C32EC = 0x800E04B8;
int rank_dword_800C32F0 = 0x800E049C;
int rank_dword_800C32F4 = 0x800E0684;
int rank_dword_800C32F8 = 0x800E066C;
int rank_dword_800C32FC = 0x800E06AC;
int rank_dword_800C3300 = 0x800E06A0;
int rank_dword_800C3304 = 0x010403C0;
int rank_dword_800C3308 = 0x004C003F;
int rank_dword_800C330C = 0x00000000;
int rank_dword_800C3310 = 0x00000000;
int rank_dword_800C3314 = 0x800E06C4;
int rank_dword_800C3318 = 0x00000000;
int rank_dword_800C331C = 0x800E06BC;
int rank_dword_800C3320 = 0x800E0708;
int rank_dword_800C3324 = 0x800E06F8;
int rank_dword_800C3328 = 0x800E0770;
int rank_dword_800C332C = 0x800E076C;
int rank_dword_800C3330 = 0x00008000;

/*--- PocketStation ROM Start ---*/
unsigned char pocket_image[] = {
    0x53,0x43,0x11,0x04, 0x82,0x6C,0x82,0x66,
    0x82,0x72,0x81,0xE7, 0x81,0x6D,0x82,0x65,
    0x82,0x6E,0x82,0x77, 0x82,0x63,0x82,0x68,
    0x82,0x64,0x81,0x6E, 0x81,0x40,0x82,0x4F,
    0x81,0x5E,0x82,0x54, 0x81,0x40,0x81,0x40,
    0x81,0x40,0x81,0x40, 0x81,0x40,0x81,0x40,
    0x81,0x40,0x81,0x40, 0x81,0x40,0x81,0x40,
    0x81,0x40,0x81,0x40, 0x81,0x40,0x81,0x40,
    0x81,0x40,0x81,0x40, 0x00,0x00,0x00,0x00,
    0x00,0x00,0x00,0x00, 0x00,0x00,0x00,0x00,
    0x00,0x00,0x4D,0x43, 0x58,0x30,0x01,0x00,
    0x00,0x00,0x00,0x00, 0x08,0x01,0x00,0x02,
    0x25,0x04,0xA9,0x14, 0x2D,0x25,0xB1,0x35,
    0x35,0x46,0x8A,0x08, 0xEF,0x14,0x74,0x21,
    0xD6,0x29,0x39,0x36, 0xEE,0x00,0x51,0x05,
    0xB4,0x0D,0x18,0x16, 0x7B,0x1A,0xEB,0x0E,
    0x44,0x34,0x23,0x12, 0x32,0x11,0xB1,0x0E,
    0x34,0x12,0x00,0x10, 0x21,0x02,0xB1,0x0E,
    0x24,0x01,0x00,0x00, 0x10,0x12,0xA0,0x0E,
    0x24,0x22,0x01,0x10, 0x31,0x02,0xA0,0x0E,
    0x34,0x33,0x12,0x31, 0x41,0x02,0xA2,0x0E,
    0x44,0x44,0x33,0x43, 0x33,0x02,0xA1,0x0E,
    0x44,0x44,0x44,0x44, 0x33,0x12,0xC2,0x0E,
    0x44,0x44,0x44,0x44, 0x33,0x21,0xD1,0x0E,
    0x44,0x44,0x44,0x34, 0x23,0x01,0xE1,0x0E,
    0x34,0x43,0x44,0x34, 0x23,0x00,0xE1,0x0E,
    0x21,0x44,0x44,0x33, 0x12,0x01,0xE2,0x0E,
    0x43,0x44,0x44,0x33, 0x02,0x01,0xD3,0x0E,
    0x11,0x12,0x33,0x23, 0x11,0x11,0xC3,0x0E,
    0x33,0x32,0x34,0x13, 0x10,0x12,0xC2,0x0E,
    0x22,0x33,0x33,0x01, 0x10,0x02,0xB2,0x0D,
    0x00,0x00,0x00,0x00, 0x00,0x00,0x00,0x00,
    0x02,0x00,0x30,0x00, 0x00,0x7E,0x00,0x02,
    0x0A,0x04,0xA0,0xE3, 0x54,0x10,0x9F,0xE5,
    0x0C,0x10,0x80,0xE5, 0x01,0x00,0xA0,0xE3,
    0x4C,0x10,0x9F,0xE5, 0x01,0x00,0x00,0xEF,
    0x02,0x00,0xA0,0xE3, 0x44,0x10,0x9F,0xE5,
    0x01,0x00,0x00,0xEF, 0x0A,0x04,0xA0,0xE3,
    0x0E,0x1C,0xA0,0xE3, 0x08,0x10,0x80,0xE5,
    0x02,0x1B,0xA0,0xE3, 0x0C,0x10,0x80,0xE5,
    0x02,0x0C,0xA0,0xE3, 0x00,0x10,0xA0,0xE3,
    0x04,0x10,0x80,0xE4, 0x02,0x0B,0x50,0xE3,
    0xFC,0xFF,0xFF,0x1A, 0x02,0xDB,0xA0,0xE3,
    0x16,0x00,0x00,0xEF, 0x10,0x10,0x9F,0xE5,
    0x00,0x00,0xC1,0xE5, 0x8E,0x02,0x00,0xEA,
    0xFF,0x3F,0x00,0x00, 0x78,0x01,0x00,0x02,
    0xA8,0x01,0x00,0x02, 0xE1,0x03,0x00,0x00,
    0x07,0x40,0x2D,0xE9, 0x0A,0x14,0xA0,0xE3,
    0x00,0x00,0x91,0xE5, 0x08,0x20,0x91,0xE5,
    0x02,0x00,0x00,0xE0, 0x81,0x0D,0xC0,0xE3,
    0x0A,0x0C,0xC0,0xE3, 0x00,0x20,0xA0,0xE1,
    0x0E,0x00,0x00,0xEB, 0x10,0x20,0x81,0xE5,
    0x07,0x40,0xBD,0xE8, 0x1E,0xFF,0x2F,0xE1,
    0x01,0x40,0x2D,0xE9, 0x0A,0x84,0xA0,0xE3,
    0x00,0x00,0x98,0xE5, 0x08,0x90,0x98,0xE5,
    0x09,0x00,0x00,0xE0, 0x81,0x0D,0x00,0xE2,
    0x00,0x90,0xA0,0xE1, 0x03,0x00,0x00,0xEB,
    0x0A,0x9C,0xC9,0xE3, 0x10,0x90,0x88,0xE5,
    0x01,0x40,0xBD,0xE8, 0x1E,0xFF,0x2F,0xE1,
    0x1E,0x40,0x2D,0xE9, 0x00,0x10,0xA0,0xE1,
    0x02,0x4A,0xA0,0xE3, 0x50,0x20,0x9F,0xE5,
    0x00,0x30,0x92,0xE5, 0x00,0x00,0x53,0xE3,
    0x03,0x00,0x00,0x0A, 0x01,0x00,0x14,0xE1,
    0x04,0x00,0xA0,0x11, 0x0F,0xE0,0xA0,0x11,
    0x13,0xFF,0x2F,0x11, 0x04,0x10,0xC1,0xE1,
    0x00,0x00,0x51,0xE3, 0xA4,0x40,0xA0,0x11,
    0x04,0x20,0x42,0x12, 0xF3,0xFF,0xFF,0x1A,
    0x1E,0x40,0xBD,0xE8, 0x1E,0xFF,0x2F,0xE1,
    0x04,0x40,0x2D,0xE9, 0x14,0x20,0x9F,0xE5,
    0x00,0x01,0xA0,0xE1, 0x02,0x20,0x80,0xE0,
    0x00,0x10,0x82,0xE5, 0x04,0x40,0xBD,0xE8,
    0x1E,0xFF,0x2F,0xE1, 0x7C,0x03,0x00,0x00,
    0x48,0x03,0x00,0x00, 0x03,0xB4,0x00,0xB5,
    0xFE,0x49,0x08,0x78, 0x00,0x28,0x03,0xD0,
    0x00,0x21,0xFD,0x48, 0x01,0x70,0x09,0xE0,
    0xFC,0x49,0x08,0x68, 0x00,0x28,0x05,0xD0,
    0xC0,0x43,0x08,0x60, 0x00,0xF0,0x4F,0xFF,
    0xF9,0x49,0x08,0x60, 0x01,0xBC,0x86,0x46,
    0x03,0xBC,0x70,0x47, 0xFF,0xB4,0x00,0xB5,
    0xF6,0x48,0x01,0x78, 0x01,0x29,0x6B,0xD1,
    0xF1,0x48,0x01,0x78, 0x00,0x29,0x65,0xD1,
    0xF3,0x4C,0x25,0x78, 0x6D,0x00,0xF3,0x4C,
    0x64,0x19,0x25,0x88, 0xA4,0x1C,0x24,0x88,
    0x22,0x1C,0x52,0x1B, 0xF0,0x4F,0x3E,0x78,
    0xB2,0x42,0x50,0xD0, 0xEF,0x4C,0xAD,0x19,
    0x76,0x1C,0x3E,0x70, 0x6D,0x00,0x64,0x19,
    0x23,0x88,0x19,0x1C, 0x09,0x0A,0x03,0x70,
    0x00,0x29,0x3A,0xD0, 0xE3,0x48,0xFF,0x29,
    0x01,0xD1,0x80,0x22, 0x0A,0xE0,0xFE,0x29,
    0x01,0xD1,0x20,0x22, 0x06,0xE0,0xFD,0x29,
    0x01,0xD1,0x08,0x22, 0x02,0xE0,0xFC,0x29,
    0x0C,0xD1,0x02,0x22, 0x12,0x02,0xE2,0x4B,
    0x1C,0x78,0x02,0x2C, 0x01,0xD1,0x00,0x22,
    0x02,0xE0,0x01,0x2C, 0x00,0xD1,0x92,0x08,
    0x02,0x60,0xC1,0xE7, 0x49,0x00,0xDD,0x48,
    0x40,0x18,0x01,0x88, 0x49,0x08,0x02,0x20,
    0x00,0x22,0x04,0x1C, 0xA8,0x27,0x3F,0x05,
    0x00,0x01,0x3F,0x18, 0xBE,0x68,0x04,0x25,
    0xAE,0x43,0xBE,0x60, 0x20,0x1C,0x01,0x23,
    0xA8,0x27,0x3F,0x05, 0x00,0x01,0x3F,0x18,
    0x39,0x60,0x04,0x26, 0x00,0x2B,0x01,0xD0,
    0x32,0x43,0x00,0xE0, 0xB2,0x43,0xBA,0x60,
    0x12,0xE0,0x02,0x20, 0xA8,0x27,0x3F,0x05,
    0x00,0x01,0x3F,0x18, 0xBE,0x68,0x04,0x25,
    0xAE,0x43,0xBE,0x60, 0x08,0xE0,0xC3,0x48,
    0x02,0x21,0x01,0x70, 0x02,0x20,0x00,0x21,
    0x00,0x22,0xD6,0xE7, 0x49,0x1E,0x01,0x70,
    0x01,0xBC,0x86,0x46, 0xFF,0xBC,0x70,0x47,
    0xFF,0xB4,0x00,0xB5, 0xC2,0x49,0x08,0x68,
    0x10,0x22,0x10,0x42, 0x43,0xD1,0xC1,0x48,
    0x01,0x68,0x10,0x29, 0x02,0xD8,0x49,0x1C,
    0x01,0x60,0x62,0xE0, 0xBE,0x4F,0x38,0x78,
    0x00,0x28,0x4B,0xD0, 0x02,0x28,0x5C,0xD0,
    0x38,0x79,0x79,0x79, 0xBA,0x79,0x14,0x1C,
    0xA4,0x00,0xBA,0x4B, 0x1B,0x59,0xCB,0x40,
    0x00,0x28,0x01,0xD1, 0x00,0x23,0x2F,0xE0,
    0x09,0x28,0x01,0xD1, 0x01,0x23,0x2B,0xE0,
    0xB5,0x4C,0x25,0x78, 0xB5,0x49,0x0A,0x78,
    0x6D,0x1C,0x05,0x2D, 0x10,0xD1,0x00,0x25,
    0x52,0x1C,0x0A,0x70, 0x20,0x24,0x94,0x42,
    0x01,0xD2,0x00,0x24, 0x00,0xE0,0xA4,0x1A,
    0x00,0x21,0x49,0x1E, 0xE1,0x40,0xAE,0x4E,
    0x5C,0x36,0x31,0x60, 0x36,0x1D,0x31,0x60,
    0xA9,0x4C,0x25,0x70, 0x38,0x79,0x79,0x79,
    0xBA,0x79,0x49,0x1C, 0x20,0x29,0x0B,0xD1,
    0x00,0x21,0x52,0x1C, 0xA7,0x4C,0x24,0x78,
    0x64,0x1C,0xA2,0x42, 0x04,0xD1,0xA6,0x48,
    0x01,0x78,0x49,0x1E, 0x01,0x70,0x20,0xE0,
    0x40,0x1C,0x0A,0x28, 0x00,0xD1,0x00,0x20,
    0x01,0x24,0x23,0x40, 0xA1,0x4C,0x26,0x68,
    0x73,0x40,0x23,0x60, 0x38,0x71,0x79,0x71,
    0xBA,0x71,0x12,0xE0, 0x9D,0x4F,0x9E,0x49,
    0x0A,0x78,0x01,0x24, 0x22,0x42,0x01,0xD1,
    0x01,0x24,0x00,0xE0, 0x00,0x24,0x3C,0x60,
    0x52,0x1C,0x0A,0x70, 0x20,0x2A,0x04,0xD1,
    0x00,0x22,0x0A,0x70, 0x8E,0x48,0x01,0x22,
    0x02,0x70,0x01,0xBC, 0x86,0x46,0xFF,0xBC,
    0x70,0x47,0xFF,0xB4, 0x00,0xB5,0x93,0x48,
    0x01,0x68,0x16,0x29, 0x02,0xD8,0x49,0x1C,
    0x01,0x60,0xA6,0xE0, 0x84,0x49,0x08,0x68,
    0x10,0x22,0x10,0x42, 0x31,0xD1,0x01,0x24,
    0x8D,0x4B,0x18,0x78, 0x40,0x1C,0x18,0x70,
    0x20,0x42,0x3A,0xD0, 0x8B,0x48,0x00,0x22,
    0x01,0x78,0x02,0x70, 0x7D,0x4A,0x14,0x68,
    0x64,0x1C,0x14,0x60, 0xFA,0x23,0x9C,0x42,
    0x08,0xD3,0x00,0x23, 0x13,0x60,0x86,0x4A,
    0x13,0x78,0x5B,0x1C, 0x13,0x70,0x09,0x2B,
    0x00,0xD3,0x6E,0xE0, 0x83,0x4F,0x3E,0x78,
    0x00,0x2E,0x06,0xD0, 0x01,0x2E,0x34,0xD0,
    0x02,0x2E,0x38,0xD0, 0x0B,0x2E,0x3D,0xD0,
    0x6F,0xE0,0x40,0x20, 0x04,0x42,0x01,0xD1,
    0x01,0x20,0x00,0xE0, 0x00,0x20,0x00,0xF0,
    0x67,0xF9,0x79,0x4A, 0x13,0x78,0x06,0x2B,
    0x00,0xD3,0x56,0xE0, 0x01,0x22,0x11,0x40,
    0x77,0x4D,0x2A,0x68, 0x52,0x00,0x0A,0x43,
    0x2A,0x60,0x01,0x20, 0x01,0x42,0x05,0xD1,
    0x65,0x48,0x00,0x26, 0x06,0x70,0x6C,0x4A,
    0x16,0x70,0x5E,0xE0, 0xFF,0x26,0x35,0x1C,
    0x2D,0x02,0x35,0x43, 0x2A,0x40,0xFF,0x2A,
    0x57,0xD1,0x01,0x26, 0x3E,0x70,0x66,0x4A,
    0x00,0x23,0x13,0x70, 0x00,0x20,0x00,0xF0,
    0x43,0xF9,0x02,0x21, 0x60,0x48,0x01,0x70,
    0x4B,0xE0,0x01,0x22, 0x11,0x42,0x48,0xD1,
    0x03,0x20,0x38,0x70, 0x45,0xE0,0x01,0x22,
    0x11,0x42,0x2A,0xD1, 0x63,0x4A,0x00,0x23,
    0x13,0x70,0x3B,0xE0, 0x01,0x22,0x11,0x42,
    0x23,0xD0,0x51,0x48, 0x00,0x21,0x01,0x70,
    0x02,0x26,0x3E,0x70, 0x56,0x48,0x01,0x78,
    0x5C,0x4A,0x13,0x78, 0x5C,0x4C,0x24,0x68,
    0x64,0x18,0x23,0x70, 0x49,0x1C,0x01,0x70,
    0x4D,0x4E,0x5C,0x36, 0x20,0x24,0x0A,0x1C,
    0x08,0x32,0xA4,0x1A, 0x00,0x25,0x6D,0x1E,
    0xE5,0x40,0x35,0x60, 0x36,0x1D,0x35,0x60,
    0x48,0x48,0x02,0x78, 0x92,0x00,0x91,0x42,
    0x1B,0xD3,0x00,0x21, 0x46,0x48,0x01,0x70,
    0x17,0xE0,0x04,0x21, 0x44,0x48,0x01,0x70,
    0x01,0xF0,0x67,0xFB, 0x02,0x20,0x4D,0x4F,
    0x38,0x70,0x09,0x20, 0x4C,0x4E,0x30,0x70,
    0x0B,0xE0,0x48,0x4A, 0x13,0x78,0x5B,0x08,
    0x01,0x20,0x01,0x42, 0x01,0xD0,0x80,0x20,
    0x03,0x43,0x13,0x70, 0x38,0x78,0x40,0x1C,
    0x38,0x70,0x01,0xBC, 0x86,0x46,0xFF,0xBC,
    0x70,0x47,0x03,0xB4, 0x00,0xB5,0x23,0x48,
    0x01,0x21,0x01,0x70, 0x01,0xBC,0x86,0x46,
    0x03,0xBC,0x70,0x47, 0x1F,0xB4,0x00,0xB5,
    0x3F,0x21,0x02,0x1C, 0x0A,0x40,0x3D,0x4C,
    0x23,0x78,0x13,0x43, 0x23,0x70,0x3C,0x4B,
    0x1A,0x60,0x01,0xBC, 0x86,0x46,0x1F,0xBC,
    0x70,0x47,0x0F,0xB4, 0x00,0xB5,0x39,0x4B,
    0x80,0x28,0x00,0xD1, 0x00,0x22,0x01,0x21,
    0x09,0x02,0x88,0x42, 0x00,0xD1,0x01,0x22,
    0x20,0x21,0x09,0x02, 0x88,0x42,0x00,0xD1,
    0x02,0x22,0x52,0x00, 0xD2,0x18,0x10,0x78,
    0x40,0x1C,0x10,0x70, 0x01,0xBC,0x86,0x46,
    0x0F,0xBC,0x70,0x47, 0x07,0xB4,0x00,0xB5,
    0x17,0x48,0x01,0x78, 0x01,0x22,0x11,0x42,
    0x09,0xD1,0x01,0x21, 0x01,0x70,0x02,0x20,
    0x40,0x21,0x01,0x22, 0x02,0xF0,0x08,0xF9,
    0x1B,0x49,0x00,0x20, 0x08,0x70,0x1B,0x48,
    0x01,0x21,0x01,0x70, 0x01,0xBC,0x86,0x46,
    0x07,0xBC,0x70,0x47, 0xCB,0x03,0x00,0x00,
    0xC4,0x03,0x00,0x00, 0x80,0x03,0x00,0x00,
    0x14,0x00,0x80,0x0D, 0xCA,0x03,0x00,0x00,
    0xC6,0x03,0x00,0x00, 0x48,0x76,0x00,0x02,
    0xC8,0x03,0x00,0x00, 0x80,0x75,0x00,0x02,
    0xC3,0x03,0x00,0x00, 0x54,0x76,0x00,0x02,
    0x0C,0x00,0x80,0x0D, 0x0C,0x02,0x00,0x00,
    0x00,0x02,0x00,0x00, 0x40,0x02,0x00,0x00,
    0xD7,0x03,0x00,0x00, 0xD8,0x03,0x00,0x00,
    0x00,0x01,0x00,0x0D, 0xC0,0x03,0x00,0x00,
    0xA6,0x03,0x00,0x00, 0x04,0x00,0x80,0x0C,
    0x04,0x02,0x00,0x00, 0x10,0x02,0x00,0x00,
    0x02,0x02,0x00,0x00, 0xBE,0x03,0x00,0x00,
    0xBF,0x03,0x00,0x00, 0x01,0x02,0x00,0x00,
    0x08,0x02,0x00,0x00, 0x05,0x02,0x00,0x00,
    0x20,0x02,0x00,0x00, 0xB6,0x03,0x00,0x00,
    0xB7,0x03,0x00,0x00, 0xA7,0x03,0x00,0x00,
    0x0C,0x00,0x00,0x0A, 0xA0,0x03,0x00,0x00,
    0x03,0xB4,0x00,0xB5, 0x00,0x20,0x27,0x49,
    0x08,0x70,0x3F,0x20, 0x26,0x49,0x08,0x70,
    0x00,0x20,0x26,0x49, 0x02,0xF0,0x1E,0xFA,
    0x01,0x20,0x24,0x49, 0x02,0xF0,0x1A,0xFA,
    0x02,0x20,0x22,0x49, 0x02,0xF0,0x16,0xFA,
    0x03,0x20,0x20,0x49, 0x02,0xF0,0x12,0xFA,
    0x04,0x20,0x1E,0x49, 0x02,0xF0,0x0E,0xFA,
    0x00,0xF0,0x19,0xF8, 0x02,0xBC,0x8E,0x46,
    0x03,0xBC,0x70,0x47, 0x0E,0xB4,0x00,0xB5,
    0x16,0x4A,0x10,0x78, 0x16,0x49,0x0B,0x78,
    0x08,0x70,0x43,0x40, 0x18,0x40,0x02,0xD0,
    0x15,0x4B,0x01,0x21, 0x19,0x70,0x00,0x21,
    0x11,0x70,0x14,0x49, 0x08,0x70,0x08,0xBC,
    0x9E,0x46,0x0E,0xBC, 0x70,0x47,0x07,0xB4,
    0x00,0xB5,0x11,0x48, 0x3F,0x21,0x01,0x60,
    0x02,0x68,0x0A,0x40, 0x8A,0x42,0xFA,0xD1,
    0x01,0xBC,0x86,0x46, 0x07,0xBC,0x70,0x47,
    0x03,0xB4,0x00,0xB5, 0x05,0x48,0x01,0x78,
    0x01,0x29,0x02,0xD0, 0x00,0x21,0x09,0x48,
    0x01,0x70,0x01,0xBC, 0x86,0x46,0x03,0xBC,
    0x70,0x47,0x00,0x00, 0xA7,0x03,0x00,0x00,
    0xA8,0x03,0x00,0x00, 0xC5,0x05,0x00,0x02,
    0xAA,0x03,0x00,0x00, 0xA9,0x03,0x00,0x00,
    0x08,0x00,0x00,0x0A, 0xAC,0x03,0x00,0x00,
    0x0F,0xB4,0x00,0xB5, 0x06,0x49,0x07,0x4A,
    0x01,0x23,0x18,0x42, 0x00,0xD1,0x11,0x1C,
    0x05,0x4A,0x02,0x20, 0x10,0x60,0x08,0x60,
    0x01,0xBC,0x86,0x46, 0x0F,0xBC,0x70,0x47,
    0x08,0x00,0x80,0x0D, 0x04,0x00,0x80,0x0D,
    0x00,0x00,0x80,0x0D, 0x07,0xB4,0x00,0xB5,
    0x48,0x22,0x0A,0x43, 0x00,0x01,0x02,0x43,
    0xD0,0x21,0x09,0x05, 0x0A,0x60,0xD8,0x21,
    0x09,0x05,0x00,0x22, 0x0A,0x62,0x01,0xBC,
    0x86,0x46,0x07,0xBC, 0x70,0x47,0x0F,0xB4,
    0x00,0xB5,0x6D,0x48, 0x6D,0x49,0x00,0x22,
    0x20,0x23,0x02,0x60, 0x0A,0x60,0x00,0x1D,
    0x09,0x1D,0x5B,0x1E, 0x00,0x2B,0xF8,0xD1,
    0x01,0xBC,0x86,0x46, 0x0F,0xBC,0x70,0x47,
    0x07,0xB4,0x00,0xB5, 0x65,0x48,0x00,0x21,
    0x20,0x22,0x01,0x60, 0x00,0x1D,0x52,0x1E,
    0x00,0x2A,0xFA,0xD1, 0x01,0xBC,0x86,0x46,
    0x07,0xBC,0x70,0x47, 0xFE,0xB4,0x00,0xB5,
    0x40,0x28,0x5B,0xD2, 0x04,0x1C,0x08,0x34,
    0x20,0x2C,0x57,0xD9, 0x40,0x29,0x55,0xD2,
    0x0C,0x1C,0x08,0x34, 0x20,0x2C,0x51,0xD9,
    0x59,0x4B,0x14,0x68, 0x25,0x1C,0xFF,0x26,
    0x04,0x27,0x34,0x40, 0x1C,0x60,0x1B,0x1D,
    0x2D,0x0A,0x2C,0x1C, 0x7F,0x1E,0x00,0x2F,
    0xF7,0xD1,0x54,0x68, 0x25,0x1C,0x04,0x27,
    0x34,0x40,0x1C,0x60, 0x1B,0x1D,0x2D,0x0A,
    0x2C,0x1C,0x7F,0x1E, 0x00,0x2F,0xF7,0xD1,
    0x4D,0x4B,0x4C,0x4A, 0x08,0x25,0x20,0x28,
    0x0A,0xD2,0x20,0x24, 0x24,0x1A,0x20,0x1C,
    0x1E,0x68,0xC6,0x40, 0x1E,0x60,0x1B,0x1D,
    0x6D,0x1E,0x00,0x2D, 0xF8,0xD1,0x09,0xE0,
    0x20,0x24,0x00,0x1B, 0x06,0xD0,0x1E,0x68,
    0x86,0x40,0x1E,0x60, 0x1B,0x1D,0x6D,0x1E,
    0x00,0x2D,0xF8,0xD1, 0x40,0x4B,0x08,0x24,
    0x20,0x29,0x07,0xD2, 0x20,0x26,0x76,0x1A,
    0x35,0x1C,0xAD,0x00, 0x5B,0x19,0x08,0x24,
    0xA4,0x1B,0x09,0xE0, 0x08,0x24,0x40,0x25,
    0x2D,0x1B,0xA9,0x42, 0x01,0xD3,0x40,0x24,
    0x64,0x1A,0x20,0x39, 0x89,0x00,0x52,0x18,
    0x1E,0x68,0x15,0x68, 0x35,0x43,0x15,0x60,
    0x12,0x1D,0x1B,0x1D, 0x64,0x1E,0x00,0x2C,
    0xF6,0xD1,0xFF,0xE7, 0x01,0xBC,0x86,0x46,
    0xFE,0xBC,0x70,0x47, 0xFE,0xB4,0x00,0xB5,
    0x2C,0x4B,0x20,0x28, 0x02,0xD1,0x20,0x29,
    0x00,0xD1,0x34,0xE0, 0x00,0x24,0xA1,0x42,
    0x39,0xD0,0x40,0x24, 0xA1,0x42,0x36,0xD0,
    0x00,0x24,0xA0,0x42, 0x33,0xD0,0x40,0x24,
    0xA0,0x42,0x30,0xD0, 0x20,0x27,0x20,0x29,
    0x05,0xD2,0x20,0x25, 0x6D,0x1A,0xAD,0x00,
    0x52,0x19,0x0F,0x1C, 0x08,0xE0,0x20,0x25,
    0xA9,0x42,0x05,0xD3, 0x0E,0x1C,0x76,0x1B,
    0xB6,0x00,0x9B,0x19, 0x40,0x27,0x7F,0x1A,
    0x20,0x24,0x20,0x28, 0x09,0xD3,0x00,0x1B,
    0x16,0x68,0x86,0x40, 0x1E,0x60,0x12,0x1D,
    0x1B,0x1D,0x7F,0x1E, 0x00,0x2F,0xF7,0xD1,
    0x11,0xE0,0x24,0x1A, 0x16,0x68,0xE6,0x40,
    0x1E,0x60,0x12,0x1D, 0x1B,0x1D,0x7F,0x1E,
    0x00,0x2F,0xF7,0xD1, 0x07,0xE0,0x20,0x24,
    0x16,0x68,0x1E,0x60, 0x1B,0x1D,0x12,0x1D,
    0x64,0x1E,0x00,0x2C, 0xF8,0xD1,0x01,0xBC,
    0x86,0x46,0xFE,0xBC, 0x70,0x47,0x0F,0xB4,
    0x00,0xB5,0x07,0x48, 0x07,0x4B,0x20,0x22,
    0x19,0x68,0x01,0x60, 0x00,0x1D,0x1B,0x1D,
    0x52,0x1E,0x00,0x2A, 0xF8,0xD1,0x01,0xBC,
    0x86,0x46,0x0F,0xBC, 0x70,0x47,0x00,0x00,
    0x00,0x01,0x00,0x0D, 0xC0,0x02,0x00,0x00,
    0x40,0x02,0x00,0x00, 0x0F,0xB4,0x00,0xB5,
    0xD2,0x01,0x59,0x4B, 0xD2,0x18,0xFF,0xF7,
    0x99,0xFF,0x01,0xBC, 0x86,0x46,0x0F,0xBC,
    0x70,0x47,0x3E,0xB4, 0x00,0xB5,0xFF,0x2A,
    0x12,0xD0,0x14,0x1C, 0x15,0x1C,0xA4,0x08,
    0xA4,0x00,0x52,0x4B, 0x1B,0x19,0x1C,0x68,
    0x03,0x23,0x1D,0x40, 0xED,0x00,0xEC,0x40,
    0xFF,0x23,0x1C,0x40, 0xD2,0x00,0x4E,0x4B,
    0xD2,0x18,0x00,0x23, 0xFF,0xF7,0x1A,0xFF,
    0x02,0xBC,0x8E,0x46, 0x20,0x1C,0x3E,0xBC,
    0x70,0x47,0xFF,0xB4, 0x00,0xB5,0x49,0x4B,
    0x92,0x00,0x9B,0x18, 0x1C,0x1C,0x24,0x1D,
    0x1B,0x88,0x24,0x88, 0xE4,0x1A,0x9B,0x00,
    0x45,0x4E,0xF6,0x18, 0x00,0x2C,0x23,0xD0,
    0x37,0x68,0xFF,0x25, 0x03,0x1C,0x3A,0x1C,
    0x2A,0x40,0xFF,0xF7, 0xCE,0xFF,0x1B,0x18,
    0x18,0x1C,0x03,0x1C, 0x3A,0x1C,0x12,0x0A,
    0x2A,0x40,0xFF,0xF7, 0xC6,0xFF,0x1B,0x18,
    0x18,0x1C,0x03,0x1C, 0x3A,0x1C,0x12,0x0C,
    0x2A,0x40,0xFF,0xF7, 0xBE,0xFF,0x1B,0x18,
    0x18,0x1C,0x03,0x1C, 0x3A,0x1C,0x12,0x0E,
    0x2A,0x40,0xFF,0xF7, 0xB6,0xFF,0x1B,0x18,
    0x18,0x1C,0x64,0x1E, 0x36,0x1D,0xD9,0xE7,
    0x01,0xBC,0x86,0x46, 0xFF,0xBC,0x70,0x47,
    0xFF,0xB4,0x00,0xB5, 0x2D,0x4B,0x92,0x00,
    0x9B,0x18,0x1C,0x1C, 0x24,0x1D,0x1B,0x68,
    0x1F,0x1C,0x00,0x26, 0x76,0x1E,0x36,0x04,
    0x36,0x0C,0x33,0x40, 0x3F,0x0C,0xFF,0x2F,
    0x00,0xD1,0xC9,0x1C, 0x24,0x88,0xE4,0x1A,
    0x9B,0x00,0x25,0x4E, 0xF6,0x18,0x00,0x2C,
    0x3A,0xD0,0xFF,0x25, 0x32,0x68,0x03,0x1C,
    0x2A,0x40,0xFF,0xF7, 0x8E,0xFF,0x1B,0x18,
    0x18,0x1C,0x7F,0x1E, 0x00,0x2F,0x02,0xD1,
    0xFF,0x27,0x20,0x20, 0x89,0x1D,0x32,0x68,
    0x03,0x1C,0x12,0x0A, 0x2A,0x40,0xFF,0xF7,
    0x80,0xFF,0x1B,0x18, 0x18,0x1C,0x7F,0x1E,
    0x00,0x2F,0x02,0xD1, 0xFF,0x27,0x20,0x20,
    0x89,0x1D,0x32,0x68, 0x03,0x1C,0x12,0x0C,
    0x2A,0x40,0xFF,0xF7, 0x72,0xFF,0x1B,0x18,
    0x18,0x1C,0x7F,0x1E, 0x00,0x2F,0x02,0xD1,
    0xFF,0x27,0x20,0x20, 0x89,0x1D,0x32,0x68,
    0x03,0x1C,0x12,0x0E, 0x2A,0x40,0xFF,0xF7,
    0x64,0xFF,0x1B,0x18, 0x18,0x1C,0x7F,0x1E,
    0x00,0x2F,0x02,0xD1, 0xFF,0x27,0x20,0x20,
    0x89,0x1D,0x64,0x1E, 0x36,0x1D,0xC2,0xE7,
    0x01,0xBC,0x86,0x46, 0xFF,0xBC,0x70,0x47,
    0x00,0x7E,0x00,0x02, 0x94,0x2C,0x00,0x02,
    0xD8,0x2C,0x00,0x02, 0xE4,0x76,0x00,0x02,
    0x30,0x78,0x00,0x02, 0x07,0xB4,0x00,0xB5,
    0x17,0x4A,0x11,0x78, 0x00,0x29,0x12,0xD1,
    0x16,0x49,0x08,0x70, 0x07,0x20,0x00,0xF0,
    0x59,0xFA,0x15,0x48, 0x01,0x21,0x01,0x70,
    0x00,0x21,0x14,0x48, 0x01,0x70,0x14,0x48,
    0x01,0x70,0x00,0x20, 0x4E,0x21,0x09,0x01,
    0x01,0x22,0x01,0xF0, 0x75,0xFE,0x01,0xBC,
    0x86,0x46,0x07,0xBC, 0x70,0x47,0x07,0xB4,
    0x00,0xB5,0x0E,0x49, 0x08,0x78,0x00,0xF0,
    0x41,0xFA,0x01,0x20, 0x0C,0x49,0x00,0x22,
    0x01,0xF0,0x66,0xFE, 0x00,0xF0,0xD2,0xFA,
    0x00,0x20,0x01,0xF0, 0x53,0xFE,0x01,0xBC,
    0x86,0x46,0x07,0xBC, 0x70,0x47,0x00,0x00,
    0xCB,0x03,0x00,0x00, 0xC6,0x03,0x00,0x00,
    0xCA,0x03,0x00,0x00, 0xC8,0x03,0x00,0x00,
    0xC4,0x03,0x00,0x00, 0xD0,0x03,0x00,0x00,
    0xD0,0x03,0x00,0x00, 0x0A,0x14,0xA0,0xE3,
    0x04,0x00,0x91,0xE5, 0x01,0x0B,0x10,0xE3,
    0x03,0x00,0x00,0x0A, 0x01,0x10,0xA0,0xE3,
    0x78,0x03,0x9F,0xE5, 0x00,0x10,0xC0,0xE5,
    0xD9,0x07,0x00,0xEA, 0xDB,0x07,0x00,0xEB,
    0x06,0x0D,0xA0,0xE3, 0xEE,0x10,0xA0,0xE3,
    0x01,0x14,0xA0,0xE1, 0xEE,0x10,0x81,0xE3,
    0x01,0x14,0xA0,0xE1, 0xEE,0x10,0x81,0xE3,
    0x01,0x14,0xA0,0xE1, 0xEE,0x10,0x81,0xE3,
    0x00,0x10,0x80,0xE5, 0x11,0x0E,0xA0,0xE3,
    0xDD,0x10,0xA0,0xE3, 0x01,0x14,0xA0,0xE1,
    0xDD,0x10,0x81,0xE3, 0x01,0x14,0xA0,0xE1,
    0xDD,0x10,0x81,0xE3, 0x01,0x14,0xA0,0xE1,
    0xDD,0x10,0x81,0xE3, 0x00,0x10,0x80,0xE5,
    0xCB,0x07,0x00,0xEB, 0x14,0x00,0x00,0xEF,
    0x00,0x10,0x90,0xE5, 0x18,0x23,0x9F,0xE5,
    0x00,0x10,0x82,0xE5, 0x0A,0x00,0xA0,0xE3,
    0x10,0x13,0x9F,0xE5, 0x7B,0xFD,0xFF,0xEB,
    0x01,0x00,0xA0,0xE3, 0x3D,0x1E,0xA0,0xE3,
    0x00,0x20,0xA0,0xE3, 0xC3,0x07,0x00,0xEB,
    0x0D,0x00,0xA0,0xE3, 0xF8,0x12,0x9F,0xE5,
    0x74,0xFD,0xFF,0xEB, 0x02,0x00,0xA0,0xE3,
    0x00,0x10,0xA0,0xE3, 0x00,0x20,0xA0,0xE3,
    0xBF,0x07,0x00,0xEB, 0x02,0x00,0xA0,0xE3,
    0xC0,0x07,0x00,0xEB, 0x07,0x00,0xA0,0xE3,
    0xD8,0x12,0x9F,0xE5, 0x6B,0xFD,0xFF,0xEB,
    0x00,0x00,0xA0,0xE3, 0x4E,0x10,0xA0,0xE3,
    0x01,0x20,0xA0,0xE3, 0xB6,0x07,0x00,0xEB,
    0x00,0x00,0xA0,0xE3, 0xB7,0x07,0x00,0xEB,
    0x06,0x00,0x00,0xEF, 0xB8,0x12,0x9F,0xE5,
    0x00,0x00,0x81,0xE5, 0x13,0x00,0x00,0xEF,
    0x00,0x10,0x90,0xE5, 0x03,0x00,0xA0,0xE3,
    0x21,0x09,0x00,0xE0, 0xA4,0x12,0x9F,0xE5,
    0x00,0x00,0xC1,0xE5, 0x0C,0x00,0xA0,0xE3,
    0x9C,0x12,0x9F,0xE5, 0x59,0xFD,0xFF,0xEB,
    0xAD,0x07,0x00,0xEB, 0x01,0x00,0x50,0xE3,
    0xAE,0x07,0x00,0x0B, 0xB0,0x07,0x00,0x1B,
    0x02,0x00,0xA0,0xE3, 0xB1,0x07,0x00,0xEB,
    0xB3,0x07,0x00,0xEB, 0xB5,0x07,0x00,0xEB,
    0x00,0x10,0xA0,0xE3, 0x74,0x02,0x9F,0xE5,
    0xB0,0x10,0xC0,0xE1, 0x70,0x02,0x9F,0xE5,
    0x00,0x10,0xC0,0xE5, 0x6C,0x02,0x9F,0xE5,
    0x00,0x10,0xC0,0xE5, 0x68,0x02,0x9F,0xE5,
    0x00,0x10,0xC0,0xE5, 0x02,0x00,0xA0,0xE3,
    0x00,0x10,0xA0,0xE3, 0xAC,0x07,0x00,0xEB,
    0x00,0x00,0xA0,0xE3, 0x54,0x12,0x9F,0xE5,
    0x00,0x10,0xC0,0xE5, 0x50,0x12,0x9F,0xE5,
    0x00,0x00,0xC1,0xE5, 0x85,0x07,0x00,0xEB,
    0x0A,0x14,0xA0,0xE3, 0x04,0x00,0x91,0xE5,
    0x01,0x0B,0x10,0xE3, 0x02,0x00,0x00,0x0A,
    0x01,0x10,0xA0,0xE3, 0xFC,0x01,0x9F,0xE5,
    0x00,0x10,0xC0,0xE5, 0x2C,0x02,0x9F,0xE5,
    0x00,0x10,0xD0,0xE5, 0x01,0x00,0x51,0xE3,
    0x0A,0x00,0x00,0x1A, 0x8B,0x07,0x00,0xEB,
    0x1C,0x02,0x9F,0xE5, 0x00,0x10,0xD0,0xE5,
    0x3F,0x20,0xA0,0xE3, 0x02,0x00,0x11,0xE1,
    0x71,0x07,0x00,0x1A, 0x0C,0x12,0x9F,0xE5,
    0x00,0x20,0xD1,0xE5, 0x14,0x00,0x52,0xE3,
    0x6D,0x07,0x00,0x0A, 0x10,0x00,0x00,0xEA,
    0xEC,0x01,0x9F,0xE5, 0x00,0x10,0xD0,0xE5,
    0x01,0x00,0x51,0xE3, 0x0C,0x00,0x00,0x0A,
    0x00,0x00,0x51,0xE3, 0x02,0x00,0x00,0x0A,
    0x00,0x10,0xA0,0xE3, 0x00,0x10,0xC0,0xE5,
    0x8A,0x07,0x00,0xEB, 0xBC,0x01,0x9F,0xE5,
    0x00,0x10,0xD0,0xE5, 0x01,0x00,0x51,0xE3,
    0x1C,0x00,0x00,0x0A, 0x02,0x00,0x51,0xE3,
    0x2F,0x00,0x00,0x0A, 0x86,0x07,0x00,0xEB,
    0x88,0x07,0x00,0xEB, 0x8A,0x07,0x00,0xEB,
    0x8C,0x07,0x00,0xEB, 0x8E,0x07,0x00,0xEB,
    0x90,0x07,0x00,0xEB, 0x01,0x00,0xA0,0xE3,
    0x91,0x07,0x00,0xEB, 0x93,0x07,0x00,0xEB,
    0x84,0x01,0x9F,0xE5, 0x00,0x10,0xD0,0xE5,
    0x01,0x00,0x51,0xE3, 0x04,0x00,0x00,0x1A,
    0x91,0x07,0x00,0xEB, 0x51,0x07,0x00,0xEB,
    0x01,0x00,0x50,0xE3, 0x4C,0x07,0x00,0x0A,
    0xB6,0xFF,0xFF,0x1A, 0x78,0x01,0x9F,0xE5,
    0x00,0x10,0xD0,0xE5, 0x01,0x10,0x81,0xE2,
    0x00,0x10,0xC0,0xE5, 0x6C,0x01,0x9F,0xE5,
    0x00,0x10,0xD0,0xE5, 0x01,0x10,0x81,0xE2,
    0x00,0x10,0xC0,0xE5, 0xBE,0xFF,0xFF,0xEA,
    0x86,0x07,0x00,0xEB, 0x88,0x07,0x00,0xEB,
    0x8A,0x07,0x00,0xEB, 0x8C,0x07,0x00,0xEB,
    0x4C,0x01,0x9F,0xE5, 0x05,0x20,0xA0,0xE3,
    0x48,0x31,0x9F,0xE5, 0x04,0x30,0x83,0xE2,
    0x00,0x10,0x90,0xE5, 0x81,0x10,0xA0,0xE1,
    0x00,0x10,0x83,0xE5, 0x04,0x00,0x80,0xE2,
    0x01,0x20,0x42,0xE2, 0x00,0x00,0x52,0xE3,
    0xF7,0xFF,0xFF,0x1A, 0x02,0x10,0xA0,0xE3,
    0xF8,0x00,0x9F,0xE5, 0x00,0x10,0xC0,0xE5,
    0x01,0x00,0xA0,0xE3, 0x7F,0x07,0x00,0xEB,
    0xD3,0xFF,0xFF,0xEA, 0x80,0x07,0x00,0xEB,
    0x0C,0x01,0x9F,0xE5, 0x00,0x10,0xD0,0xE5,
    0x3F,0x20,0xA0,0xE3, 0x02,0x10,0x01,0xE0,
    0x00,0x00,0x51,0xE3, 0x1D,0x00,0x00,0x1A,
    0x36,0x15,0xA0,0xE3, 0x02,0x00,0xA0,0xE3,
    0x00,0x00,0x81,0xE5, 0x62,0x00,0xA0,0xE3,
    0x04,0x00,0x81,0xE5, 0x00,0x00,0xA0,0xE3,
    0x10,0x00,0x81,0xE5, 0x04,0x00,0xA0,0xE3,
    0x20,0x00,0x81,0xE5, 0x32,0x15,0xA0,0xE3,
    0x02,0x00,0xA0,0xE3, 0x00,0x00,0x81,0xE5,
    0x0D,0x14,0xA0,0xE3, 0x00,0x00,0x91,0xE5,
    0x48,0x00,0xC0,0xE3, 0x00,0x00,0x81,0xE5,
    0x0A,0x04,0xA0,0xE3, 0x02,0x1C,0xA0,0xE3,
    0x0C,0x10,0x80,0xE5, 0x02,0x1B,0xA0,0xE3,
    0x08,0x10,0x80,0xE5, 0x43,0x07,0x00,0xEB,
    0x0B,0x14,0xA0,0xE3, 0x01,0x00,0xA0,0xE3,
    0x04,0x00,0x81,0xE5, 0x0A,0x04,0xA0,0xE3,
    0x02,0x1C,0xA0,0xE3, 0x08,0x10,0x80,0xE5,
    0x02,0x1B,0xA0,0xE3, 0x0C,0x10,0x80,0xE5,
    0x1F,0x07,0x00,0xEB, 0x5D,0x07,0x00,0xEB,
    0x08,0x07,0x00,0xEB, 0x00,0x10,0xA0,0xE3,
    0x54,0x00,0x9F,0xE5, 0x00,0x10,0xC0,0xE5,
    0x01,0x10,0xA0,0xE3, 0x60,0x00,0x9F,0xE5,
    0x00,0x10,0xC0,0xE5, 0x5C,0x00,0x9F,0xE5,
    0x00,0x10,0xC0,0xE5, 0x67,0xFF,0xFF,0xEA,
    0xCB,0x03,0x00,0x00, 0x40,0x03,0x00,0x00,
    0xB3,0x05,0x00,0x02, 0x45,0x02,0x00,0x02,
    0x75,0x02,0x00,0x02, 0x44,0x03,0x00,0x00,
    0xC3,0x03,0x00,0x00, 0x15,0x06,0x00,0x02,
    0x98,0x03,0x00,0x00, 0xAA,0x03,0x00,0x00,
    0xBA,0x03,0x00,0x00, 0xAE,0x03,0x00,0x00,
    0xC2,0x03,0x00,0x00, 0xCA,0x03,0x00,0x00,
    0xD6,0x03,0x00,0x00, 0xA9,0x03,0x00,0x00,
    0xDB,0x03,0x00,0x00, 0xB2,0x03,0x00,0x00,
    0xB3,0x03,0x00,0x00, 0xF8,0x2E,0x00,0x02,
    0xC0,0x02,0x00,0x00, 0xA7,0x03,0x00,0x00,
    0xA8,0x03,0x00,0x00, 0xFE,0xB5,0x02,0x1C,
    0x12,0x4B,0x1D,0x68, 0x0F,0x21,0x0D,0x40,
    0x03,0x20,0x04,0xDF, 0x18,0x1C,0x10,0x4F,
    0x00,0x26,0x76,0x1C, 0x02,0x24,0x24,0x02,
    0x01,0x21,0x33,0x1C, 0x0B,0x40,0xE4,0x1A,
    0xA4,0x05,0x10,0x23, 0xD1,0x18,0x0C,0x41,
    0x7C,0x61,0x00,0x23, 0x5B,0x1C,0x0E,0x21,
    0x8B,0x42,0xFB,0xDB, 0x01,0x21,0x89,0x01,
    0x8E,0x42,0xEA,0xDB, 0x00,0x23,0x9D,0x42,
    0x02,0xD0,0x28,0x1C, 0x04,0xDF,0x00,0xE0,
    0x03,0x60,0xFE,0xBD, 0x00,0x00,0x00,0x0B,
    0x00,0x00,0x80,0x0D, 0x0E,0xB4,0x00,0xB5,
    0x77,0x49,0x09,0x78, 0x00,0x29,0x00,0xD0,
    0x02,0x20,0x76,0x4A, 0x11,0x78,0x88,0x42,
    0x08,0xD0,0x75,0x4B, 0x19,0x70,0x10,0x70,
    0x04,0xDF,0x74,0x4B, 0x10,0x22,0x19,0x68,
    0x11,0x42,0xFC,0xD0, 0x02,0xBC,0x8E,0x46,
    0x0E,0xBC,0x70,0x47, 0x0F,0xB4,0x00,0xB5,
    0x6F,0x48,0x00,0x1D, 0x01,0x22,0xD2,0x07,
    0x00,0x23,0x01,0x68, 0x11,0x42,0x02,0xD0,
    0x0C,0x30,0x5B,0x1C, 0xF9,0xE7,0x0A,0x2B,
    0x00,0xD9,0x01,0x23, 0x69,0x48,0x03,0x70,
    0x69,0x48,0x01,0x78, 0x00,0x29,0x03,0xD1,
    0x06,0x2B,0x01,0xD3, 0x01,0x21,0x01,0x70,
    0x01,0xBC,0x86,0x46, 0x0F,0xBC,0x70,0x47,
    0x0F,0xB4,0x00,0xB5, 0x03,0x68,0x0B,0x60,
    0x00,0x1D,0x09,0x1D, 0x52,0x1E,0x00,0x2A,
    0xF8,0xD1,0x01,0xBC, 0x86,0x46,0x0F,0xBC,
    0x70,0x47,0x7F,0xB4, 0x00,0xB5,0x56,0x4B,
    0x1C,0x78,0x00,0x2C, 0x14,0xD1,0x5B,0x4A,
    0x94,0x68,0x5B,0x4B, 0xD3,0x60,0x5B,0x4E,
    0x03,0x1C,0x33,0x40, 0x00,0x02,0xC0,0x0B,
    0x59,0x4E,0xB3,0x42, 0x01,0xD1,0x03,0xDF,
    0x03,0xE0,0x58,0x4E, 0xB3,0x42,0x00,0xD1,
    0x10,0xDF,0x00,0x28, 0xEF,0xD1,0x94,0x60,
    0x01,0xBC,0x86,0x46, 0x7F,0xBC,0x70,0x47,
    0x0F,0xB4,0x00,0xB5, 0x46,0x4A,0x11,0x78,
    0x00,0x29,0x12,0xD1, 0x50,0x49,0x08,0x78,
    0x01,0x28,0x0E,0xD0, 0x49,0x4B,0x9A,0x68,
    0x4E,0x49,0xD9,0x60, 0x4E,0x49,0x08,0x78,
    0x02,0x28,0x05,0xD0, 0x00,0xF0,0x17,0xF8,
    0xFF,0xF7,0x5C,0xFF, 0x00,0xF0,0x1E,0xF8,
    0x9A,0x60,0x01,0xBC, 0x86,0x46,0x0F,0xBC,
    0x70,0x47,0x07,0xB4, 0x00,0xB5,0x02,0x20,
    0xFF,0xF7,0x7C,0xFF, 0x01,0x20,0x45,0x49,
    0x00,0x22,0x01,0xF0, 0xA1,0xFB,0x01,0xBC,
    0x86,0x46,0x07,0xBC, 0x70,0x47,0x03,0xB4,
    0x00,0xB5,0x41,0x49, 0x20,0x20,0x88,0x60,
    0x01,0x20,0x08,0x61, 0x01,0xBC,0x86,0x46,
    0x03,0xBC,0x70,0x47, 0x03,0xB4,0x00,0xB5,
    0x3B,0x49,0x20,0x20, 0x48,0x60,0x00,0x20,
    0x08,0x61,0x01,0xBC, 0x86,0x46,0x03,0xBC,
    0x70,0x47,0xFF,0xB4, 0x00,0xB5,0x37,0x4A,
    0x13,0x78,0x37,0x48, 0x81,0x68,0x0C,0x1C,
    0x81,0x68,0x8C,0x42, 0xFB,0xD1,0x01,0x25,
    0x29,0x40,0x99,0x42, 0x3B,0xD0,0x11,0x70,
    0x32,0x48,0x01,0x78, 0x00,0x29,0x05,0xD0,
    0x00,0x20,0x31,0x49, 0x08,0x70,0x31,0x49,
    0x08,0x80,0x26,0xE0, 0x30,0x48,0x01,0x78,
    0x01,0x22,0x02,0x70, 0x2C,0x4C,0x22,0x78,
    0x01,0x29,0x01,0xD0, 0x00,0x22,0x00,0xE0,
    0x52,0x1C,0x22,0x70, 0x2B,0x48,0x01,0x21,
    0x00,0x23,0x03,0x2A, 0x01,0xD3,0x01,0x70,
    0x23,0x70,0x29,0x48, 0x01,0x78,0x00,0x22,
    0x02,0x70,0x24,0x4B, 0x01,0x29,0x01,0xD1,
    0x1A,0x80,0x0A,0xE0, 0x1A,0x88,0x52,0x1C,
    0x1A,0x80,0x3C,0x2A, 0x05,0xD1,0x23,0x48,
    0x01,0x78,0x00,0x29, 0x01,0xD1,0x01,0x21,
    0x01,0x70,0x21,0x48, 0x01,0x68,0x00,0x29,
    0x03,0xD1,0x01,0x23, 0x1F,0x4A,0x13,0x60,
    0x00,0xE0,0x49,0x1E, 0x01,0x60,0x01,0xBC,
    0x86,0x46,0xFF,0xBC, 0x70,0x47,0x00,0x00,
    0xCB,0x03,0x00,0x00, 0xCF,0x03,0x00,0x00,
    0xD0,0x03,0x00,0x00, 0x00,0x00,0x00,0x0B,
    0x80,0x7F,0x00,0x02, 0xCE,0x03,0x00,0x00,
    0xD5,0x03,0x00,0x00, 0x00,0x00,0x00,0x0A,
    0x40,0x20,0x00,0x00, 0x00,0x00,0x00,0xFF,
    0x00,0x00,0x00,0x02, 0x00,0x00,0x00,0x08,
    0xC2,0x03,0x00,0x00, 0xC0,0x35,0x00,0x00,
    0xC3,0x03,0x00,0x00, 0xD0,0x03,0x00,0x00,
    0x00,0x00,0x80,0x0D, 0xB1,0x03,0x00,0x00,
    0x00,0x00,0x80,0x0B, 0xAF,0x03,0x00,0x00,
    0xAD,0x03,0x00,0x00, 0x98,0x03,0x00,0x00,
    0xAC,0x03,0x00,0x00, 0xAE,0x03,0x00,0x00,
    0xAA,0x03,0x00,0x00, 0xBA,0x03,0x00,0x00,
    0x84,0x03,0x00,0x00, 0x88,0x03,0x00,0x00,
    0xFE,0xB4,0x00,0xB5, 0x00,0x26,0x0A,0xDF,
    0x07,0x1C,0x2F,0x48, 0x0C,0x30,0x01,0x68,
    0xB9,0x42,0x01,0xD0, 0x01,0x26,0x28,0xE0,
    0x2B,0x48,0x01,0x68, 0x2B,0x4A,0x13,0x68,
    0x99,0x42,0x13,0xD0, 0x28,0x48,0x2A,0x49,
    0x20,0x22,0xFF,0xF7, 0xF5,0xFE,0x27,0x4B,
    0x27,0x49,0x1A,0x68, 0x0A,0x60,0x01,0x2E,
    0x04,0xD0,0x25,0x49, 0x09,0x1D,0x01,0xF0,
    0x68,0xFB,0x08,0x60, 0x20,0x48,0x22,0x49,
    0xFF,0xF7,0xF3,0xFE, 0x01,0x2E,0x0A,0xD0,
    0x20,0x48,0x1F,0x49, 0x20,0x22,0xFF,0xF7,
    0xDF,0xFE,0x1D,0x48, 0x07,0x60,0x1D,0x48,
    0x1B,0x49,0xFF,0xF7, 0xE6,0xFE,0xFF,0xF7,
    0xB9,0xFE,0x30,0x1C, 0x02,0xBC,0x8E,0x46,
    0xFE,0xBC,0x70,0x47, 0x7F,0xB4,0x00,0xB5,
    0x00,0x21,0x17,0x48, 0x01,0x60,0x17,0x48,
    0x01,0x78,0x00,0x29, 0x03,0xD1,0xFF,0xF7,
    0xF3,0xFE,0x01,0x21, 0x01,0x70,0xFF,0xF7,
    0x97,0xFA,0x13,0x4A, 0x13,0x78,0x13,0x48,
    0x01,0x78,0x00,0x29, 0x07,0xD1,0x30,0x21,
    0x80,0x24,0x63,0x40, 0x13,0x70,0x10,0x4D,
    0x2E,0x78,0x76,0x1C, 0x2E,0x70,0x49,0x1E,
    0x01,0x70,0x0E,0x48, 0xC0,0x18,0x0E,0x49,
    0x20,0x22,0xFF,0xF7, 0xAD,0xFE,0x01,0xBC,
    0x86,0x46,0x7F,0xBC, 0x70,0x47,0x00,0x00,
    0x00,0x7F,0x00,0x02, 0x58,0x7B,0x00,0x02,
    0x40,0x02,0x00,0x00, 0x80,0x7F,0x00,0x02,
    0x84,0x03,0x00,0x00, 0xD6,0x03,0x00,0x00,
    0xDA,0x03,0x00,0x00, 0xD9,0x03,0x00,0x00,
    0xDB,0x03,0x00,0x00, 0x14,0x2F,0x00,0x02,
    0xC0,0x02,0x00,0x00, 0xFF,0xB4,0x00,0xB5,
    0x01,0x27,0x0F,0x22, 0x80,0x20,0x00,0x05,
    0xEA,0x49,0x09,0x78, 0xC9,0x01,0x40,0x18,
    0x03,0x68,0x1B,0x06, 0x1B,0x0E,0x51,0x2B,
    0x64,0xD1,0x04,0x1C, 0x0A,0x34,0xE6,0x4B,
    0x06,0x26,0x25,0x88, 0x19,0x88,0x8D,0x42,
    0x5C,0xD1,0xA4,0x1C, 0x9B,0x1C,0x76,0x1E,
    0x00,0x2E,0xF6,0xD1, 0x56,0xD1,0xE1,0x49,
    0x20,0x22,0xFF,0xF7, 0x71,0xFE,0x14,0x31,
    0x0A,0x68,0x13,0x1C, 0x1B,0x0E,0x1C,0x1C,
    0x30,0x3C,0xDD,0x4D, 0x2C,0x70,0x32,0x2B,
    0x48,0xD0,0xDC,0x4B, 0x1C,0x78,0x00,0x2C,
    0x11,0xD1,0x00,0x27, 0x00,0xF0,0x99,0xF8,
    0xD9,0x4C,0x23,0x78, 0x01,0x2B,0x03,0xD0,
    0xD8,0x4C,0x23,0x78, 0x06,0x2B,0x02,0xD3,
    0x01,0x27,0x2F,0x70, 0x05,0xE0,0xD6,0x4C,
    0x23,0x68,0x00,0x2B, 0x32,0xD1,0x02,0x27,
    0x2F,0x70,0x12,0x02, 0x12,0x0A,0x30,0x37,
    0x3F,0x06,0x3A,0x43, 0x0A,0x60,0xCD,0x4C,
    0x23,0x78,0x00,0x2B, 0x02,0xD0,0x89,0x1C,
    0x71,0x23,0x0B,0x70, 0x00,0x25,0x7F,0x24,
    0xC6,0x49,0x0A,0x78, 0x55,0x40,0x49,0x1C,
    0x64,0x1E,0x00,0x2C, 0xF9,0xD1,0x0D,0x70,
    0xC2,0x49,0xFF,0xF7, 0x42,0xFE,0xC2,0x4C,
    0x23,0x78,0x02,0x2B, 0x04,0xD1,0x00,0x21,
    0xC3,0x48,0x01,0x60, 0x01,0xF0,0x50,0xFA,
    0xC2,0x48,0xBD,0x4A, 0x15,0x78,0x01,0x2D,
    0x00,0xD0,0x80,0x30, 0xB9,0x49,0x20,0x22,
    0xFF,0xF7,0x22,0xFE, 0xBE,0x48,0xB7,0x49,
    0xFF,0xF7,0x2B,0xFE, 0x00,0xF0,0x04,0xF8,
    0x01,0xBC,0x86,0x46, 0xFF,0xBC,0x70,0x47,
    0xFF,0xB4,0x00,0xB5, 0x02,0x20,0x00,0x06,
    0x07,0x1C,0xB0,0x49, 0x20,0x22,0xFF,0xF7,
    0x0F,0xFE,0xAE,0x4E, 0x1E,0x36,0xAF,0x48,
    0x01,0x78,0x00,0x29, 0x0E,0xD0,0xB3,0x4A,
    0x13,0x88,0x31,0x88, 0x99,0x42,0x38,0xD0,
    0x33,0x80,0x92,0x1C, 0xB6,0x1C,0x13,0x88,
    0x33,0x80,0x92,0x1C, 0xB6,0x1C,0x13,0x88,
    0x33,0x80,0x2A,0xE0, 0xA4,0x48,0x01,0x78,
    0x00,0x29,0x0A,0xD1, 0x31,0x88,0xA5,0x4A,
    0x13,0x78,0x1B,0x02, 0xA8,0x4C,0x25,0x88,
    0x5B,0x19,0x99,0x42, 0x21,0xD0,0x33,0x80,
    0x1B,0xE0,0x31,0x88, 0xA5,0x4C,0x25,0x88,
    0xA9,0x42,0x1A,0xD0, 0xA4,0x4A,0x13,0x88,
    0x99,0x42,0x16,0xD0, 0x98,0x48,0x01,0x78,
    0x01,0x29,0x05,0xD1, 0x35,0x80,0xB6,0x1C,
    0xA4,0x1C,0x25,0x88, 0x35,0x80,0x04,0xE0,
    0x33,0x80,0xB6,0x1C, 0x92,0x1C,0x15,0x88,
    0x35,0x80,0x9C,0x48, 0x01,0x88,0xB6,0x1C,
    0x31,0x80,0x38,0x1C, 0x8D,0x49,0xFF,0xF7,
    0xD8,0xFD,0x01,0xBC, 0x86,0x46,0xFF,0xBC,
    0x70,0x47,0xFF,0xB4, 0x00,0xB5,0x96,0x48,
    0x01,0x1C,0x02,0x1C, 0x09,0x1D,0x08,0x32,
    0x01,0x23,0xDB,0x07, 0x0A,0x25,0x0C,0x68,
    0x1C,0x42,0x0D,0xD0, 0x14,0x68,0x24,0x02,
    0xA4,0x0E,0x00,0x2C, 0x05,0xD0,0x0C,0x31,
    0x0C,0x32,0x6D,0x1E, 0x00,0x2D,0xF2,0xD1,
    0x02,0xE0,0x81,0x48, 0x01,0x21,0x01,0x70,
    0x01,0xBC,0x86,0x46, 0xFF,0xBC,0x70,0x47,
    0x07,0xB4,0x00,0xB5, 0x87,0x49,0x08,0x68,
    0x10,0x22,0x10,0x42, 0x05,0xD1,0x06,0xDF,
    0x01,0x68,0xFF,0x22, 0x52,0x1C,0x11,0x42,
    0x0C,0xD0,0x83,0x48, 0x01,0x78,0x00,0x29,
    0x07,0xD0,0xFF,0xF7, 0x18,0xFB,0x02,0x20,
    0x01,0xF0,0x78,0xF9, 0x00,0x20,0x01,0xF0,
    0x75,0xF9,0xA4,0xE0, 0x01,0xBC,0x86,0x46,
    0x07,0xBC,0x70,0x47, 0x7E,0xB4,0x00,0xB5,
    0x00,0xF0,0x83,0xFB, 0x00,0xF0,0x98,0xFC,
    0x01,0xF0,0xA6,0xF9, 0x77,0x48,0x85,0x68,
    0x77,0x49,0xC1,0x60, 0xFF,0xF7,0xA8,0xFD,
    0xFF,0xF7,0x3D,0xF9, 0xFF,0xF7,0xB4,0xF8,
    0x00,0x26,0xFF,0xF7, 0xCD,0xFF,0x73,0x4A,
    0x20,0x32,0x50,0xA0, 0x07,0x23,0x01,0x68,
    0x00,0x1D,0x00,0x2E, 0x00,0xD1,0xC9,0x43,
    0x11,0x60,0x12,0x1D, 0x5B,0x1E,0xF6,0xD1,
    0x6C,0x4A,0x44,0x32, 0x50,0xA0,0x07,0x23,
    0x01,0x68,0x00,0x1D, 0x01,0x2E,0x00,0xD1,
    0xC9,0x43,0x11,0x60, 0x12,0x1D,0x5B,0x1E,
    0xF6,0xD1,0xFF,0xF7, 0xB7,0xF8,0x04,0x1C,
    0xFF,0xF7,0xC9,0xF8, 0x01,0x21,0x0C,0x42,
    0x02,0xD0,0xFF,0xF7, 0x7D,0xFD,0x0B,0xE0,
    0x00,0x2E,0x01,0xD0, 0x10,0x21,0x00,0xE0,
    0x08,0x21,0x0C,0x42, 0x03,0xD0,0x01,0x21,
    0x4E,0x40,0xFF,0xF7, 0x71,0xFD,0xCC,0xE7,
    0x58,0x49,0x8D,0x60, 0x01,0xF0,0x80,0xF9,
    0x00,0xF0,0x1B,0xFC, 0x00,0x21,0x58,0x48,
    0x01,0x70,0x01,0x21, 0x57,0x48,0x01,0x70,
    0x57,0x48,0x01,0x70, 0x30,0x1C,0x02,0xBC,
    0x8E,0x46,0x7E,0xBC, 0x70,0x47,0xFF,0xB4,
    0x00,0xB5,0x54,0x48, 0x01,0x78,0x00,0x29,
    0x16,0xD0,0x53,0x48, 0x53,0x4A,0xFF,0x25,
    0x02,0x27,0x01,0x68, 0x04,0x26,0x13,0x68,
    0x5B,0x02,0x5B,0x0A, 0x0C,0x1C,0x2C,0x40,
    0x24,0x06,0x23,0x43, 0x13,0x60,0x12,0x1D,
    0x09,0x0A,0x76,0x1E, 0x00,0x2E,0xF2,0xD1,
    0x00,0x1D,0x7F,0x1E, 0x00,0x2F,0xEC,0xD1,
    0x01,0xBC,0x86,0x46, 0xFF,0xBC,0x70,0x47,
    0x07,0xB4,0x00,0xB5, 0x46,0x49,0x02,0x20,
    0x08,0x60,0x62,0x20, 0x48,0x60,0x00,0x20,
    0x08,0x61,0x44,0x49, 0x02,0x20,0x08,0x60,
    0x00,0x20,0x01,0xF0, 0xE7,0xF8,0x01,0x20,
    0x01,0xF0,0xE4,0xF8, 0x02,0x20,0x01,0xF0,
    0xE1,0xF8,0x34,0x48, 0x3E,0x49,0xC1,0x60,
    0x01,0x20,0x00,0x21, 0x01,0xDF,0x02,0x20,
    0x00,0x21,0x01,0xDF, 0x2F,0x48,0x3B,0x49,
    0x3B,0x4A,0x11,0x43, 0x81,0x60,0x01,0xBC,
    0x86,0x46,0x07,0xBC, 0x70,0x47,0x01,0x20,
    0xFF,0xF7,0xB0,0xFC, 0x01,0xF0,0x08,0xF9,
    0x00,0x20,0x11,0xDF, 0xFF,0xF7,0xD0,0xFF,
    0x26,0x48,0x41,0x68, 0x3F,0x22,0x11,0x42,
    0xFA,0xD1,0x16,0xDF, 0x02,0x1C,0x01,0x20,
    0x00,0x21,0x30,0x23, 0x1A,0x43,0x08,0xDF,
    0x00,0x20,0x09,0xDF, 0x00,0x00,0x00,0x00,
    0xDC,0xDD,0x75,0x75, 0x44,0x95,0x54,0x15,
    0x44,0x95,0x54,0x75, 0x44,0x95,0x54,0x15,
    0xDC,0x95,0x54,0x77, 0x00,0x00,0x00,0x00,
    0x00,0x00,0x00,0x00, 0x00,0x5C,0x75,0x00,
    0x00,0x44,0x25,0x00, 0x00,0x9C,0x24,0x00,
    0x00,0x44,0x25,0x00, 0x00,0x5C,0x25,0x00,
    0x00,0x00,0x00,0x00, 0xE1,0x03,0x00,0x00,
    0x70,0x7F,0x00,0x02, 0x40,0x02,0x00,0x00,
    0xD5,0x03,0x00,0x00, 0xD6,0x03,0x00,0x00,
    0xDC,0x03,0x00,0x00, 0xCE,0x03,0x00,0x00,
    0x84,0x03,0x00,0x00, 0x90,0x7B,0x00,0x02,
    0x00,0x7E,0x00,0x02, 0x1C,0x30,0x00,0x02,
    0x22,0x30,0x00,0x02, 0x14,0x30,0x00,0x02,
    0x18,0x30,0x00,0x02, 0x24,0x30,0x00,0x02,
    0x80,0x7F,0x00,0x02, 0x0C,0x00,0x80,0x0D,
    0xCA,0x03,0x00,0x00, 0x00,0x00,0x00,0x0A,
    0xC0,0x35,0x00,0x00, 0x00,0x01,0x00,0x0D,
    0xA9,0x03,0x00,0x00, 0xA7,0x03,0x00,0x00,
    0xA8,0x03,0x00,0x00, 0xCB,0x03,0x00,0x00,
    0x0C,0x2F,0x00,0x02, 0xC0,0x02,0x00,0x00,
    0x00,0x00,0x80,0x0D, 0x00,0x00,0x80,0x0C,
    0xFF,0x3F,0x00,0x00, 0x00,0x08,0x00,0x00,
    0x00,0x02,0x00,0x00, 0xFF,0xB4,0x00,0xB5,
    0xAB,0x48,0x01,0x78, 0x00,0x29,0x02,0xD0,
    0x00,0xF0,0x4B,0xFB, 0x22,0xE0,0x00,0x20,
    0x11,0xDF,0x06,0x20, 0xFF,0xF7,0x32,0xFC,
    0xA6,0x48,0x09,0x21, 0x01,0x60,0xA0,0x20,
    0x00,0x05,0xA5,0x49, 0xC1,0x60,0x01,0x21,
    0xA4,0x48,0x01,0x70, 0x0D,0x20,0xA4,0x49,
    0x01,0xF0,0xC0,0xF9, 0x02,0x20,0x80,0x21,
    0x01,0x22,0x01,0xF0, 0x49,0xF8,0x00,0x21,
    0xA0,0x48,0x01,0x60, 0xA0,0x48,0x01,0x60,
    0xA0,0x48,0x01,0x60, 0xA0,0x48,0x01,0x70,
    0xA0,0x48,0x01,0x70, 0x01,0xBC,0x86,0x46,
    0xFF,0xBC,0x70,0x47, 0x07,0xB4,0x00,0xB5,
    0x0D,0x20,0x9D,0x49, 0x01,0xF0,0xA6,0xF9,
    0x02,0x20,0x80,0x21, 0x01,0x22,0x00,0xF0,
    0xE4,0xFF,0x00,0x21, 0x91,0x48,0x01,0x70,
    0xA0,0x20,0x00,0x05, 0x97,0x49,0x81,0x60,
    0xFF,0xF7,0x7B,0xFC, 0x8B,0x48,0x0E,0x21,
    0x01,0x60,0x00,0x20, 0xFE,0xF7,0xC8,0xFF,
    0x01,0xBC,0x86,0x46, 0x07,0xBC,0x70,0x47,
    0x03,0xB4,0x00,0xB5, 0x01,0x20,0xFE,0xF7,
    0xBF,0xFF,0x83,0x48, 0x01,0x78,0x00,0x29,
    0x02,0xD0,0x00,0xF0, 0xFA,0xFA,0x2F,0xE0,
    0x00,0x20,0x11,0xDF, 0x06,0x20,0xFF,0xF7,
    0xE1,0xFB,0x7E,0x48, 0x04,0x21,0x01,0x60,
    0x87,0x48,0x40,0x21, 0x01,0x60,0x87,0x48,
    0x01,0x60,0x00,0x21, 0x7D,0x48,0x01,0x60,
    0x7D,0x48,0x01,0x60, 0x7D,0x48,0x01,0x60,
    0x83,0x48,0x01,0x60, 0x83,0x48,0x01,0x70,
    0x83,0x48,0x01,0x70, 0x83,0x48,0x01,0x60,
    0xA0,0x20,0x00,0x05, 0x82,0x49,0xC1,0x60,
    0x01,0x21,0x72,0x48, 0x01,0x70,0x81,0x48,
    0x01,0x70,0x02,0x20, 0x00,0xF0,0xDA,0xFF,
    0x0D,0x20,0x7F,0x49, 0x01,0xF0,0x56,0xF9,
    0x7E,0x48,0x10,0x21, 0x09,0x02,0x01,0x60,
    0x01,0xBC,0x86,0x46, 0x03,0xBC,0x70,0x47,
    0x07,0xB4,0x00,0xB5, 0x7A,0x48,0x10,0x21,
    0x09,0x02,0x01,0x60, 0x0D,0x20,0x6C,0x49,
    0x01,0xF0,0x44,0xF9, 0x02,0x20,0x80,0x21,
    0x01,0x22,0x00,0xF0, 0x82,0xFF,0x00,0x21,
    0x60,0x48,0x01,0x70, 0xA0,0x20,0x00,0x05,
    0x66,0x49,0x81,0x60, 0xFF,0xF7,0x19,0xFC,
    0x5A,0x48,0x0E,0x21, 0x01,0x60,0x00,0x20,
    0xFE,0xF7,0x66,0xFF, 0x01,0xBC,0x86,0x46,
    0x07,0xBC,0x70,0x47, 0x3F,0xB4,0x00,0xB5,
    0x6A,0x48,0x00,0x1D, 0x05,0x68,0x6A,0x48,
    0x6A,0x49,0x20,0x22, 0xFF,0xF7,0xBC,0xFB,
    0x68,0x48,0x04,0x1C, 0x24,0x1D,0x0A,0x22,
    0x01,0x23,0xDB,0x07, 0x21,0x68,0x19,0x42,
    0x08,0xD0,0x01,0x68, 0xA9,0x42,0x1C,0xD0,
    0x0C,0x30,0x0C,0x34, 0x52,0x1E,0x00,0x2A,
    0xF4,0xD1,0x19,0xE0, 0x5D,0x4C,0x24,0x1D,
    0x21,0x68,0x01,0x60, 0x24,0x1D,0x00,0x1D,
    0x21,0x68,0x01,0x60, 0x24,0x1D,0x00,0x1D,
    0x21,0x68,0x01,0x60, 0x58,0x48,0x59,0x49,
    0xFF,0xF7,0xA7,0xFB, 0x00,0xF0,0x5B,0xF8,
    0xFF,0xF7,0x78,0xFB, 0xFF,0xF7,0x02,0xFD,
    0x02,0xE0,0x55,0x48, 0x01,0x21,0x01,0x70,
    0x01,0xBC,0x86,0x46, 0x3F,0xBC,0x70,0x47,
    0x3E,0xB4,0x00,0xB5, 0x00,0x20,0x51,0x49,
    0x0A,0x68,0x4C,0x4B, 0x1C,0x68,0xA2,0x42,
    0x1F,0xD1,0x10,0x33, 0x1C,0x68,0xA2,0x42,
    0x1B,0xD1,0x48,0x4B, 0x19,0x68,0x0D,0x1C,
    0x1B,0x1D,0x1A,0x68, 0x51,0x40,0xAD,0x18,
    0x1B,0x1D,0x1A,0x68, 0x51,0x40,0xAD,0x18,
    0x1B,0x1D,0x1A,0x68, 0x51,0x40,0xAD,0x18,
    0x1B,0x1D,0x1A,0x68, 0x51,0x40,0xAD,0x18,
    0x1B,0x1D,0x1A,0x68, 0xAD,0x18,0x91,0x42,
    0x03,0xD1,0x1B,0x1D, 0x1A,0x68,0x95,0x42,
    0x00,0xD0,0x01,0x20, 0x02,0xBC,0x8E,0x46,
    0x3E,0xBC,0x70,0x47, 0x1F,0xB4,0x00,0xB5,
    0x3A,0x48,0x01,0x68, 0x3A,0x48,0x01,0x60,
    0x0A,0x1C,0x0C,0x1C, 0x00,0x1D,0x03,0x68,
    0x5A,0x40,0xE4,0x18, 0x00,0x1D,0x03,0x68,
    0x5A,0x40,0xE4,0x18, 0x00,0x1D,0x03,0x68,
    0x5A,0x40,0xE4,0x18, 0x00,0x1D,0x01,0x60,
    0x4A,0x40,0x64,0x18, 0x00,0x1D,0x02,0x60,
    0xA4,0x18,0x00,0x1D, 0x04,0x60,0x01,0xBC,
    0x86,0x46,0x1F,0xBC, 0x70,0x47,0x0F,0xB4,
    0x00,0xB5,0x2C,0x48, 0x27,0x49,0x20,0x22,
    0xFF,0xF7,0x36,0xFB, 0x25,0x48,0x08,0x30,
    0x01,0x68,0x0A,0x1C, 0x92,0x02,0x92,0x0A,
    0x0B,0x1C,0x9B,0x00, 0x1B,0x0E,0xFF,0x2B,
    0x00,0xD0,0x5B,0x1C, 0x9B,0x05,0x89,0x0F,
    0x89,0x07,0x1A,0x43, 0x0A,0x43,0x02,0x60,
    0x20,0x48,0x1C,0x49, 0xFF,0xF7,0x2D,0xFB,
    0x01,0xBC,0x86,0x46, 0x0F,0xBC,0x70,0x47,
    0xCB,0x03,0x00,0x00, 0x00,0x00,0x80,0x0C,
    0x9F,0x11,0x00,0x00, 0xC2,0x03,0x00,0x00,
    0x61,0x03,0x00,0x02, 0x00,0x02,0x00,0x00,
    0x04,0x02,0x00,0x00, 0x0C,0x02,0x00,0x00,
    0xD7,0x03,0x00,0x00, 0xD8,0x03,0x00,0x00,
    0x45,0x02,0x00,0x02, 0x9F,0x05,0x00,0x00,
    0x00,0x00,0x80,0x0D, 0x08,0x00,0x80,0x0D,
    0x10,0x02,0x00,0x00, 0xBE,0x03,0x00,0x00,
    0xBF,0x03,0x00,0x00, 0x08,0x02,0x00,0x00,
    0x9F,0x01,0x00,0x00, 0xA6,0x03,0x00,0x00,
    0x4B,0x04,0x00,0x02, 0x08,0x00,0x00,0x0A,
    0x0C,0x00,0x00,0x0A, 0x24,0x02,0x00,0x00,
    0x80,0x7F,0x00,0x02, 0x40,0x02,0x00,0x00,
    0xC1,0x03,0x00,0x00, 0x58,0x7B,0x00,0x02,
    0x40,0x02,0x00,0x00, 0x00,0x7F,0x00,0x02,
    0xFF,0xB4,0x00,0xB5, 0x20,0x20,0x20,0x21,
    0x00,0x22,0xFE,0xF7, 0x7F,0xFF,0x20,0x4E,
    0x30,0x78,0x00,0x28, 0x08,0xD1,0x00,0x20,
    0xFF,0xF7,0x38,0xF8, 0x00,0x20,0x1D,0x49,
    0x08,0x70,0x01,0x20, 0x30,0x70,0x2F,0xE0,
    0x01,0x28,0x23,0xD1, 0x00,0x21,0x19,0x48,
    0x01,0x78,0x49,0x1C, 0x01,0x70,0x30,0x29,
    0x02,0xD1,0x02,0x20, 0x30,0x70,0x19,0xE0,
    0x40,0xB4,0x20,0x26, 0x14,0x4A,0x13,0x1C,
    0x7C,0x33,0x10,0x24, 0x20,0x29,0x01,0xD2,
    0x0D,0x1C,0x00,0xE0, 0x20,0x25,0x10,0x68,
    0xA8,0x40,0x10,0x60, 0x12,0x1D,0x18,0x68,
    0xE8,0x40,0x18,0x60, 0x1B,0x1F,0x76,0x1E,
    0x02,0xD0,0x49,0x1E, 0x00,0xD9,0xED,0xE7,
    0x40,0xBC,0x09,0xE0, 0xFE,0xF7,0x78,0xFE,
    0x01,0x20,0x08,0x4F, 0x38,0x70,0x00,0x20,
    0x03,0x4E,0x30,0x70, 0xFF,0xF7,0xE5,0xFA,
    0x01,0xBC,0x86,0x46, 0xFF,0xBC,0x70,0x47,
    0xB7,0x03,0x00,0x00, 0xB8,0x03,0x00,0x00,
    0xC0,0x02,0x00,0x00, 0xB6,0x03,0x00,0x00,
    0x03,0xB4,0x00,0xB5, 0x00,0x20,0x17,0x48,
    0x01,0x70,0x17,0x48, 0x01,0x70,0x01,0xBC,
    0x86,0x46,0x03,0xBC, 0x70,0x47,0xFF,0xB4,
    0x00,0xB5,0x12,0x4F, 0x38,0x78,0x00,0x28,
    0x05,0xD1,0x03,0x20, 0xFF,0xF7,0x46,0xFA,
    0xFF,0xF7,0x9A,0xFF, 0x16,0xE0,0x01,0x28,
    0x02,0xD1,0x00,0xF0, 0x73,0xFA,0x11,0xE0,
    0x02,0x28,0x02,0xD1, 0x00,0xF0,0x16,0xF8,
    0x0C,0xE0,0x03,0x28, 0x02,0xD1,0x00,0xF0,
    0x5D,0xFC,0x07,0xE0, 0x04,0x28,0x02,0xD1,
    0x00,0xF0,0xB6,0xFC, 0x02,0xE0,0x05,0x28,
    0x00,0xD1,0xFF,0xE7, 0x01,0xBC,0x86,0x46,
    0xFF,0xBC,0x70,0x47, 0xB6,0x03,0x00,0x00,
    0xB7,0x03,0x00,0x00, 0xFF,0xB4,0x00,0xB5,
    0xA4,0x4E,0x30,0x78, 0x00,0x28,0x0E,0xD0,
    0x01,0x28,0x15,0xD0, 0x03,0x28,0x16,0xD0,
    0x04,0x28,0x17,0xD0, 0x05,0x28,0x1D,0xD0,
    0x06,0x28,0x29,0xD0, 0x09,0x28,0x35,0xD0,
    0x0A,0x28,0x38,0xD0, 0x39,0xE0,0x04,0x20,
    0xFF,0xF7,0x0C,0xFA, 0xFE,0xF7,0x14,0xFE,
    0x00,0xF0,0x3B,0xF8, 0x01,0x20,0x30,0x70,
    0x00,0xF0,0x45,0xF8, 0x2D,0xE0,0x04,0x20,
    0x30,0x70,0x2A,0xE0, 0x94,0x48,0x00,0x21,
    0x01,0x70,0xFF,0xF7, 0x6B,0xFE,0x05,0x20,
    0x30,0x70,0x22,0xE0, 0x06,0x20,0x30,0x70,
    0x00,0xF0,0xA0,0xFB, 0x00,0xF0,0x2C,0xF9,
    0x00,0xF0,0x47,0xF9, 0xFE,0xF7,0xB3,0xFE,
    0x04,0x20,0xFE,0xF7, 0x87,0xFF,0x14,0xE0,
    0x89,0x48,0x01,0x78, 0x00,0x29,0x03,0xD0,
    0x00,0xF0,0xA5,0xF8, 0x00,0x28,0x04,0xD0,
    0x00,0xF0,0xF3,0xF8, 0x02,0x20,0xFE,0xF7,
    0x79,0xFF,0x06,0xE0, 0x03,0x20,0xFE,0xF7,
    0x75,0xFF,0x0A,0x20, 0x30,0x70,0x00,0xF0,
    0xAF,0xF8,0xFF,0xF7, 0xD8,0xFC,0xFE,0xF7,
    0x96,0xFE,0x01,0xBC, 0x86,0x46,0xFF,0xBC,
    0x70,0x47,0x03,0xB4, 0x00,0xB5,0x00,0x21,
    0x7A,0x48,0x01,0x70, 0x7A,0x48,0x01,0x70,
    0x01,0x21,0x7A,0x48, 0x01,0x70,0x01,0xBC,
    0x86,0x46,0x03,0xBC, 0x70,0x47,0xFF,0xB4,
    0x00,0xB5,0x75,0x4D, 0x2E,0x78,0x75,0x4C,
    0x21,0x78,0x8E,0x42, 0x0F,0xD0,0x26,0x70,
    0xFE,0xF7,0xBE,0xFD, 0x02,0x2E,0x01,0xD1,
    0x2A,0x21,0x04,0xE0, 0x01,0x2E,0x01,0xD1,
    0x32,0x21,0x00,0xE0, 0x3A,0x21,0x20,0x20,
    0x1F,0x22,0xFE,0xF7, 0x8E,0xFE,0x20,0x20,
    0x20,0x21,0x42,0x22, 0xFE,0xF7,0xA5,0xFE,
    0x26,0x20,0x2A,0x21, 0x46,0x22,0xFE,0xF7,
    0xA0,0xFE,0x26,0x20, 0x32,0x21,0x47,0x22,
    0xFE,0xF7,0x9B,0xFE, 0x26,0x20,0x3A,0x21,
    0x48,0x22,0xFE,0xF7, 0x96,0xFE,0x62,0x48,
    0x01,0x78,0x10,0x22, 0x11,0x42,0x1F,0xD1,
    0x08,0x22,0x11,0x42, 0x23,0xD1,0x01,0x22,
    0x11,0x42,0x2C,0xD0, 0x00,0x2E,0x00,0xD1,
    0x24,0xE0,0x00,0x20, 0xFE,0xF7,0x1E,0xFF,
    0xFE,0xF7,0x8A,0xFD, 0x01,0x2E,0x0C,0xD1,
    0x00,0xF0,0x25,0xF8, 0x2A,0x20,0x23,0x21,
    0x4C,0x22,0xFE,0xF7, 0x7A,0xFE,0x23,0x20,
    0x2C,0x21,0x4E,0x22, 0xFE,0xF7,0x75,0xFE,
    0x15,0xE0,0x00,0xF0, 0x24,0xF8,0x12,0xE0,
    0x02,0x2E,0x10,0xD0, 0xFF,0xF7,0xCC,0xF9,
    0x76,0x1C,0x2E,0x70, 0x0B,0xE0,0x00,0x2E,
    0x04,0xD0,0xFF,0xF7, 0xC5,0xF9,0x76,0x1E,
    0x2E,0x70,0x04,0xE0, 0x00,0xF0,0x71,0xF8,
    0x02,0x20,0xFE,0xF7, 0xF7,0xFE,0x01,0xBC,
    0x86,0x46,0xFF,0xBC, 0x70,0x47,0x03,0xB4,
    0x00,0xB5,0x04,0x20, 0x43,0x49,0x08,0x70,
    0x00,0x20,0x3C,0x49, 0x08,0x70,0x01,0xBC,
    0x86,0x46,0x03,0xBC, 0x70,0x47,0x03,0xB4,
    0x00,0xB5,0x03,0x20, 0x3D,0x49,0x08,0x70,
    0x00,0x20,0x36,0x49, 0x08,0x70,0x01,0xBC,
    0x86,0x46,0x03,0xBC, 0x70,0x47,0x06,0xB4,
    0x00,0xB5,0xFE,0xF7, 0x45,0xFD,0x25,0x20,
    0x23,0x21,0x50,0x22, 0xFE,0xF7,0x70,0xFE,
    0x2D,0x20,0x37,0x21, 0x49,0x22,0xFE,0xF7,
    0x34,0xFE,0x31,0x48, 0x01,0x78,0x3F,0x22,
    0x00,0x20,0x11,0x42, 0x00,0xD0,0x01,0x20,
    0x02,0xBC,0x8E,0x46, 0x06,0xBC,0x70,0x47,
    0xFF,0xB4,0x00,0xB5, 0xFE,0xF7,0x2C,0xFD,
    0x26,0x20,0x2C,0x21, 0x44,0x22,0xFE,0xF7,
    0x20,0xFE,0x2D,0x20, 0x37,0x21,0x49,0x22,
    0xFE,0xF7,0x1B,0xFE, 0x24,0x48,0x01,0x78,
    0x3F,0x22,0x11,0x42, 0x04,0xD0,0x00,0xF0,
    0x24,0xF8,0x02,0x20, 0xFE,0xF7,0xAA,0xFE,
    0x01,0xBC,0x86,0x46, 0xFF,0xBC,0x70,0x47,
    0x07,0xB4,0x00,0xB5, 0x21,0x20,0x2C,0x21,
    0x4A,0x22,0xFE,0xF7, 0x06,0xFE,0x01,0xBC,
    0x86,0x46,0x07,0xBC, 0x70,0x47,0x07,0xB4,
    0x00,0xB5,0xFE,0xF7, 0x05,0xFD,0x2A,0x20,
    0x23,0x21,0x4C,0x22, 0xFE,0xF7,0xF9,0xFD,
    0x23,0x20,0x2C,0x21, 0x4E,0x22,0xFE,0xF7,
    0xF4,0xFD,0x01,0xBC, 0x86,0x46,0x07,0xBC,
    0x70,0x47,0x03,0xB4, 0x00,0xB5,0x01,0x20,
    0x0E,0x49,0x08,0x70, 0x00,0x20,0x07,0x49,
    0x08,0x70,0xFF,0xF7, 0x62,0xF9,0x0C,0x48,
    0x00,0x21,0x01,0x70, 0x0B,0x48,0x01,0x70,
    0x00,0xF0,0x4B,0xFC, 0x01,0xBC,0x86,0x46,
    0x03,0xBC,0x70,0x47, 0xB7,0x03,0x00,0x00,
    0xC1,0x03,0x00,0x00, 0xB0,0x03,0x00,0x00,
    0xD1,0x03,0x00,0x00, 0xD2,0x03,0x00,0x00,
    0xA9,0x03,0x00,0x00, 0xB6,0x03,0x00,0x00,
    0xCC,0x03,0x00,0x00, 0xB9,0x03,0x00,0x00,
    0x07,0xB4,0x00,0xB5, 0x03,0x20,0xFF,0xF7,
    0xC1,0xF8,0x01,0x20, 0x6B,0x49,0x00,0x22,
    0x00,0xF0,0xE6,0xFC, 0x00,0xF0,0x04,0xF8,
    0x01,0xBC,0x86,0x46, 0x07,0xBC,0x70,0x47,
    0x03,0xB4,0x00,0xB5, 0x00,0x21,0x66,0x48,
    0x01,0x70,0x66,0x48, 0x01,0x80,0x66,0x48,
    0x01,0x70,0x01,0xBC, 0x86,0x46,0x03,0xBC,
    0x70,0x47,0xFF,0xB4, 0x00,0xB5,0x62,0x48,
    0x00,0x78,0x00,0x28, 0x01,0xD0,0x01,0x28,
    0x3D,0xD0,0x60,0x48, 0x00,0x68,0x60,0x49,
    0x0B,0x78,0x00,0x2B, 0x03,0xD0,0x5F,0x4E,
    0x36,0x78,0x36,0x01, 0x0F,0xE0,0x5E,0x4E,
    0x36,0x78,0x76,0x1E, 0x5D,0x4D,0x2D,0x78,
    0x01,0x2D,0x01,0xD1, 0x06,0x26,0x02,0xE0,
    0x04,0x2E,0x00,0xD9, 0x05,0x26,0x35,0x1C,
    0xED,0x00,0xB6,0x00, 0x76,0x19,0x35,0x1C,
    0x40,0x19,0x4F,0x4F, 0x3D,0x78,0x2C,0x1C,
    0x2A,0x1C,0xA4,0x00, 0x00,0x19,0x04,0x68,
    0x21,0x1C,0x24,0x04, 0xA4,0x0B,0x09,0x0C,
    0x4A,0x48,0x01,0x80, 0x50,0x48,0x00,0x68,
    0xF6,0x00,0x80,0x19, 0x52,0x01,0x80,0x18,
    0x4E,0x49,0x09,0x68, 0x09,0x19,0x00,0xF0,
    0x1A,0xF8,0x4D,0x48, 0x00,0x78,0x6D,0x1C,
    0x85,0x42,0x00,0xD3, 0x00,0x25,0x3D,0x70,
    0x41,0x48,0x01,0x21, 0x01,0x70,0x3F,0x4A,
    0x13,0x88,0x00,0x2B, 0x02,0xD1,0x3E,0x48,
    0x00,0x21,0x01,0x70, 0x3C,0x48,0x01,0x21,
    0x01,0x78,0x5B,0x1E, 0x13,0x80,0x01,0xBC,
    0x86,0x46,0xFF,0xBC, 0x70,0x47,0x7F,0xB4,
    0x00,0xB5,0x20,0x22, 0x00,0x23,0x3F,0x4C,
    0x23,0x60,0x24,0x1D, 0x52,0x1E,0xFB,0xD1,
    0x00,0x22,0x3A,0x70, 0x7A,0x70,0xBA,0x70,
    0xFA,0x70,0x00,0x24, 0x00,0x25,0x00,0x26,
    0x04,0x68,0x3B,0x78, 0xDC,0x40,0x01,0x25,
    0x2C,0x42,0x04,0xD0, 0x00,0xF0,0x15,0xF8,
    0x7A,0x78,0x52,0x1C, 0x7A,0x70,0x5B,0x1C,
    0x20,0x2B,0x06,0xD1, 0x00,0x23,0x00,0x1D,
    0xBA,0x78,0x52,0x1C, 0xBA,0x70,0x08,0x2A,
    0x01,0xD0,0x3B,0x70, 0xE8,0xE7,0x00,0xF0,
    0x2D,0xF8,0x01,0xBC, 0x86,0x46,0x7F,0xBC,
    0x70,0x47,0xFF,0xB4, 0x00,0xB5,0x7C,0x78,
    0x22,0x1C,0x1D,0x23, 0x9C,0x40,0x1B,0x23,
    0xDC,0x40,0x03,0x23, 0xDA,0x40,0x02,0x23,
    0x9A,0x40,0x89,0x18, 0x0D,0x68,0xE5,0x40,
    0x0F,0x22,0x15,0x40, 0x3C,0x78,0x22,0x1C,
    0x1D,0x23,0x9C,0x40, 0x1B,0x23,0xDC,0x40,
    0x03,0x23,0xDA,0x40, 0x02,0x23,0x9A,0x40,
    0xBB,0x78,0x04,0x26, 0xB3,0x40,0xD2,0x18,
    0x1A,0x49,0x89,0x18, 0x0B,0x68,0xA5,0x40,
    0x2B,0x43,0x0B,0x60, 0x01,0xBC,0x86,0x46,
    0xFF,0xBC,0x70,0x47, 0xFF,0xB4,0x00,0xB5,
    0x14,0x48,0x15,0x49, 0x02,0x68,0x0A,0x60,
    0x1F,0x24,0x00,0x1D, 0x09,0x1D,0x03,0x68,
    0x53,0x40,0x0B,0x60, 0x1A,0x1C,0x64,0x1E,
    0xF7,0xD1,0x01,0xBC, 0x86,0x46,0xFF,0xBC,
    0x70,0x47,0x00,0x00, 0xD0,0x03,0x00,0x00,
    0xBC,0x03,0x00,0x00, 0x9A,0x03,0x00,0x00,
    0xBD,0x03,0x00,0x00, 0x8C,0x03,0x00,0x00,
    0xD3,0x03,0x00,0x00, 0xBB,0x03,0x00,0x00,
    0xCE,0x03,0x00,0x00, 0xD5,0x03,0x00,0x00,
    0x90,0x03,0x00,0x00, 0x94,0x03,0x00,0x00,
    0xD4,0x03,0x00,0x00, 0x40,0x02,0x00,0x00,
    0xC0,0x02,0x00,0x00, 0xFF,0xB4,0x00,0xB5,
    0xDA,0x4E,0x30,0x78, 0x00,0x28,0x06,0xD0,
    0x01,0x28,0x0E,0xD0, 0x02,0x28,0x4D,0xD0,
    0x03,0x28,0x68,0xD0, 0x70,0xE0,0xD6,0x48,
    0x00,0x21,0x01,0x70, 0xD5,0x48,0x01,0x21,
    0x01,0x70,0x00,0xF0, 0x26,0xFB,0x01,0x20,
    0x30,0x70,0x00,0xF0, 0xBE,0xF8,0xD2,0x4B,
    0x1A,0x78,0x14,0x1C, 0xD1,0x4D,0x28,0x78,
    0xD1,0x4D,0x29,0x78, 0x00,0x29,0x5B,0xD1,
    0x04,0x21,0x08,0x42, 0x10,0xD1,0x02,0x21,
    0x08,0x42,0x13,0xD1, 0x10,0x21,0x08,0x42,
    0x29,0xD1,0x09,0x21, 0x08,0x42,0x00,0xD1,
    0x4E,0xE0,0xFE,0xF7, 0xA5,0xFB,0x02,0x22,
    0x32,0x70,0x00,0xF0, 0x2C,0xF9,0x47,0xE0,
    0x00,0x2A,0x01,0xD1, 0xC5,0x4A,0x12,0x78,
    0x52,0x1E,0x05,0xE0, 0x52,0x1C,0xC3,0x48,
    0x01,0x78,0x8A,0x42, 0x00,0xD1,0x00,0x22,
    0xC1,0x48,0x01,0x21, 0x01,0x60,0xA2,0x42,
    0x36,0xD0,0x1A,0x70, 0xB9,0x48,0x01,0x78,
    0xB7,0x48,0x02,0x70, 0x00,0xF0,0xED,0xFA,
    0x91,0x42,0x2D,0xD0, 0xFE,0xF7,0xDC,0xFF,
    0xFE,0xF7,0x82,0xFB, 0x28,0xE0,0x03,0x20,
    0x30,0x70,0x25,0xE0, 0xB3,0x4D,0x2A,0x78,
    0x3F,0x21,0x0A,0x42, 0x06,0xD1,0xB5,0x48,
    0x01,0x78,0x00,0x29, 0x02,0xD1,0xFF,0xF7,
    0xC0,0xFE,0x19,0xE0, 0xB0,0x48,0x01,0x21,
    0x01,0x60,0xFE,0xF7, 0x6D,0xFB,0x01,0x20,
    0x30,0x70,0x00,0xF0, 0xCE,0xFA,0xFE,0xF7,
    0xDC,0xFF,0x00,0xF0, 0x66,0xF8,0x02,0x20,
    0xFE,0xF7,0xF4,0xFC, 0x08,0xE0,0x00,0x20,
    0xFE,0xF7,0xF0,0xFC, 0x02,0x20,0xA8,0x4F,
    0x38,0x70,0x00,0x20, 0x9D,0x4E,0x30,0x70,
    0x01,0xBC,0x86,0x46, 0xFF,0xBC,0x70,0x47,
    0xFF,0xB4,0x00,0xB5, 0x9A,0x48,0x01,0x78,
    0x0A,0x1C,0x49,0x00, 0x89,0x18,0x89,0x00,
    0xA0,0x4B,0x1B,0x1D, 0x5B,0x18,0x00,0x24,
    0x3F,0x26,0x20,0x20, 0x00,0x27,0x00,0x25,
    0xC0,0x19,0x07,0x1C, 0x41,0x2A,0x00,0xD0,
    0x3C,0x1C,0x29,0x1C, 0x89,0x00,0x2A,0x1C,
    0x52,0x00,0x89,0x18, 0x1A,0x68,0xCA,0x40,
    0x32,0x40,0x1F,0x2A, 0x00,0xD1,0x41,0x22,
    0x21,0x21,0xFE,0xF7, 0x0E,0xFC,0x6D,0x1C,
    0x05,0x2D,0xE9,0xD1, 0x3F,0x18,0x1B,0x1D,
    0x3F,0x26,0x00,0x20, 0x00,0x25,0xC0,0x19,
    0x07,0x1C,0x41,0x2A, 0x00,0xD0,0x3C,0x1C,
    0x29,0x1C,0x89,0x00, 0x2A,0x1C,0x52,0x00,
    0x89,0x18,0x1A,0x68, 0xCA,0x40,0x32,0x40,
    0x1F,0x2A,0x00,0xD1, 0x41,0x22,0x21,0x21,
    0xFE,0xF7,0xF3,0xFB, 0x6D,0x1C,0x03,0x2D,
    0xE9,0xD1,0x41,0x2A, 0x00,0xD0,0x24,0x18,
    0x40,0x21,0x09,0x1B, 0x49,0x08,0x05,0x23,
    0x81,0x48,0x00,0x1D, 0x02,0x68,0x8A,0x40,
    0x02,0x60,0x00,0x1D, 0x5B,0x1E,0x00,0x2B,
    0xF8,0xD1,0x01,0xBC, 0x86,0x46,0xFF,0xBC,
    0x70,0x47,0xFF,0xB4, 0x00,0xB5,0x00,0x24,
    0x6F,0x48,0x07,0x78, 0x6F,0x4A,0x13,0x78,
    0x17,0x70,0x9F,0x42, 0x21,0xD0,0x01,0x24,
    0x00,0x21,0x76,0x48, 0x01,0x70,0x40,0x21,
    0x75,0x48,0x01,0x70, 0xFE,0xF7,0xEC,0xFA,
    0xFF,0xF7,0x96,0xFF, 0x00,0x2F,0x0A,0xD0,
    0x20,0x20,0x35,0x21, 0x39,0x22,0xFE,0xF7,
    0x13,0xFC,0x33,0x20, 0x3B,0x21,0x3A,0x1C,
    0xFE,0xF7,0xBB,0xFB, 0x1A,0xE0,0x6D,0x48,
    0x08,0x30,0x01,0x68, 0x89,0x00,0x09,0x0E,
    0x63,0x29,0x00,0xD9, 0x63,0x21,0x6A,0x48,
    0x01,0x70,0x6A,0x48, 0x01,0x78,0x00,0x2F,
    0x0C,0xD1,0x01,0x29, 0x00,0xD0,0x07,0xE0,
    0x3D,0x22,0x01,0x2C, 0x06,0xD1,0x21,0x20,
    0x35,0x21,0xFE,0xF7, 0xF5,0xFB,0x01,0xE0,
    0x00,0xF0,0xA4,0xF9, 0x5E,0x48,0x05,0x78,
    0x3F,0x20,0x05,0x42, 0x43,0xD1,0x0D,0x20,
    0x59,0x49,0x1C,0x31, 0x00,0x22,0x0A,0x60,
    0x09,0x1D,0x40,0x1E, 0x00,0x28,0xFA,0xD1,
    0x56,0x48,0x01,0x78, 0x01,0x22,0x51,0x40,
    0x01,0x70,0x11,0x42, 0x21,0xD1,0x00,0x2F,
    0x14,0xD1,0x21,0x20, 0x28,0x21,0x35,0x22,
    0xFE,0xF7,0x9F,0xFB, 0x21,0x20,0x2E,0x21,
    0x36,0x22,0xFE,0xF7, 0x9A,0xFB,0x28,0x21,
    0x51,0x4A,0x12,0x78, 0x00,0xF0,0x68,0xF8,
    0x2E,0x21,0x4D,0x4A, 0x12,0x78,0x00,0xF0,
    0x63,0xF8,0x09,0xE0, 0x21,0x20,0x2B,0x21,
    0x35,0x22,0xFE,0xF7, 0x8A,0xFB,0x2B,0x21,
    0x49,0x4A,0x12,0x78, 0x00,0xF0,0x58,0xF8,
    0x05,0xE0,0x20,0x20, 0x28,0x21,0x47,0x4B,
    0x1A,0x78,0xFE,0xF7, 0xB5,0xFB,0x0D,0x20,
    0x3D,0x49,0x1C,0x31, 0x00,0x22,0x52,0x1E,
    0x0B,0x68,0x53,0x40, 0x0B,0x60,0x09,0x1D,
    0x40,0x1E,0x00,0x28, 0xF8,0xD1,0x01,0xBC,
    0x86,0x46,0xFF,0xBC, 0x70,0x47,0xFF,0xB4,
    0x00,0xB5,0x2E,0x4D, 0x28,0x78,0x08,0x21,
    0x08,0x42,0x02,0xD0, 0x00,0xF0,0x0E,0xF8,
    0x01,0xE0,0x00,0xF0, 0x20,0xF8,0xFF,0xF7,
    0x97,0xFD,0xFF,0xF7, 0xB2,0xFD,0x00,0x20,
    0xFE,0xF7,0xF4,0xFB, 0x01,0xBC,0x86,0x46,
    0xFF,0xBC,0x70,0x47, 0x03,0xB4,0x00,0xB5,
    0x31,0x48,0x00,0x21, 0x01,0x70,0x31,0x48,
    0x31,0x49,0x01,0x60, 0x31,0x48,0x32,0x49,
    0x01,0x60,0x32,0x48, 0x32,0x49,0x01,0x60,
    0x32,0x48,0x03,0x21, 0x01,0x70,0x01,0xBC,
    0x86,0x46,0x03,0xBC, 0x70,0x47,0x03,0xB4,
    0x00,0xB5,0x27,0x48, 0x01,0x21,0x01,0x70,
    0x26,0x48,0x2D,0x49, 0x01,0x60,0x27,0x48,
    0x2C,0x49,0x01,0x60, 0x27,0x48,0x2C,0x49,
    0x01,0x60,0x28,0x48, 0x04,0x21,0x01,0x70,
    0x01,0xBC,0x86,0x46, 0x03,0xBC,0x70,0x47,
    0xFF,0xB4,0x00,0xB5, 0x13,0x1C,0x00,0x22,
    0x0A,0x2B,0x02,0xD3, 0x0A,0x3B,0x52,0x1C,
    0xFA,0xE7,0x00,0x2A, 0x02,0xD0,0x38,0x20,
    0xFE,0xF7,0x03,0xFB, 0x3C,0x20,0x1A,0x1C,
    0xFE,0xF7,0xFF,0xFA, 0x01,0xBC,0x86,0x46,
    0xFF,0xBC,0x70,0x47, 0xB7,0x03,0x00,0x00,
    0xCC,0x03,0x00,0x00, 0xCD,0x03,0x00,0x00,
    0xB9,0x03,0x00,0x00, 0xA9,0x03,0x00,0x00,
    0xCB,0x03,0x00,0x00, 0xCE,0x03,0x00,0x00,
    0x88,0x03,0x00,0x00, 0xA7,0x03,0x00,0x00,
    0xB6,0x03,0x00,0x00, 0x80,0x7F,0x00,0x02,
    0xC0,0x02,0x00,0x00, 0xB0,0x03,0x00,0x00,
    0xB2,0x03,0x00,0x00, 0x00,0x7F,0x00,0x02,
    0xB5,0x03,0x00,0x00, 0xD5,0x03,0x00,0x00,
    0xB4,0x03,0x00,0x00, 0xBB,0x03,0x00,0x00,
    0xD3,0x03,0x00,0x00, 0x8C,0x03,0x00,0x00,
    0xB4,0x36,0x00,0x02, 0x90,0x03,0x00,0x00,
    0x28,0x30,0x00,0x02, 0x94,0x03,0x00,0x00,
    0xC8,0x32,0x00,0x02, 0xD4,0x03,0x00,0x00,
    0x80,0x72,0x00,0x02, 0x08,0x37,0x00,0x02,
    0x08,0x4F,0x00,0x02, 0xFF,0xB4,0x00,0xB5,
    0x27,0x4E,0x30,0x78, 0x00,0x28,0x04,0xD0,
    0x01,0x28,0x07,0xD0, 0x02,0x28,0x33,0xD0,
    0x41,0xE0,0xFF,0xF7, 0xC1,0xFC,0x01,0x20,
    0x30,0x70,0x3C,0xE0, 0x07,0x21,0x21,0x48,
    0x01,0x70,0x21,0x48, 0x21,0x49,0x08,0x60,
    0xFF,0xF7,0xCE,0xF9, 0x20,0x48,0x01,0x78,
    0x00,0x29,0x1C,0xD1, 0x1F,0x48,0x01,0x78,
    0x00,0x29,0x18,0xD0, 0x01,0x29,0xF5,0xD0,
    0x02,0x29,0x02,0xD0, 0x03,0x29,0xF1,0xD0,
    0x13,0xE0,0xFE,0xF7, 0xB9,0xF9,0x2A,0x20,
    0x23,0x21,0x4C,0x22, 0xFE,0xF7,0xAD,0xFA,
    0x20,0x20,0x2C,0x21, 0x4D,0x22,0xFE,0xF7,
    0xA8,0xFA,0xFE,0xF7, 0x68,0xFA,0x13,0x48,
    0x03,0x21,0x01,0x70, 0xDE,0xE7,0x02,0x20,
    0x30,0x70,0xFF,0xF7, 0xE9,0xF9,0x0E,0xE0,
    0xFF,0xF7,0x42,0xFA, 0x00,0x28,0x06,0xD0,
    0xFF,0xF7,0xC7,0xFB, 0x02,0x20,0x38,0x70,
    0x09,0x20,0x30,0x70, 0x03,0xE0,0x02,0x20,
    0x38,0x70,0x03,0x20, 0x30,0x70,0x01,0xBC,
    0x86,0x46,0xFF,0xBC, 0x70,0x47,0x00,0x00,
    0xB7,0x03,0x00,0x00, 0xC0,0x03,0x00,0x00,
    0x24,0x02,0x00,0x00, 0x20,0x02,0x00,0x00,
    0xCB,0x03,0x00,0x00, 0xA6,0x03,0x00,0x00,
    0xFF,0xB4,0x00,0xB5, 0x28,0x4E,0x30,0x78,
    0x00,0x28,0x06,0xD0, 0x01,0x28,0x09,0xD0,
    0x02,0x28,0x26,0xD0, 0x03,0x28,0x37,0xD0,
    0x41,0xE0,0xFF,0xF7, 0x6C,0xFC,0x01,0x20,
    0x30,0x70,0x3C,0xE0, 0x07,0x22,0x21,0x4B,
    0x1A,0x70,0x21,0x48, 0x21,0x49,0x09,0x1D,
    0xFE,0xF7,0x96,0xFD, 0x01,0x21,0x20,0x48,
    0x01,0x70,0xFF,0xF7, 0x33,0xFA,0xFF,0xF7,
    0x19,0xF9,0x1E,0x48, 0x01,0x78,0x00,0x29,
    0x04,0xD1,0x1B,0x48, 0x01,0x78,0x00,0x29,
    0x00,0xD0,0xF6,0xE7, 0xFF,0xF7,0x3E,0xF9,
    0x02,0x20,0x30,0x70, 0x18,0x48,0x01,0x68,
    0x1D,0xE0,0xFE,0xF7, 0x51,0xF9,0x23,0x20,
    0x2C,0x21,0x43,0x22, 0xFE,0xF7,0x45,0xFA,
    0x2D,0x20,0x37,0x21, 0x49,0x22,0xFE,0xF7,
    0x40,0xFA,0x12,0x48, 0x01,0x78,0x3F,0x22,
    0x11,0x42,0x0C,0xD0, 0x03,0x20,0x30,0x70,
    0x0F,0x48,0x01,0x78, 0x49,0x1E,0x01,0x70,
    0x00,0x29,0x04,0xD1, 0xFF,0xF7,0x41,0xFC,
    0x02,0x20,0xFE,0xF7, 0xC7,0xFA,0x01,0xBC,
    0x86,0x46,0xFF,0xBC, 0x70,0x47,0x00,0x00,
    0xB7,0x03,0x00,0x00, 0xC0,0x03,0x00,0x00,
    0x80,0x7F,0x00,0x02, 0x40,0x02,0x00,0x00,
    0xA6,0x03,0x00,0x00, 0xCB,0x03,0x00,0x00,
    0x08,0x00,0x00,0x0A, 0xA9,0x03,0x00,0x00,
    0xD7,0x03,0x00,0x00, 0xFF,0xB4,0x00,0xB5,
    0x50,0x48,0x04,0x68, 0x50,0x4A,0x13,0x68,
    0x9C,0x42,0x76,0xD0, 0x03,0x60,0x0C,0x25,
    0x4E,0x4E,0x50,0x36, 0x00,0x27,0x37,0x60,
    0x36,0x1D,0x6D,0x1E, 0x00,0x2D,0xFA,0xD1,
    0x35,0x21,0x00,0x2B, 0x06,0xD1,0x21,0x20,
    0x3E,0x22,0xFE,0xF7, 0x35,0xFA,0xFE,0xF7,
    0x9D,0xFE,0x62,0xE0, 0x46,0x4F,0x3E,0x68,
    0x00,0x22,0xB3,0x42, 0x02,0xD3,0x9B,0x1B,
    0x52,0x1C,0xFA,0xE7, 0x00,0x2A,0x04,0xD1,
    0x21,0x20,0x3C,0x22, 0xFE,0xF7,0xED,0xF9,
    0x0F,0xE0,0x21,0x20, 0xFE,0xF7,0xCD,0xF9,
    0x01,0x2A,0x04,0xD9, 0x25,0x20,0x3A,0x22,
    0xFE,0xF7,0xE3,0xF9, 0x05,0xE0,0x01,0x2A,
    0x03,0xD1,0x25,0x20, 0x3B,0x22,0xFE,0xF7,
    0xDC,0xF9,0x3F,0x1D, 0x3E,0x68,0x00,0x22,
    0xB3,0x42,0x02,0xD3, 0x9B,0x1B,0x52,0x1C,
    0xFA,0xE7,0x24,0x20, 0x3B,0x21,0xFE,0xF7,
    0xB4,0xF9,0x3F,0x1D, 0x3E,0x68,0x00,0x22,
    0xB3,0x42,0x02,0xD3, 0x9B,0x1B,0x52,0x1C,
    0xFA,0xE7,0x28,0x20, 0xFE,0xF7,0xA9,0xF9,
    0x2C,0x20,0x0F,0x22, 0xFE,0xF7,0xA5,0xF9,
    0x3F,0x1D,0x3E,0x68, 0x00,0x22,0xB3,0x42,
    0x02,0xD3,0x9B,0x1B, 0x52,0x1C,0xFA,0xE7,
    0x2E,0x20,0xFE,0xF7, 0x9A,0xF9,0x3F,0x1D,
    0x3C,0x26,0x00,0x22, 0xB3,0x42,0x02,0xD3,
    0x9B,0x1B,0x52,0x1C, 0xFA,0xE7,0x32,0x20,
    0xFE,0xF7,0x8F,0xF9, 0x36,0x20,0x0F,0x22,
    0xFE,0xF7,0x8B,0xF9, 0x3F,0x1D,0x0A,0x26,
    0x00,0x22,0xB3,0x42, 0x02,0xD3,0x9B,0x1B,
    0x52,0x1C,0xFA,0xE7, 0x38,0x20,0xFE,0xF7,
    0x80,0xF9,0x1A,0x1C, 0x3C,0x20,0xFE,0xF7,
    0x7C,0xF9,0x01,0xBC, 0x86,0x46,0xFF,0xBC,
    0x70,0x47,0x1F,0xB4, 0x00,0xB5,0x13,0x48,
    0x01,0x78,0x49,0x1C, 0x12,0x4A,0x11,0x70,
    0x12,0x48,0x02,0x78, 0x13,0x1C,0x14,0x1C,
    0x5B,0x00,0x1B,0x19, 0x9B,0x00,0x10,0x49,
    0x08,0x31,0xC9,0x18, 0x0A,0x68,0x11,0x1C,
    0x12,0x02,0x92,0x0E, 0x0D,0x48,0x02,0x70,
    0x09,0x0E,0x63,0x29, 0x00,0xD9,0x63,0x21,
    0x0B,0x48,0x01,0x70, 0x01,0xBC,0x86,0x46,
    0x1F,0xBC,0x70,0x47, 0x88,0x03,0x00,0x00,
    0x84,0x03,0x00,0x00, 0xC0,0x02,0x00,0x00,
    0x6C,0x7B,0x00,0x02, 0xCC,0x03,0x00,0x00,
    0xCD,0x03,0x00,0x00, 0xB9,0x03,0x00,0x00,
    0x80,0x7F,0x00,0x02, 0xBB,0x03,0x00,0x00,
    0xB4,0x03,0x00,0x00, 0x98,0xB4,0x00,0xB5,
    0x04,0x1C,0x00,0xF0, 0x73,0xF8,0x20,0x1C,
    0x00,0x23,0x00,0xF0, 0x95,0xF8,0x53,0x4F,
    0x20,0x1C,0x40,0x00, 0x38,0x18,0x00,0x23,
    0x03,0x70,0x43,0x70, 0x00,0x2C,0x00,0xD1,
    0x07,0x20,0x01,0x2C, 0x00,0xD1,0x08,0x20,
    0x02,0x2C,0x00,0xD1, 0x0D,0x20,0x4C,0x49,
    0x00,0xF0,0xDC,0xF9, 0x20,0x1C,0x00,0xF0,
    0x29,0xF8,0x20,0x1C, 0x00,0xF0,0x48,0xF8,
    0x80,0xBC,0xBE,0x46, 0x98,0xBC,0x70,0x47,
    0xFF,0xB4,0x00,0xB5, 0x43,0x4F,0x40,0x00,
    0x38,0x18,0x05,0x78, 0x46,0x78,0xAE,0x1B,
    0x42,0x4A,0x11,0x68, 0x04,0x78,0xA5,0x42,
    0xFA,0xD0,0x44,0x70, 0x30,0x1C,0xFF,0x26,
    0x30,0x40,0x80,0xBC, 0xBE,0x46,0xFF,0xBC,
    0x70,0x47,0x18,0xB4, 0x00,0xB5,0x04,0x1C,
    0x00,0xF0,0x38,0xF8, 0x20,0x1C,0x00,0x23,
    0x00,0xF0,0x5A,0xF8, 0x10,0xBC,0xA6,0x46,
    0x18,0xBC,0x70,0x47, 0xC0,0xB4,0x00,0xB5,
    0xA0,0x27,0x3F,0x05, 0x80,0x26,0x00,0x28,
    0x03,0xD0,0x76,0x00, 0x01,0x28,0x00,0xD0,
    0x76,0x01,0x3E,0x61, 0xBE,0x60,0x80,0xBC,
    0xBE,0x46,0xC0,0xBC, 0x70,0x47,0xC0,0xB4,
    0x00,0xB5,0xA0,0x27, 0x3F,0x05,0x80,0x26,
    0x00,0x28,0x03,0xD0, 0x76,0x00,0x01,0x28,
    0x00,0xD0,0x76,0x01, 0xFE,0x60,0x3E,0x61,
    0x80,0xBC,0xBE,0x46, 0xC0,0xBC,0x70,0x47,
    0xE0,0xB4,0x00,0xB5, 0xA8,0x27,0x3F,0x05,
    0x00,0x01,0x3F,0x18, 0xBE,0x68,0x04,0x25,
    0x2E,0x43,0xBE,0x60, 0x80,0xBC,0xBE,0x46,
    0xE0,0xBC,0x70,0x47, 0xE0,0xB4,0x00,0xB5,
    0xA8,0x27,0x3F,0x05, 0x00,0x01,0x3F,0x18,
    0xBE,0x68,0x04,0x25, 0xAE,0x43,0xBE,0x60,
    0x80,0xBC,0xBE,0x46, 0xE0,0xBC,0x70,0x47,
    0x18,0xB4,0x00,0xB5, 0x04,0x1C,0xFF,0xF7,
    0xED,0xFF,0x20,0x1C, 0x01,0x23,0x00,0xF0,
    0x0F,0xF8,0x10,0xBC, 0xA6,0x46,0x18,0xBC,
    0x70,0x47,0x80,0xB4, 0x00,0xB5,0xA8,0x27,
    0x3F,0x05,0x00,0x01, 0x3F,0x18,0x78,0x68,
    0x80,0xBC,0xBE,0x46, 0x80,0xBC,0x70,0x47,
    0xC0,0xB4,0x00,0xB5, 0xA8,0x27,0x3F,0x05,
    0x00,0x01,0x3F,0x18, 0x39,0x60,0x04,0x26,
    0x00,0x2B,0x01,0xD0, 0x32,0x43,0x00,0xE0,
    0xB2,0x43,0xBA,0x60, 0x80,0xBC,0xBE,0x46,
    0xC0,0xBC,0x70,0x47, 0xA0,0x03,0x00,0x00,
    0xE3,0x05,0x00,0x02, 0x08,0x00,0x00,0x0A,
    0x1F,0xB4,0x00,0xB5, 0x95,0x4B,0x1C,0x78,
    0x00,0x2C,0x11,0xD1, 0x94,0x48,0x95,0x49,
    0x20,0x22,0xFE,0xF7, 0xD1,0xFB,0x93,0x48,
    0x08,0x30,0x02,0x68, 0x92,0x0D,0x92,0x05,
    0x91,0x49,0x09,0x68, 0x0A,0x43,0x02,0x60,
    0x8D,0x48,0x8E,0x49, 0xFE,0xF7,0xD1,0xFB,
    0x01,0xBC,0x86,0x46, 0x1F,0xBC,0x70,0x47,
    0xFF,0xB4,0x00,0xB5, 0x8A,0x4E,0x88,0x4A,
    0x12,0x1D,0x17,0x68, 0x86,0x4A,0x08,0x32,
    0x13,0x68,0x9B,0x02, 0x9B,0x0A,0x33,0x60,
    0x1C,0x1C,0xE4,0x19, 0x82,0x48,0x83,0x49,
    0x20,0x22,0xFE,0xF7, 0xAD,0xFB,0x00,0xF0,
    0x28,0xF8,0x80,0x49, 0x09,0x1D,0x08,0x60,
    0xA0,0x42,0x12,0xD8, 0xB8,0x42,0x06,0xD2,
    0x7C,0x49,0x08,0x31, 0x08,0x68,0x80,0x02,
    0x80,0x0A,0x30,0x60, 0x11,0xE0,0x24,0x1A,
    0x34,0x60,0x78,0x49, 0x08,0x31,0x0A,0x68,
    0x92,0x0D,0x92,0x05, 0x14,0x43,0x0C,0x60,
    0x07,0xE0,0x00,0x21, 0x31,0x60,0x73,0x4A,
    0x08,0x32,0x11,0x68, 0x89,0x0D,0x89,0x05,
    0x11,0x60,0x6F,0x48, 0x6F,0x49,0xFE,0xF7,
    0x94,0xFB,0x01,0xBC, 0x86,0x46,0xFF,0xBC,
    0x70,0x47,0x0E,0xB4, 0x00,0xB5,0x6D,0x4A,
    0x10,0x68,0x03,0x1C, 0x10,0x68,0x98,0x42,
    0xFB,0xD1,0x6B,0x4A, 0x11,0x68,0x0B,0x1C,
    0x11,0x68,0x99,0x42, 0xFB,0xD1,0x00,0xF0,
    0x18,0xF8,0x02,0xBC, 0x8E,0x46,0x0E,0xBC,
    0x70,0x47,0xFE,0xB4, 0x00,0xB5,0x00,0xF0,
    0x10,0xF8,0x02,0x1C, 0x08,0x1C,0x00,0xF0,
    0x0C,0xF8,0x03,0x1C, 0x9A,0x42,0x02,0xD8,
    0x9B,0x1A,0x18,0x1C, 0x01,0xE0,0x00,0x20,
    0x40,0x1E,0x02,0xBC, 0x8E,0x46,0xFE,0xBC,
    0x70,0x47,0xFE,0xB4, 0x00,0xB5,0x00,0xF0,
    0x4A,0xF8,0x5A,0x4D, 0x2C,0x68,0x00,0x22,
    0x01,0x26,0x10,0x23, 0x30,0x42,0x00,0xD0,
    0x12,0x19,0x5B,0x1E, 0x02,0xD0,0x40,0x08,
    0x64,0x00,0xF7,0xE7, 0x08,0x1C,0x2D,0x1D,
    0x2C,0x68,0x00,0x0D, 0x03,0x26,0x30,0x40,
    0x00,0x28,0x02,0xD0, 0x40,0x1E,0x12,0x19,
    0xFA,0xE7,0x08,0x1C, 0x2D,0x1D,0x2C,0x68,
    0x00,0x0C,0x0F,0x26, 0x30,0x40,0x00,0x28,
    0x02,0xD0,0x40,0x1E, 0x12,0x19,0xFA,0xE7,
    0x08,0x1C,0x2D,0x1D, 0x2C,0x68,0x00,0x0B,
    0x07,0x26,0x30,0x40, 0x00,0x28,0x02,0xD0,
    0x40,0x1E,0x12,0x19, 0xFA,0xE7,0x08,0x1C,
    0x3C,0x24,0x00,0x0A, 0x0F,0x26,0x30,0x40,
    0x00,0x28,0x02,0xD0, 0x40,0x1E,0x12,0x19,
    0xFA,0xE7,0x08,0x1C, 0x0A,0x24,0x00,0x09,
    0x07,0x26,0x30,0x40, 0x00,0x28,0x02,0xD0,
    0x40,0x1E,0x12,0x19, 0xFA,0xE7,0x08,0x1C,
    0x0F,0x26,0x30,0x40, 0x80,0x18,0x02,0xBC,
    0x8E,0x46,0xFE,0xBC, 0x70,0x47,0xFE,0xB4,
    0x00,0xB5,0x35,0x4B, 0x35,0x49,0x1A,0x68,
    0x0A,0x60,0x1B,0x1D, 0x09,0x1D,0x1A,0x68,
    0x0A,0x60,0x1B,0x1D, 0x09,0x1D,0x1A,0x68,
    0x0A,0x60,0x00,0x27, 0x00,0x24,0x00,0x21,
    0x02,0x1C,0x12,0x0C, 0xFF,0x26,0x32,0x40,
    0x99,0x2A,0x18,0xD0, 0x0F,0x26,0x02,0x1C,
    0x12,0x0D,0x32,0x40, 0x00,0x2A,0x02,0xD0,
    0x0A,0x31,0x52,0x1E, 0xFA,0xE7,0x02,0x1C,
    0x12,0x0C,0x32,0x40, 0x89,0x18,0x0F,0x1C,
    0xBF,0x08,0x25,0x4B, 0x1B,0x68,0x0A,0x1C,
    0x52,0x1C,0x00,0x2A, 0x02,0xD0,0x52,0x1E,
    0xE4,0x18,0xFA,0xE7, 0xE4,0x19,0x00,0x23,
    0x10,0x22,0x12,0x02, 0x10,0x42,0x00,0xD0,
    0x0A,0x23,0x07,0x1C, 0x3F,0x0A,0x0F,0x26,
    0x37,0x40,0xDB,0x19, 0x5B,0x1E,0x00,0x22,
    0x03,0x26,0x31,0x40, 0x00,0x29,0x02,0xD1,
    0x02,0x2B,0x00,0xD3, 0x01,0x22,0x15,0x4D,
    0x00,0x2B,0x04,0xD0, 0x5B,0x1E,0x2E,0x78,
    0x6D,0x1C,0x92,0x19, 0xF8,0xE7,0x12,0x19,
    0x00,0x21,0x07,0x1C, 0x3F,0x09,0x0F,0x26,
    0x37,0x40,0x00,0x2F, 0x02,0xD0,0x7F,0x1E,
    0x0A,0x31,0xFA,0xE7, 0x52,0x18,0x30,0x40,
    0x80,0x18,0x40,0x1E, 0x02,0xBC,0x8E,0x46,
    0xFE,0xBC,0x70,0x47, 0xCB,0x03,0x00,0x00,
    0x00,0x7F,0x00,0x02, 0x40,0x02,0x00,0x00,
    0x84,0x03,0x00,0x00, 0x0C,0x00,0x80,0x0B,
    0x08,0x00,0x80,0x0B, 0x6C,0x7B,0x00,0x02,
    0x7C,0x7B,0x00,0x02, 0x14,0x02,0x00,0x00,
    0x88,0x7B,0x00,0x02, 0x78,0x47,0x00,0x00,
    0xBC,0xF5,0xFF,0xEA, 0x00,0xC0,0x9F,0xE5,
    0x1C,0xFF,0x2F,0xE1, 0x87,0x16,0x00,0x02,
    0x00,0xC0,0x9F,0xE5, 0x1C,0xFF,0x2F,0xE1,
    0x09,0x15,0x00,0x02, 0x00,0xC0,0x9F,0xE5,
    0x1C,0xFF,0x2F,0xE1, 0xEB,0x10,0x00,0x02,
    0x00,0xC0,0x9F,0xE5, 0x1C,0xFF,0x2F,0xE1,
    0x35,0x27,0x00,0x02, 0x00,0xC0,0x9F,0xE5,
    0x1C,0xFF,0x2F,0xE1, 0xAB,0x27,0x00,0x02,
    0x00,0xC0,0x9F,0xE5, 0x1C,0xFF,0x2F,0xE1,
    0xC5,0x27,0x00,0x02, 0x00,0xC0,0x9F,0xE5,
    0x1C,0xFF,0x2F,0xE1, 0x41,0x12,0x00,0x02,
    0x00,0xC0,0x9F,0xE5, 0x1C,0xFF,0x2F,0xE1,
    0xB5,0x12,0x00,0x02, 0x00,0xC0,0x9F,0xE5,
    0x1C,0xFF,0x2F,0xE1, 0xD9,0x28,0x00,0x02,
    0x00,0xC0,0x9F,0xE5, 0x1C,0xFF,0x2F,0xE1,
    0xED,0x0F,0x00,0x02, 0x00,0xC0,0x9F,0xE5,
    0x1C,0xFF,0x2F,0xE1, 0xD1,0x06,0x00,0x02,
    0x00,0xC0,0x9F,0xE5, 0x1C,0xFF,0x2F,0xE1,
    0x35,0x13,0x00,0x02, 0x00,0xC0,0x9F,0xE5,
    0x1C,0xFF,0x2F,0xE1, 0xBD,0x07,0x00,0x02,
    0x00,0xC0,0x9F,0xE5, 0x1C,0xFF,0x2F,0xE1,
    0x5F,0x0B,0x00,0x02, 0x00,0xC0,0x9F,0xE5,
    0x1C,0xFF,0x2F,0xE1, 0x4F,0x1B,0x00,0x02,
    0x00,0xC0,0x9F,0xE5, 0x1C,0xFF,0x2F,0xE1,
    0x33,0x11,0x00,0x02, 0x00,0xC0,0x9F,0xE5,
    0x1C,0xFF,0x2F,0xE1, 0x15,0x07,0x00,0x02,
    0x00,0xC0,0x9F,0xE5, 0x1C,0xFF,0x2F,0xE1,
    0x3F,0x07,0x00,0x02, 0x00,0xC0,0x9F,0xE5,
    0x1C,0xFF,0x2F,0xE1, 0xF7,0x15,0x00,0x02,
    0x00,0xC0,0x9F,0xE5, 0x1C,0xFF,0x2F,0xE1,
    0x77,0x09,0x00,0x02, 0x00,0xC0,0x9F,0xE5,
    0x1C,0xFF,0x2F,0xE1, 0x81,0x27,0x00,0x02,
    0x00,0xC0,0x9F,0xE5, 0x1C,0xFF,0x2F,0xE1,
    0x59,0x07,0x00,0x02, 0x00,0xC0,0x9F,0xE5,
    0x1C,0xFF,0x2F,0xE1, 0x45,0x15,0x00,0x02,
    0x00,0xC0,0x9F,0xE5, 0x1C,0xFF,0x2F,0xE1,
    0xA1,0x28,0x00,0x02, 0x00,0xC0,0x9F,0xE5,
    0x1C,0xFF,0x2F,0xE1, 0x53,0x1C,0x00,0x02,
    0x00,0xC0,0x9F,0xE5, 0x1C,0xFF,0x2F,0xE1,
    0x81,0x1E,0x00,0x02, 0x00,0xC0,0x9F,0xE5,
    0x1C,0xFF,0x2F,0xE1, 0x01,0x08,0x00,0x02,
    0x00,0xC0,0x9F,0xE5, 0x1C,0xFF,0x2F,0xE1,
    0x25,0x0B,0x00,0x02, 0x00,0xC0,0x9F,0xE5,
    0x1C,0xFF,0x2F,0xE1, 0xDF,0x07,0x00,0x02,
    0x00,0xC0,0x9F,0xE5, 0x1C,0xFF,0x2F,0xE1,
    0x13,0x1E,0x00,0x02, 0x04,0x04,0x04,0x04,
    0x04,0x04,0x04,0x04, 0x04,0x04,0x04,0x04,
    0x04,0x02,0x02,0x02, 0x02,0x05,0x06,0x06,
    0x06,0x08,0x09,0x09, 0x06,0x06,0x05,0x05,
    0x06,0x06,0x06,0x06, 0x04,0x04,0x04,0x04,
    0x04,0x04,0x04,0x04, 0x02,0x04,0x04,0x04,
    0x04,0x04,0x04,0x04, 0x04,0x04,0x04,0x04,
    0x04,0x04,0x04,0x04, 0x04,0x04,0x02,0x04,
    0x05,0x03,0x03,0x05, 0x01,0x02,0x03,0x04,
    0x07,0x05,0x05,0x05, 0x07,0x00,0x00,0x00,
    0x04,0x04,0x04,0x04, 0x04,0x00,0x00,0x00,
    0x07,0x04,0x07,0x01, 0x07,0x00,0x00,0x00,
    0x07,0x04,0x07,0x04, 0x07,0x00,0x00,0x00,
    0x05,0x05,0x07,0x04, 0x04,0x00,0x00,0x00,
    0x07,0x01,0x07,0x04, 0x07,0x00,0x00,0x00,
    0x07,0x01,0x07,0x05, 0x07,0x00,0x00,0x00,
    0x07,0x04,0x04,0x04, 0x04,0x00,0x00,0x00,
    0x07,0x05,0x07,0x05, 0x07,0x00,0x00,0x00,
    0x07,0x05,0x07,0x04, 0x07,0x00,0x00,0x00,
    0x00,0x02,0x07,0x02, 0x00,0x00,0x00,0x00,
    0x00,0x00,0x07,0x00, 0x00,0x00,0x00,0x00,
    0x00,0x07,0x00,0x07, 0x00,0x00,0x00,0x00,
    0x00,0x00,0x00,0x00, 0x01,0x00,0x00,0x00,
    0x00,0x00,0x01,0x00, 0x00,0x00,0x00,0x00,
    0x00,0x01,0x00,0x01, 0x00,0x00,0x00,0x00,
    0x01,0x01,0x00,0x00, 0x00,0x00,0x00,0x00,
    0x06,0x05,0x02,0x0D, 0x0B,0x00,0x00,0x00,
    0x0E,0x11,0x11,0x11, 0x0E,0x00,0x00,0x00,
    0x11,0x0A,0x04,0x0A, 0x11,0x00,0x00,0x00,
    0x0A,0x1F,0x1F,0x0E, 0x04,0x00,0x00,0x00,
    0x1C,0x22,0x5D,0x45, 0x5D,0x22,0x1C,0x00,
    0x09,0x0B,0xEF,0xAD, 0xE9,0x00,0x00,0x00,
    0x03,0x03,0xA3,0xE3, 0x4F,0x00,0x00,0x00,
    0x04,0x0A,0x11,0x1F, 0x00,0x00,0x00,0x00,
    0x1F,0x11,0x0A,0x04, 0x00,0x00,0x00,0x00,
    0x0C,0x0A,0x09,0x0A, 0x0C,0x00,0x00,0x00,
    0x03,0x05,0x09,0x05, 0x03,0x00,0x00,0x00,
    0x04,0x0E,0x1F,0x04, 0x04,0x00,0x00,0x00,
    0x04,0x04,0x1F,0x0E, 0x04,0x00,0x00,0x00,
    0x04,0x06,0x1F,0x06, 0x04,0x00,0x00,0x00,
    0x04,0x0C,0x1F,0x0C, 0x04,0x00,0x00,0x00,
    0x02,0x05,0x07,0x05, 0x05,0x00,0x00,0x00,
    0x03,0x05,0x03,0x05, 0x03,0x00,0x00,0x00,
    0x06,0x01,0x01,0x01, 0x06,0x00,0x00,0x00,
    0x03,0x05,0x05,0x05, 0x03,0x00,0x00,0x00,
    0x07,0x01,0x07,0x01, 0x07,0x00,0x00,0x00,
    0x07,0x01,0x07,0x01, 0x01,0x00,0x00,0x00,
    0x06,0x01,0x07,0x05, 0x06,0x00,0x00,0x00,
    0x05,0x05,0x07,0x05, 0x05,0x00,0x00,0x00,
    0x01,0x01,0x01,0x01, 0x01,0x00,0x00,0x00,
    0x04,0x04,0x05,0x05, 0x02,0x00,0x00,0x00,
    0x05,0x03,0x03,0x05, 0x05,0x00,0x00,0x00,
    0x01,0x01,0x01,0x01, 0x07,0x00,0x00,0x00,
    0x05,0x07,0x05,0x05, 0x05,0x00,0x00,0x00,
    0x05,0x07,0x07,0x07, 0x05,0x00,0x00,0x00,
    0x02,0x05,0x05,0x05, 0x02,0x00,0x00,0x00,
    0x03,0x05,0x03,0x01, 0x01,0x00,0x00,0x00,
    0x02,0x05,0x05,0x07, 0x06,0x00,0x00,0x00,
    0x03,0x05,0x03,0x03, 0x05,0x00,0x00,0x00,
    0x06,0x01,0x07,0x04, 0x03,0x00,0x00,0x00,
    0x07,0x02,0x02,0x02, 0x02,0x00,0x00,0x00,
    0x05,0x05,0x05,0x05, 0x02,0x00,0x00,0x00,
    0x05,0x05,0x05,0x07, 0x02,0x00,0x00,0x00,
    0x05,0x05,0x05,0x07, 0x05,0x00,0x00,0x00,
    0x05,0x03,0x02,0x06, 0x05,0x00,0x00,0x00,
    0x05,0x05,0x02,0x02, 0x02,0x00,0x00,0x00,
    0x07,0x04,0x02,0x01, 0x07,0x00,0x00,0x00,
    0x01,0x01,0x01,0x00, 0x01,0x00,0x00,0x00,
    0x03,0x04,0x02,0x00, 0x02,0x00,0x00,0x00,
    0x0B,0x0D,0x06,0x0B, 0x0D,0x00,0x00,0x00,
    0x03,0x01,0x01,0x01, 0x03,0x00,0x00,0x00,
    0x03,0x02,0x02,0x02, 0x03,0x00,0x00,0x00,
    0x0C,0x04,0x06,0x02, 0x03,0x00,0x00,0x00,
    0x00,0x00,0x00,0x00, 0x00,0x00,0x00,0x00,
    0x00,0x00,0x00,0x00, 0x00,0x00,0x00,0x00,
    0x00,0x00,0x00,0x00, 0x00,0x00,0x00,0x00,
    0x00,0x00,0x00,0x00, 0x00,0x00,0x00,0x00,
    0x00,0x20,0xF0,0x21, 0x00,0xE0,0x83,0x7D,
    0x00,0x20,0xF8,0x30, 0x00,0x20,0x20,0x28,
    0x00,0xC0,0x13,0x24, 0x80,0xDE,0xA3,0x93,
    0xFA,0x04,0x02,0x00, 0x00,0x00,0x00,0x00,
    0xCC,0x08,0xC0,0x01, 0xDC,0x10,0x20,0x06,
    0xEC,0x20,0x10,0x08, 0xCC,0x00,0xBE,0x11,
    0x00,0x8C,0x51,0x1E, 0xFC,0xE0,0x20,0x34,
    0xCC,0x30,0x10,0x4C, 0xCC,0x08,0x10,0x90,
    0xFC,0x04,0x08,0x80, 0x00,0x04,0x08,0x10,
    0x00,0x02,0x0C,0x20, 0xFC,0x02,0x14,0x40,
    0x0C,0x22,0x12,0x42, 0x0C,0x24,0x21,0x42,
    0xFC,0xF4,0xE1,0x72, 0x00,0xB8,0x02,0x57,
    0xFC,0xB8,0xC1,0x1A, 0xCC,0xB0,0xC3,0x39,
    0xCC,0x28,0x83,0x49, 0xFC,0x18,0x83,0xC9,
    0x00,0x10,0x81,0xE0, 0xFC,0x20,0x00,0xF0,
    0xCC,0x20,0x00,0xB8, 0xFC,0x40,0x0C,0x9C,
    0x0C,0x80,0x08,0x9E, 0x00,0x18,0x83,0x99,
    0xCC,0x28,0x7C,0x88, 0x78,0x68,0x50,0x48,
    0x30,0x88,0xE8,0x44, 0x30,0xC8,0xFC,0x24,
    0x00,0x70,0xFE,0x24, 0xFF,0x03,0x00,0x00,
    0x33,0x03,0x00,0x0C, 0x23,0x03,0x00,0x32,
    0x13,0x03,0x00,0x41, 0x33,0x03,0xF0,0x83,
    0xFF,0x03,0x8E,0x9E, 0x03,0x83,0x07,0xF1,
    0x33,0xC3,0x80,0xA0, 0x33,0x23,0x80,0x60,
    0x03,0x13,0x80,0x80, 0xFF,0x0B,0x40,0x00,
    0xFF,0x0B,0x60,0x00, 0x03,0x8B,0x58,0x80,
    0xF3,0x93,0x44,0x00, 0xF3,0x53,0xA3,0x08,
    0x03,0x63,0xC5,0x49, 0xFF,0x63,0x03,0xCE,
    0x03,0x63,0x87,0x55, 0x33,0x53,0x86,0x37,
    0x33,0x33,0x06,0x73, 0x03,0x23,0x02,0x93,
    0xFF,0x23,0x00,0x91, 0x03,0x43,0x00,0x40,
    0x33,0x43,0x00,0xF0, 0x03,0x83,0x08,0xF8,
    0xF3,0x03,0x01,0xBE, 0xFF,0xC3,0x86,0x1D,
    0x33,0xA3,0x78,0x18, 0x87,0xD3,0x50,0x18,
    0xCF,0x13,0xE9,0x88, 0xCF,0x93,0xFD,0x44,
    0xFF,0xE3,0xFE,0x24, 0x8A,0xAE,0x90,0xAC,
    0x8E,0xB8,0x94,0x73, 0x83,0x52,0x83,0x73,
    0x81,0x5B,0x82,0x4E, 0x81,0x40,0x00,0x00,
    0xFF,0xF7,0x17,0x07, 0x07,0x13,0xF3,0x00,
    0x00,0x00,0x00,0x00, 0x00,0x00,0x00,0x10,
    0xFF,0x18,0xFF,0x08, 0x00,0x00,0x00,0x00,
    0x00,0x00,0x00,0x00, 0xFF,0xBF,0xFF,0x00,
    0xFF,0xF7,0x07,0x07, 0x07,0x03,0xF3,0x00,
    0x00,0x00,0x00,0x00, 0x00,0x00,0x00,0x10,
    0xFF,0x18,0xFF,0x08, 0x00,0x00,0x00,0x00,
    0x00,0x00,0x00,0x00, 0xFF,0xFF,0xFF,0x00,
    0xFF,0xF7,0x17,0x07, 0x07,0x13,0xF3,0x00,
    0x00,0x00,0x00,0x00, 0x00,0x00,0x00,0x08,
    0xFF,0x18,0xFF,0x10, 0x00,0x00,0x00,0x00,
    0x00,0x00,0x00,0x00, 0xFF,0xFF,0xFF,0x00,
    0xFF,0xF7,0x37,0x27, 0x27,0x33,0xF3,0x00,
    0x00,0x00,0x00,0x00, 0x00,0x40,0xC0,0xC0,
    0xFF,0x18,0xE7,0x18, 0x18,0x00,0x00,0x00,
    0x00,0x00,0x00,0x00, 0xFF,0xBF,0xFF,0x00,
    0xFF,0xF7,0x17,0x27, 0x27,0x13,0xF3,0x00,
    0x00,0x00,0x00,0x00, 0x00,0x80,0x40,0xD8,
    0xFF,0x00,0xE7,0x08, 0x10,0x00,0x00,0x00,
    0x00,0x00,0x00,0x00, 0xFF,0xFF,0xFF,0x00,
    0xFF,0xF7,0x37,0x27, 0x27,0x33,0xF3,0x00,
    0x00,0x00,0x00,0x00, 0x00,0x00,0x80,0x98,
    0xFF,0x00,0xE7,0x18, 0x18,0x00,0x00,0x00,
    0x00,0x00,0x00,0x00, 0xFF,0xFF,0xFF,0x00,
    0xFF,0xF7,0x37,0x27, 0x27,0x33,0xF3,0x00,
    0x00,0x00,0x00,0x00, 0x00,0x40,0xC8,0xD8,
    0xF7,0x20,0xEF,0x38, 0x10,0x00,0x00,0x00,
    0x00,0x00,0x00,0x00, 0xFF,0xBF,0xFF,0x00,
    0xFF,0xF7,0x37,0x27, 0x27,0x33,0xF3,0x00,
    0x00,0x00,0x00,0x00, 0x00,0x80,0xC0,0xD8,
    0xFF,0x00,0xFF,0x18, 0x10,0x00,0x00,0x00,
    0x00,0x00,0x00,0x00, 0xFF,0xFF,0xFF,0x00,
    0xFF,0xF7,0x37,0x27, 0x27,0x33,0xF3,0x00,
    0x00,0x00,0x00,0x00, 0x00,0x80,0x88,0x98,
    0xFF,0x18,0xEF,0x18, 0x10,0x00,0x00,0x00,
    0x00,0x00,0x00,0x00, 0xFF,0xFF,0xFF,0x00,
    0xFF,0xF7,0x77,0x67, 0x67,0x73,0xF3,0x00,
    0x00,0x00,0x00,0x00, 0x48,0xDC,0x90,0xD0,
    0xE7,0x18,0xF7,0x00, 0x18,0x18,0x00,0x00,
    0x00,0x00,0x00,0x00, 0xFF,0xBF,0xFF,0x00,
    0xFF,0xF7,0x37,0x67, 0x67,0x33,0xF3,0x00,
    0x00,0x00,0x00,0x00, 0x80,0x48,0xDC,0xC0,
    0xEF,0x18,0xEF,0x00, 0x18,0x18,0x00,0x00,
    0x00,0x00,0x00,0x00, 0xFF,0xFF,0xFF,0x00,
    0xFF,0xF7,0x77,0x67, 0x67,0x73,0xF3,0x00,
    0x00,0x00,0x00,0x00, 0x08,0x88,0x54,0xD4,
    0xEF,0x08,0xF7,0x00, 0x08,0x10,0x00,0x00,
    0x00,0x00,0x00,0x00, 0xFF,0xFF,0xFF,0x00,
    0xFF,0xF7,0x77,0x67, 0x67,0x73,0xF3,0x00,
    0x00,0x00,0x00,0x00, 0x40,0xD8,0x18,0xC0,
    0xE7,0x38,0xEF,0x10, 0x20,0x18,0x08,0x00,
    0x00,0x00,0x00,0x00, 0xFF,0xBF,0xFF,0x00,
    0xFF,0xF7,0x77,0x67, 0x67,0x73,0xF3,0x00,
    0x00,0x00,0x00,0x00, 0x98,0xD8,0x48,0xC0,
    0xF7,0x18,0xEF,0x00, 0x30,0x18,0x08,0x00,
    0x00,0x00,0x00,0x00, 0xFF,0xFF,0xFF,0x00,
    0xFF,0xF7,0x77,0x67, 0x67,0x73,0xF3,0x00,
    0x00,0x00,0x00,0x00, 0x90,0x98,0x48,0xC4,
    0xF7,0x04,0xFF,0x00, 0x10,0x10,0x18,0x00,
    0x00,0x00,0x00,0x00, 0xFF,0xFF,0xFF,0x00,
    0xFF,0xF7,0xF7,0xE7, 0xE7,0xF3,0xF3,0x00,
    0x00,0x00,0x00,0x4C, 0x10,0x84,0x40,0xEC,
    0xD3,0x00,0xFB,0x14, 0x08,0x00,0x18,0x00,
    0x00,0x00,0x00,0x00, 0xFF,0xBF,0xFF,0x00,
    0xFF,0xF7,0x77,0xE7, 0xE7,0x73,0xF3,0x00,
    0x00,0x00,0x00,0x18, 0x98,0xC0,0x68,0xEC,
    0xD3,0x14,0xFB,0x0C, 0x18,0x00,0x18,0x00,
    0x00,0x00,0x00,0x00, 0xFF,0xFF,0xFF,0x00,
    0xFF,0xF7,0xF7,0xE7, 0xE7,0xF3,0xF3,0x00,
    0x00,0x00,0x00,0x88, 0x18,0xC0,0x50,0xEC,
    0xF3,0x10,0xFF,0x18, 0x00,0x08,0x18,0x00,
    0x00,0x00,0x00,0x00, 0xFF,0xFF,0xFF,0x00,
    0xFF,0xF7,0xF7,0xE7, 0xE7,0xF3,0xF3,0x00,
    0x00,0x00,0x40,0x18, 0xD8,0xBC,0x18,0xFC,
    0xDB,0x1C,0xDF,0x3C, 0x18,0x3C,0x18,0x18,
    0x00,0x00,0x00,0x00, 0xFF,0xBF,0xFF,0x00,
    0xFF,0xF7,0xF7,0x07, 0x07,0xF3,0xF3,0x00,
    0x00,0x00,0x00,0x80, 0x58,0xD8,0x18,0xFC,
    0xDB,0x18,0xDB,0x3C, 0x18,0x18,0x18,0x00,
    0x00,0x00,0x00,0x00, 0xFF,0xFF,0xFF,0x00,
    0xFF,0xF7,0xF7,0xE7, 0xE7,0xF3,0xF3,0x00,
    0x00,0x00,0x00,0x80, 0x98,0x58,0x5C,0xD8,
    0xFF,0x1C,0xDF,0x3C, 0x18,0x1C,0x18,0x18,
    0x00,0x00,0x00,0x00, 0xFF,0xFF,0xFF,0x00,
    0xFF,0xFF,0xFF,0xFF, 0xDE,0xC3,0xFF,0xE7,
    0x3D,0x68,0xFB,0xB6, 0xAF,0x87,0x7A,0xFC,
    0x7F,0xE3,0x7F,0x18, 0xFE,0xC7,0xE3,0x7F,
    0x18,0xFE,0xC7,0xDA, 0x44,0xD5,0xAD,0xEC,
    0x13,0xE6,0x67,0x73, 0x35,0xD3,0x0D,0x00,
    0xFF,0xFF,0xFF,0xFF, 0xDE,0xC3,0xFF,0xE7,
    0x3D,0xB6,0x6F,0xFB, 0x7A,0x7A,0xFC,0x7F,
    0xE7,0x7F,0x3C,0xFE, 0xE7,0xE7,0x7F,0x3C,
    0xFE,0xE7,0xA8,0xBA, 0x55,0x9B,0xC2,0x1C,
    0x8E,0x7D,0x6A,0xA6, 0xDB,0xE6,0x00,0x00,
    0xFF,0xFF,0xFF,0xFF, 0xDE,0xC3,0xFF,0xE7,
    0x3D,0x68,0xFB,0xB6, 0xAF,0x87,0x7A,0xFC,
    0x7F,0xEC,0x7F,0x18, 0xFE,0xC7,0xE3,0x7F,
    0x18,0xFE,0x37,0xB7, 0x6A,0x13,0x55,0xC3,
    0xB1,0x4F,0x98,0x74, 0xDB,0x5C,0xCD,0x00,
    0xFF,0xFF,0xFF,0xFF, 0xDE,0xC3,0xFF,0xE7,
    0x3D,0x28,0xB6,0x1F, 0xB6,0x1F,0x7A,0x28,
    0x7A,0xFC,0x7F,0x41, 0x54,0xE4,0x7F,0x3C,
    0xFE,0x27,0xE4,0x7F, 0xFE,0x67,0x84,0xA3,
    0x4D,0x54,0xDD,0xCA, 0x3E,0x61,0x7E,0x36,
    0x57,0x33,0xDD,0x00, 0xFF,0xFF,0xFF,0xFF,
    0xDE,0xC3,0xFF,0xE7, 0x3D,0x68,0xFB,0x61,
    0xFB,0xA1,0x87,0x7A, 0xFC,0x7F,0x14,0x18,
    0x41,0xFE,0x47,0xE2, 0x7F,0xFE,0xE7,0x7F,
    0x3C,0xA8,0xBA,0x55, 0x9B,0xC2,0x1C,0x8E,
    0x7D,0x6A,0xA6,0xDB, 0xE6,0x00,0x00,0x00,
    0xFF,0xFF,0xFF,0xFF, 0xDE,0xC3,0xFF,0xE7,
    0x3D,0x28,0xB6,0x1F, 0xB6,0x1F,0x7A,0x28,
    0x7A,0xFC,0x7F,0xC5, 0x51,0xFE,0x27,0xE2,
    0x7F,0xFE,0xE7,0x7F, 0x22,0x1C,0xB7,0x6A,
    0x13,0x55,0xC3,0xB1, 0x4F,0x98,0x74,0xDB,
    0x5C,0xCD,0x00,0x00, 0xFF,0xFF,0xFF,0xFF,
    0xDE,0xC3,0xFF,0xE7, 0x3D,0xA8,0xB6,0x5F,
    0xB6,0x5F,0x7A,0xA8, 0x7A,0xFC,0x7F,0x61,
    0x54,0x39,0x55,0xFE, 0xC1,0xF8,0x17,0xFE,
    0x11,0xF8,0xE7,0x11, 0xAE,0x4D,0x54,0xDD,
    0xCA,0x3E,0x61,0x7E, 0x36,0x57,0x33,0xDD,
    0xFF,0xFF,0xFF,0xFF, 0xDE,0xC3,0xFF,0xE7,
    0x3D,0x28,0xB6,0x5F, 0xB6,0x5F,0x7A,0x28,
    0x7A,0xFC,0x7F,0x14, 0xE1,0x17,0xE5,0x1F,
    0x81,0xF8,0xE7,0x1F, 0x19,0xF8,0x67,0xC2,
    0xA8,0xBA,0x55,0x9B, 0xC2,0x1C,0x8E,0x7D,
    0x6A,0xA6,0xDB,0xE6, 0xFF,0xFF,0xFF,0xFF,
    0xDE,0xC3,0xFF,0xE7, 0x3D,0xA8,0xB6,0x5F,
    0xB6,0x5F,0x7A,0xA8, 0x7A,0xFC,0x7F,0xC1,
    0x24,0x51,0xFE,0x11, 0x86,0x7F,0x81,0xFE,
    0x21,0xF8,0xC7,0x78, 0xB7,0x6A,0x13,0x55,
    0xC3,0xB1,0x4F,0x98, 0x74,0xDB,0x5C,0xCD,
    0xFF,0xFF,0xFF,0xFF, 0xDE,0xC3,0xFF,0xE7,
    0x3D,0xA8,0x62,0xFB, 0x15,0xB6,0x5F,0xA1,
    0x87,0x2A,0x7A,0xFC, 0x7F,0x13,0xC8,0x41,
    0x64,0x81,0x55,0xFE, 0x89,0x7F,0x81,0xFE,
    0x41,0xF8,0x27,0xC2, 0xA1,0x4D,0x54,0xDD,
    0xCA,0x3E,0x61,0x7E, 0x36,0x57,0x33,0xDD,
    0xFF,0xFF,0xFF,0xFF, 0xDE,0xC3,0xFF,0xE7,
    0x3D,0xA8,0xB6,0x5F, 0x61,0xFB,0x15,0x7A,
    0xA8,0x7A,0xFC,0x7F, 0x74,0x81,0xF8,0x14,
    0x55,0xFE,0x19,0xF8, 0x27,0xE8,0x1F,0x82,
    0x7F,0x46,0x38,0xA8, 0xBA,0x55,0x9B,0xC2,
    0x1C,0x8E,0x7D,0x6A, 0xA6,0xDB,0xE6,0x00,
    0xFF,0xFF,0xFF,0xFF, 0xDE,0xC3,0xFF,0xE7,
    0x3D,0xA8,0x62,0xFB, 0x15,0xB6,0x5F,0xA1,
    0x87,0x2A,0x7A,0xFC, 0x7F,0x96,0x85,0x53,
    0x48,0x55,0xFE,0x11, 0xF8,0x27,0xFE,0x41,
    0xF8,0xC7,0x73,0xAB, 0x36,0x51,0x35,0x1C,
    0xFB,0x84,0x49,0xB7, 0xCD,0xD5,0x0C,0x00,
    0xFF,0xFF,0xFF,0xFF, 0xDE,0xC3,0xFF,0xE7,
    0x3D,0xA8,0x6A,0xFB, 0x55,0xB6,0x5F,0xA5,
    0x87,0xAA,0x7A,0xFC, 0x7F,0xE1,0x46,0x15,
    0x59,0xE5,0x1F,0xF8, 0x97,0x11,0xFE,0x91,
    0xF8,0x17,0x11,0xEF, 0xDA,0x44,0xD5,0xAD,
    0xEC,0x13,0xE6,0x67, 0x73,0x35,0xD3,0x0D,
    0xFF,0xFF,0xFF,0xFF, 0xDE,0xC3,0xFF,0xE7,
    0x3D,0xA8,0x62,0xFB, 0x55,0xB6,0x5F,0xA5,
    0x87,0x2A,0x7A,0xFC, 0x7F,0x38,0x44,0x14,
    0x31,0x54,0xE5,0x1F, 0x84,0x7F,0xC8,0xFE,
    0x91,0xF9,0x87,0x21, 0xC7,0xA8,0xBA,0x55,
    0x9B,0xC2,0x1C,0x8E, 0x7D,0x6A,0xA6,0xDB,
    0xE6,0x00,0x00,0x00, 0xFF,0xFF,0xFF,0xFF,
    0xDE,0xC3,0xFF,0xE7, 0x3D,0xA8,0x6A,0xFB,
    0x55,0xB6,0x5F,0xA5, 0x87,0xAA,0x7A,0xFC,
    0x7F,0x16,0x98,0x74, 0x85,0x55,0xFE,0x81,
    0xF8,0x87,0xFE,0x11, 0x88,0x7F,0x68,0x1E,
    0xB7,0x6A,0x13,0x55, 0xC3,0xB1,0x4F,0x98,
    0x74,0xDB,0x5C,0xCD, 0xFF,0xFF,0xFF,0xFF,
    0xDE,0xC3,0xFF,0xE7, 0x3D,0xA8,0x2A,0xB6,
    0x5F,0x15,0xB6,0x5F, 0x15,0x7A,0xA8,0x2A,
    0x7A,0xFC,0x7F,0xF8, 0xF1,0x58,0xC4,0x18,
    0x55,0xFE,0xF1,0xE7, 0x8F,0x19,0x7F,0x4C,
    0xC3,0xA3,0x4D,0x54, 0xDD,0xCA,0x3E,0x61,
    0x7E,0x36,0x57,0x33, 0xDD,0x00,0x00,0x00,
    0xFF,0xFF,0xFF,0xFF, 0xDE,0xC3,0xFF,0xE7,
    0x3D,0xA8,0x6A,0xFB, 0x55,0x61,0xFB,0x55,
    0xA1,0x87,0xAA,0x7A, 0xFC,0x7F,0x7C,0x82,
    0x14,0x11,0x41,0x88, 0x52,0xE5,0x3F,0x7F,
    0x34,0xFE,0xC8,0xF3, 0xC7,0x21,0xC2,0x81,
    0xAA,0x5B,0xB5,0x29, 0xCC,0xE1,0xD8,0xA7,
    0x66,0xBA,0x6D,0x0E, 0xFF,0xFF,0xFF,0xFF,
    0xDE,0xC3,0xFF,0xE7, 0x3D,0xA8,0x2A,0xB6,
    0x5F,0x15,0xB6,0x5F, 0x15,0x7A,0xA8,0x2A,
    0x7A,0xFC,0x7F,0x1E, 0x71,0x44,0x18,0x88,
    0x51,0xE5,0x3F,0xF2, 0x27,0xFE,0x88,0x31,
    0x7F,0x81,0xC2,0x77, 0xAB,0x36,0x51,0x35,
    0x1C,0xFB,0x84,0x49, 0xB7,0xCD,0xD5,0x0C,
    0xFF,0xFF,0xFF,0xFF, 0xDE,0xC3,0xFF,0xE7,
    0x3D,0xF8,0x3F,0xB6, 0x5F,0x15,0xB6,0x5F,
    0x15,0x7A,0xF8,0x3F, 0x7A,0xFC,0x7F,0xC1,
    0x33,0x4C,0x84,0x2A, 0x11,0x7F,0xB4,0x2E,
    0x55,0xFE,0xC1,0x7F, 0x18,0xEC,0x8F,0xC1,
    0x7F,0x14,0x2C,0xEB, 0xD8,0x15,0xCB,0x3C,
    0xDA,0x44,0xD5,0xAD, 0xEC,0x13,0xE6,0x67,
    0x73,0x35,0xD3,0x0D, 0xFF,0xFF,0xFF,0xFF,
    0xDE,0xC3,0xFF,0xE7, 0x3D,0xA8,0x2A,0xB6,
    0x6F,0xFB,0x7A,0xA8, 0x2A,0x7A,0xFC,0x7F,
    0xC4,0x13,0xC3,0x14, 0x14,0xE8,0x13,0x55,
    0xFE,0x77,0x7F,0x63, 0xFE,0x63,0x7F,0x78,
    0x17,0x3E,0xD7,0x3C, 0xA8,0xBA,0x55,0x9B,
    0xC2,0x1C,0x8E,0x7D, 0x6A,0xA6,0xDB,0xE6,
    0xFF,0xFF,0xFF,0xFF, 0xDE,0xC3,0xFF,0xE7,
    0x3D,0xF8,0x3F,0xB6, 0x5F,0x15,0xB6,0x5F,
    0x15,0x7A,0xF8,0x3F, 0x7A,0xFC,0x7F,0xC1,
    0x41,0x63,0x84,0x95, 0xF1,0x53,0xE5,0x4F,
    0x75,0xF1,0x87,0x61, 0xFE,0x18,0xF6,0x47,
    0x61,0xB1,0x86,0xDD, 0x6B,0x1C,0xB7,0x6A,
    0x13,0x55,0xC3,0xB1, 0x4F,0x98,0x74,0xDB,
    0x5C,0xCD,0x00,0x00, 0x00,0x00,0x08,0x00,
    0x0A,0x00,0x08,0x00, 0x14,0x00,0x08,0x00,
    0x1E,0x00,0x08,0x00, 0x29,0x00,0x08,0x00,
    0x34,0x00,0x08,0x00, 0x3F,0x00,0x08,0x00,
    0x4A,0x00,0x08,0x00, 0x55,0x00,0x08,0x00,
    0x60,0x00,0x08,0x00, 0x6C,0x00,0x08,0x00,
    0x78,0x00,0x08,0x00, 0x84,0x00,0x08,0x00,
    0x90,0x00,0x08,0x00, 0x9D,0x00,0x08,0x00,
    0xA9,0x00,0x08,0x00, 0xB6,0x00,0x08,0x00,
    0xC3,0x00,0x08,0x00, 0xD0,0x00,0x08,0x00,
    0xDF,0x00,0x08,0x00, 0xEC,0x00,0x08,0x00,
    0xFF,0x3C,0x7E,0x3E, 0x7E,0x7C,0x66,0x6E,
    0x5A,0x76,0x7E,0x7E, 0x3E,0x7E,0x72,0x7C,
    0x7E,0x7E,0x3E,0x3C, 0x7E,0x7E,0xFF,0xFF,
    0x9D,0xBF,0x3D,0xB6, 0x1C,0xDE,0x4E,0xFD,
    0x3C,0x7E,0x7E,0x3E, 0x4E,0x66,0x6E,0x7E,
    0x7E,0x6E,0x26,0x64, 0x66,0x66,0x62,0x7E,
    0x7E,0x7E,0x7E,0x3C, 0x7E,0x7E,0xFF,0xBD,
    0x9D,0xBD,0x3C,0x3C, 0x5A,0x66,0x66,0x18,
    0xFF,0x3C,0x7E,0x3E, 0x7E,0x7C,0x66,0x6E,
    0x5A,0x76,0x7E,0x7E, 0x3E,0x7E,0x72,0x7C,
    0x7E,0x7E,0x3E,0x3C, 0x7E,0x7E,0xFF,0xFF,
    0x9D,0xBF,0x3D,0xB6, 0x1C,0xDE,0x4E,0xFD,
    0x3C,0x7E,0x7E,0x3E, 0x4E,0x66,0x6E,0x7E,
    0x7E,0x6E,0x26,0x64, 0x66,0x66,0x62,0x7E,
    0x7E,0x7E,0x7E,0x3C, 0x7E,0x7E,0xFF,0xBD,
    0x9D,0xBD,0x3C,0x3C, 0x5A,0x66,0x66,0x18,
    0x00,0x00,0x00,0x00, 0x24,0x26,0x24,0x34,
    0x3C,0x3C,0x3C,0x26, 0x20,0x00,0x60,0x3E,
    0x7C,0x5A,0x62,0x66, 0x7C,0x7C,0x58,0x1C,
    0x1C,0x3C,0x1C,0x3C, 0x1C,0x04,0x00,0x00,
    0x00,0x00,0x00,0x00, 0x24,0x26,0x24,0x34,
    0x3C,0x3C,0x3C,0x26, 0x20,0x00,0x60,0x3E,
    0x7C,0x5A,0x62,0x66, 0x7C,0x7C,0x58,0x3C,
    0x1E,0x1E,0x1E,0x3E, 0x14,0x00,0x00,0x00,
    0x00,0x00,0x00,0x00, 0x24,0x26,0x24,0x34,
    0x3C,0x3C,0x3C,0x26, 0x20,0x00,0x60,0x3E,
    0x7C,0x5A,0x62,0x66, 0x7C,0x7C,0x5C,0x1C,
    0x3C,0x3C,0x3C,0x38, 0x10,0x00,0x00,0x00,
    0x00,0x00,0x00,0x00, 0x24,0x26,0x24,0x34,
    0x3C,0x3C,0x3C,0x26, 0x20,0x00,0x60,0x3E,
    0x7C,0x5A,0x62,0x66, 0x7C,0x7C,0x58,0x3C,
    0x1E,0x1E,0x1E,0x3E, 0x14,0x00,0x00,0x00,
    0x00,0x00,0x00,0x00, 0x00,0x24,0x28,0x08,
    0x38,0x78,0x4C,0x24, 0x60,0x38,0x1C,0x3E,
    0x20,0x22,0x5C,0x3C, 0x3C,0x3C,0x38,0x2C,
    0x0C,0x38,0x30,0x00, 0x00,0x00,0x00,0x00,
    0x00,0x00,0x00,0x00, 0x00,0x00,0x24,0x28,
    0x08,0x38,0x78,0x4C, 0x24,0x60,0x38,0x1C,
    0x3E,0x20,0x22,0x5C, 0x3C,0x3C,0x1C,0x3C,
    0x0C,0x3C,0x3C,0x04, 0x00,0x00,0x00,0x00,
    0x00,0x00,0x00,0x00, 0x00,0x00,0x24,0x28,
    0x08,0x38,0x78,0x4C, 0x24,0x60,0x38,0x1C,
    0x3E,0x20,0x22,0x5C, 0x3C,0x3C,0x1C,0x3C,
    0x0C,0x3C,0x30,0x0C, 0x04,0x00,0x00,0x00,
    0x00,0x00,0x00,0x00, 0x00,0x24,0x28,0x08,
    0x38,0x78,0x4C,0x24, 0x60,0x38,0x1C,0x3E,
    0x20,0x22,0x5C,0x3C, 0x3C,0x3C,0x3C,0x28,
    0x0C,0x3C,0x3C,0x00, 0x00,0x00,0x00,0x00,
    0x00,0x00,0x00,0x00, 0x00,0x00,0x10,0x3C,
    0x3C,0x1E,0x32,0x30, 0x00,0x12,0x04,0x3C,
    0x68,0x06,0x48,0x34, 0x3C,0x3C,0x18,0x0C,
    0x0C,0x18,0x1C,0x00, 0x00,0x00,0x00,0x00,
    0x00,0x00,0x00,0x00, 0x00,0x00,0x10,0x3C,
    0x3C,0x1E,0x32,0x30, 0x00,0x12,0x04,0x3C,
    0x68,0x06,0x48,0x34, 0x3C,0x3C,0x18,0x0C,
    0x0C,0x1C,0x1C,0x00, 0x00,0x00,0x00,0x00,
    0x00,0x00,0x00,0x00, 0x00,0x00,0x10,0x3C,
    0x3C,0x1E,0x32,0x30, 0x00,0x12,0x04,0x3C,
    0x68,0x06,0x48,0x34, 0x3C,0x3C,0x18,0x0C,
    0x08,0x1C,0x1C,0x00, 0x00,0x00,0x00,0x00,
    0x00,0x00,0x00,0x00, 0x00,0x00,0x10,0x3C,
    0x3C,0x1E,0x32,0x30, 0x00,0x12,0x04,0x3C,
    0x68,0x06,0x48,0x34, 0x3C,0x3C,0x18,0x0C,
    0x0C,0x1C,0x1C,0x00, 0x00,0x00,0x00,0x00,
    0x00,0x00,0x00,0x00, 0x00,0x00,0x00,0x38,
    0x3C,0x6C,0x76,0x7E, 0x76,0x3C,0xFB,0x00,
    0x80,0x1C,0xBE,0x3E, 0xBF,0x16,0x9C,0x08,
    0x08,0x00,0x00,0x08, 0x00,0x00,0x0C,0x00,
    0x00,0x00,0x00,0x00, 0x00,0x00,0x00,0x38,
    0x3C,0x6C,0x76,0x7E, 0x76,0x3C,0xFB,0x00,
    0x80,0x1C,0xBE,0x3E, 0xBF,0x36,0xBE,0x0C,
    0x00,0x08,0x00,0x08, 0x00,0x00,0x0C,0x00,
    0x00,0x00,0x00,0x00, 0x00,0x00,0x00,0x38,
    0x3C,0x2C,0x76,0x7E, 0x7F,0x3C,0x5D,0xC0,
    0x00,0xBC,0x06,0xBA, 0xBB,0x19,0x98,0x1C,
    0x18,0x0C,0x0C,0x0C, 0x04,0x04,0x00,0x00,
    0x00,0x00,0x00,0x00, 0x00,0x00,0x00,0x38,
    0x3C,0x6C,0x76,0x7E, 0x76,0x3C,0xFB,0x00,
    0x80,0x1C,0xBE,0x3E, 0xBF,0x36,0xBE,0x0C,
    0x00,0x08,0x00,0x08, 0x00,0x00,0x0C,0x00,
    0x70,0x73,0x05,0x0E, 0x0C,0x06,0x08,0x03,
    0x0B,0x0A,0x00,0x0A, 0x14,0x14,0x14,0x34,
    0x28,0x2E,0x20,0x20, 0x5A,0x58,0x44,0x9C,
    0x9C,0x20,0xA0,0xE0, 0xC0,0xF0,0x70,0x07,
    0x0E,0x0E,0x02,0x05, 0xE5,0xE4,0x06,0x00,
    0x0A,0x08,0x02,0x08, 0x0A,0x14,0x15,0x35,
    0x24,0x26,0x20,0x20, 0x28,0x5A,0x42,0x5C,
    0x9C,0x30,0xA0,0xE0, 0xC0,0x4E,0x0E,0x00,
    0x00,0xC3,0xC2,0x83, 0x9C,0x1D,0x04,0xE1,
    0xE4,0x0A,0x00,0x0A, 0x0A,0x0A,0x14,0x14,
    0x24,0x26,0x20,0x20, 0x2A,0x28,0x42,0x57,
    0x57,0x10,0xB0,0xA0, 0x60,0x40,0x00,0xC0,
    0x00,0x1A,0x1A,0x75, 0x75,0x05,0x06,0x18,
    0x1A,0x08,0x02,0x08, 0x0A,0x14,0xF4,0xF4,
    0x24,0x26,0x20,0x20, 0x28,0x5A,0x42,0x5C,
    0x94,0x30,0xA0,0xE0, 0xC0,0x40,0x00,0x38,
    0x00,0x00,0x00,0x00, 0x00,0x00,0x00,0x00,
    0x0C,0x14,0x0C,0x1C, 0x0C,0x0C,0x0C,0x1C,
    0x18,0x20,0x2C,0x6C, 0x4C,0x78,0x78,0x68,
    0x78,0x58,0x18,0x10, 0x00,0x00,0x00,0x00,
    0x00,0x00,0x00,0x00, 0x00,0x00,0x00,0x00,
    0x0C,0x14,0x00,0x18, 0x0C,0x08,0x0C,0x1C,
    0x18,0x20,0x2C,0x6C, 0x4C,0x78,0x78,0x68,
    0x78,0x58,0x18,0x10, 0x00,0x00,0x00,0x00,
    0x00,0x00,0x00,0x00, 0x00,0x00,0x00,0x00,
    0x0C,0x14,0x00,0x0C, 0x0C,0x18,0x0C,0x1C,
    0x10,0x28,0x2C,0x3C, 0x7C,0x78,0x78,0x68,
    0x58,0x18,0x18,0x10, 0x00,0x00,0x00,0x00,
    0x00,0x00,0x00,0x00, 0x00,0x00,0x00,0x00,
    0x0C,0x14,0x00,0x18, 0x0C,0x08,0x0C,0x1C,
    0x10,0x28,0x2C,0x3C, 0x7C,0x78,0x78,0x68,
    0x58,0x18,0x18,0x10, 0x00,0x00,0x00,0x00,
    0x00,0x00,0x00,0x00, 0x00,0x00,0x30,0x30,
    0x38,0x30,0x70,0x78, 0x20,0x18,0x28,0x28,
    0x2C,0x00,0x34,0x34, 0x3E,0x3E,0x3E,0x1F,
    0x17,0x10,0x10,0x00, 0x00,0x00,0x00,0x00,
    0x00,0x00,0x00,0x00, 0x00,0x00,0x00,0x30,
    0x30,0x30,0x60,0x60, 0x60,0x38,0x08,0x28,
    0x0C,0x20,0x34,0x34, 0x3E,0x3E,0x3F,0x1F,
    0x3E,0x30,0x18,0x00, 0x00,0x00,0x00,0x00,
    0x00,0x00,0x00,0x00, 0x00,0x00,0x00,0x00,
    0x30,0x30,0x70,0x60, 0x60,0x58,0x78,0x28,
    0x28,0x00,0x0C,0x14, 0x34,0x3E,0x3B,0x3F,
    0x1E,0x38,0x38,0x00, 0x00,0x00,0x00,0x00,
    0x00,0x00,0x00,0x00, 0x00,0x00,0x00,0x30,
    0x30,0x38,0x30,0x70, 0x78,0x20,0x18,0x28,
    0x28,0x0C,0x20,0x34, 0x34,0x3E,0x3E,0x3F,
    0x0F,0x16,0x10,0x00, 0x00,0x00,0x00,0x00,
    0xC0,0xF0,0xF8,0xFA, 0xFE,0xFE,0xFE,0xFE,
    0xFE,0xFE,0xFE,0xFE, 0xFE,0xFE,0xFE,0xFE,
    0xFC,0xF6,0xFE,0xFA, 0xF4,0x76,0xF7,0x7F,
    0xFE,0xFF,0xFF,0x9F, 0xFE,0xFE,0xF8,0xE0,
    0xC0,0xF0,0xF8,0xFA, 0xFE,0xFE,0xFE,0xFE,
    0xFE,0xFE,0xFE,0xFE, 0xFE,0xFE,0xFE,0xFE,
    0xFE,0xFE,0xF6,0xFE, 0xF4,0x76,0xF7,0x7F,
    0xFE,0xFF,0xFD,0x9F, 0xFB,0xFE,0xF8,0xE0,
    0xC0,0xF0,0xF8,0xFA, 0xFE,0xFE,0xFE,0xFE,
    0xFE,0xFE,0xFE,0xFE, 0xFE,0xFE,0xFC,0xFE,
    0xFE,0xFE,0xF6,0xFE, 0xF4,0x77,0xF7,0x7E,
    0xFF,0xFF,0xFF,0x9E, 0xFA,0xFC,0xF8,0xE0,
    0xC0,0xF0,0xF8,0xFA, 0xFE,0xFE,0xFE,0xFE,
    0xFE,0xFE,0xFE,0xFE, 0xFE,0xFE,0xFE,0xFE,
    0xFE,0xFE,0xF6,0xFE, 0xF4,0x76,0xF7,0x7F,
    0xFE,0xFF,0xFD,0x9F, 0xFB,0xFE,0xF8,0xE0,
    0x00,0x00,0x00,0x00, 0x00,0x06,0x06,0x0E,
    0x0A,0x0B,0x00,0x11, 0x32,0x20,0x42,0x43,
    0x41,0x83,0x87,0x8F, 0x9B,0x93,0x80,0x90,
    0x60,0x60,0xA0,0x40, 0x40,0x40,0x00,0xC0,
    0x00,0x00,0x00,0x00, 0x00,0x00,0x00,0x00,
    0x00,0x06,0x06,0x65, 0x7A,0x9B,0x80,0x81,
    0x83,0x82,0x04,0x84, 0x80,0x90,0x3E,0xA4,
    0xEE,0xC4,0x8A,0x82, 0x8F,0x07,0x0C,0x04,
    0x00,0x00,0x00,0x00, 0x00,0x00,0x00,0x00,
    0x00,0x00,0x03,0x86, 0xBF,0xFA,0xC3,0xC0,
    0x01,0x03,0x42,0x02, 0x44,0x70,0x14,0x24,
    0x34,0x30,0x14,0x34, 0x18,0x10,0x00,0x00,
    0x00,0x00,0x00,0x00, 0x00,0x00,0x00,0x00,
    0x00,0x06,0x06,0x05, 0x0A,0x3B,0x40,0x41,
    0xC3,0x82,0x80,0x00, 0x40,0x10,0x44,0x2C,
    0x0E,0x78,0x06,0x66, 0x12,0x72,0x70,0x20,
    0xFF,0x03,0x0F,0x1F, 0x7F,0x7F,0x7F,0x7F,
    0x7F,0x7F,0x7F,0x7F, 0x7F,0x7F,0x7F,0x7F,
    0x3F,0x6F,0x7F,0x7F, 0x2F,0x2E,0xEF,0xFE,
    0x7F,0xFF,0xFF,0xF9, 0x5F,0x1F,0x17,0x07,
    0xFF,0x03,0x0F,0x1F, 0x7F,0x7F,0x7F,0x7F,
    0x7F,0x7F,0x7F,0x7F, 0x7F,0x7F,0x7F,0x7F,
    0x7F,0x7F,0x6F,0x3F, 0x2F,0x6E,0xEF,0xFE,
    0x7F,0xFF,0xFF,0xF9, 0xDF,0x1F,0x17,0x07,
    0xFF,0x03,0x0F,0x1F, 0x7F,0x7F,0x7F,0x7F,
    0x7F,0x7F,0x7F,0x7F, 0x7F,0x7F,0x1F,0x7F,
    0x7F,0x7F,0x6F,0x3F, 0x2F,0xEE,0xEF,0x7E,
    0xFF,0xFF,0xFF,0x79, 0x1F,0x1F,0x17,0x07,
    0xFF,0x03,0x0F,0x1F, 0x7F,0x7F,0x7F,0x7F,
    0x7F,0x7F,0x7F,0x7F, 0x7F,0x7F,0x7F,0x7F,
    0x7F,0x7F,0x6F,0x3F, 0x2F,0x6E,0xEF,0xFE,
    0x7F,0xFF,0xFF,0xF9, 0xDF,0x1F,0x17,0x07,
    0x00,0x00,0x00,0x00, 0x40,0x60,0x60,0x70,
    0x70,0xD0,0x40,0xF8, 0x6C,0x2C,0x56,0xE2,
    0xBA,0xE1,0xFB,0xF5, 0xFB,0xDD,0x0D,0x0D,
    0x06,0x06,0x07,0x02, 0x02,0x02,0x01,0x03,
    0x00,0x00,0x00,0x00, 0x00,0x00,0x00,0x00,
    0x40,0x60,0x60,0xF6, 0x7E,0xDF,0x99,0xE3,
    0xF1,0x45,0x00,0x75, 0x2D,0x3B,0x7F,0x3D,
    0x67,0x33,0x71,0x51, 0xE1,0xF0,0x30,0x20,
    0x00,0x00,0x00,0x00, 0x00,0x00,0x00,0x00,
    0x00,0x80,0x40,0x61, 0xFD,0x7F,0xDF,0xB3,
    0xEC,0xC8,0x4C,0x52, 0x7C,0x2E,0x3A,0x30,
    0x3C,0x1C,0x3C,0x3C, 0x1C,0x08,0x00,0x00,
    0x00,0x00,0x00,0x00, 0x00,0x00,0x00,0x00,
    0x40,0x60,0x60,0xF0, 0x70,0xDC,0x9E,0xE6,
    0xF3,0x43,0x15,0x04, 0x78,0x2E,0x3A,0x34,
    0x70,0x3E,0x64,0x66, 0x48,0x4C,0x0E,0x06,
    0x00,0x00,0x00,0x06, 0x06,0x06,0x0E,0x0C,
    0x08,0x1E,0x1C,0x3E, 0x38,0x38,0x6C,0x51,
    0x3B,0x73,0xFD,0x4F, 0xC7,0xC7,0xF6,0xFE,
    0xDE,0xC5,0x44,0x6E, 0x3E,0xBE,0xFE,0x00,
    0x00,0x00,0x00,0x06, 0x06,0x06,0x0E,0x0C,
    0x18,0x1E,0x3C,0x3C, 0x3D,0x71,0x7B,0x53,
    0x7E,0x6F,0xFE,0xDE, 0xDE,0xFF,0xDC,0xCC,
    0xCC,0xDC,0x78,0x38, 0x38,0xBC,0xFC,0x00,
    0x00,0x00,0x00,0x04, 0x06,0x0C,0x0E,0x0C,
    0x18,0x1C,0x3E,0x3E, 0x3A,0x72,0x7E,0x5E,
    0x6E,0xFE,0xFC,0xEC, 0xFC,0xDF,0xCC,0x58,
    0xD8,0xF0,0x70,0x30, 0x20,0x28,0xE8,0x74,
    0x00,0x00,0x00,0x06, 0x06,0x06,0x0E,0x0C,
    0x18,0x1E,0x3C,0x3C, 0x3D,0x71,0x7B,0x53,
    0x7E,0x6F,0xFE,0xDE, 0xDE,0xFF,0xDC,0xCC,
    0xCC,0xDC,0x7C,0x38, 0x38,0xBC,0xFC,0xE3,
    0x00,0x00,0x00,0x00, 0x01,0x01,0x07,0x0F,
    0x0F,0x0B,0x1B,0x17, 0x17,0x36,0x3D,0x7E,
    0x7E,0x7F,0x7F,0xF5, 0xEF,0x78,0xF8,0xF8,
    0x0C,0x08,0x00,0x00, 0x00,0x00,0x00,0x00,
    0x00,0x00,0x00,0x00, 0x00,0x01,0x03,0x0F,
    0x0F,0x05,0x0B,0x1B, 0x1F,0x17,0x36,0x3D,
    0x7F,0x7F,0x7F,0x7D, 0xFD,0xE4,0x78,0xF8,
    0xF8,0x08,0x08,0x18, 0x00,0x00,0x00,0x00,
    0x00,0x00,0x00,0x00, 0x00,0x00,0x01,0x03,
    0x0E,0x0F,0x0F,0x0B, 0x1B,0x17,0x36,0x37,
    0x2F,0x7D,0x7F,0x7F, 0x74,0xFC,0xE4,0x78,
    0xF8,0xF8,0x18,0x10, 0x10,0x00,0x00,0x00,
    0x00,0x00,0x00,0x00, 0x00,0x01,0x03,0x0F,
    0x0F,0x05,0x0B,0x1B, 0x1F,0x17,0x36,0x3D,
    0x7F,0x7F,0x7F,0x7D, 0xFD,0xE4,0x78,0xF8,
    0xF8,0x08,0x08,0x18, 0x00,0x00,0x00,0x00,
    0x00,0x00,0x00,0x00, 0x00,0x80,0xE0,0xF0,
    0x50,0xB8,0xD8,0xD8, 0xEC,0x2E,0xEE,0x7F,
    0x77,0x79,0x7F,0xFE, 0x7B,0x5F,0x57,0x1E,
    0x18,0x00,0x18,0x00, 0x00,0x00,0x00,0x00,
    0x00,0x00,0x00,0x00, 0x00,0x00,0x80,0x70,
    0xB0,0x50,0xB8,0xD8, 0xD8,0xEC,0x2E,0xEE,
    0xFF,0x77,0x79,0xFF, 0xFE,0xDB,0x4F,0x1F,
    0x16,0x08,0x18,0x08, 0x08,0x00,0x00,0x00,
    0x00,0x00,0x00,0x00, 0x00,0x00,0x00,0xC0,
    0x70,0xF0,0x78,0xB8, 0x98,0xDC,0x2C,0xEC,
    0xEE,0xEF,0xF7,0xF1, 0xFF,0xFE,0xDB,0x17,
    0x1F,0x0E,0x0C,0x0C, 0x0C,0x00,0x00,0x00,
    0x00,0x00,0x00,0x00, 0x00,0x00,0x80,0x70,
    0xB0,0x50,0xB8,0xD8, 0xD8,0xEC,0x2E,0xEE,
    0xFF,0x77,0x79,0xFF, 0xFE,0xDB,0x4F,0x1F,
    0x16,0x08,0x18,0x08, 0x08,0x00,0x00,0x00,
    0x00,0x00,0x00,0x00, 0x01,0x01,0x07,0x0E,
    0x0E,0x09,0x1B,0x13, 0x11,0x32,0x75,0x6E,
    0x4E,0xCF,0xFF,0xF7, 0xFF,0x79,0xF8,0xE8,
    0x0C,0x08,0x00,0x00, 0x00,0x00,0x00,0x00,
    0x00,0x00,0x00,0x00, 0x00,0x01,0x03,0x0F,
    0x0E,0x04,0x08,0x1B, 0x1B,0x13,0x32,0x35,
    0x6F,0x4F,0xCF,0xFD, 0xFD,0xF5,0x78,0xF8,
    0xE8,0x08,0x08,0x18, 0x00,0x00,0x00,0x00,
    0x00,0x00,0x00,0x00, 0x00,0x00,0x01,0x03,
    0x0E,0x0E,0x0C,0x08, 0x1B,0x13,0x32,0x33,
    0x27,0x65,0x47,0xCF, 0xFC,0xFC,0xF4,0x78,
    0xF8,0xF8,0x18,0x10, 0x10,0x00,0x00,0x00,
    0x00,0x00,0x00,0x00, 0x00,0x01,0x03,0x0F,
    0x0E,0x04,0x08,0x1B, 0x1B,0x13,0x32,0x35,
    0x6F,0x4F,0xCF,0xFD, 0xFD,0xF5,0x78,0xF8,
    0xE8,0x08,0x08,0x18, 0x00,0x00,0x00,0x00,
    0x00,0x00,0x00,0x02, 0x42,0xE2,0x7E,0xE0,
    0x60,0x22,0xC0,0x40, 0xC2,0xCC,0x1E,0x28,
    0x3E,0x2C,0x0C,0x2D, 0x1F,0x1E,0x1E,0x0F,
    0x07,0x02,0x04,0x0C, 0x00,0x00,0x08,0x00,
    0x00,0x00,0x00,0x02, 0x42,0xE2,0x7E,0xE0,
    0x60,0x22,0xC0,0xC0, 0xC2,0x4C,0x3E,0x28,
    0x3E,0x0C,0x2D,0x1D, 0x1E,0x1C,0x1F,0x1F,
    0x0F,0x02,0x06,0x0C, 0x00,0x08,0x00,0x00,
    0x00,0x00,0x00,0x02, 0x42,0xE2,0x7E,0xE0,
    0x60,0x22,0xC0,0xC0, 0x42,0x4C,0x3A,0x3E,
    0x16,0x2C,0x0D,0x1F, 0x1E,0x1F,0x1F,0x1F,
    0x0E,0x0E,0x02,0x0C, 0x00,0x08,0x00,0x00,
    0x00,0x00,0x00,0x02, 0x42,0xE2,0x7E,0xE0,
    0x60,0x22,0xC0,0xC0, 0xC2,0x4C,0x3E,0x28,
    0x3E,0x0C,0x2D,0x1D, 0x1E,0x1C,0x1F,0x1F,
    0x0F,0x02,0x06,0x0C, 0x00,0x08,0x00,0x00,
    0xA0,0xB0,0xA0,0xC0, 0xE0,0xE0,0xA0,0xE0,
    0x60,0x70,0xF0,0x7E, 0x7F,0xFD,0x33,0x30,
    0x61,0x26,0x61,0x60, 0x47,0x60,0x0F,0x1C,
    0x3E,0x1A,0x0F,0x3C, 0x36,0x3C,0x28,0x30,
    0xA0,0xB0,0xA0,0xC0, 0xE0,0xE0,0xA0,0xE0,
    0x60,0x70,0xF0,0x7E, 0x7F,0xFF,0x33,0x30,
    0x61,0x20,0x60,0x60, 0x40,0x66,0x09,0x19,
    0x38,0x14,0x0B,0x24, 0x12,0x06,0x00,0x06,
    0xA0,0xB0,0xA0,0xC0, 0xE0,0xE0,0xA0,0xE0,
    0x60,0x70,0xF0,0x7E, 0x7F,0xFF,0x33,0x30,
    0x61,0x20,0x60,0x63, 0x40,0x60,0x0B,0x18,
    0x3B,0x16,0x0B,0x20, 0x17,0x01,0x01,0x01,
    0xA0,0xB0,0xA0,0xC0, 0xE0,0xE0,0xA0,0xE0,
    0x60,0x70,0xF0,0x7E, 0x7F,0xFF,0x33,0x30,
    0x67,0x20,0x63,0x64, 0x40,0x62,0x09,0x1C,
    0x38,0x12,0x09,0x20, 0x12,0x00,0x00,0x00,
    0x00,0x00,0x00,0x00, 0x00,0x06,0x0F,0xDF,
    0xF6,0xF6,0xC6,0xED, 0xFE,0xFE,0xF6,0xEB,
    0xBE,0xFE,0xEE,0x7E, 0xB6,0xFC,0xD8,0xB4,
    0xFC,0xFC,0xFC,0xBC, 0xBC,0x3C,0xE8,0xA8,
    0x00,0x00,0x00,0x00, 0x06,0x0F,0x0F,0xFE,
    0xF6,0xF6,0xCD,0xEE, 0xFE,0xF6,0xFB,0xFE,
    0xBE,0xF6,0xEE,0x7E, 0xBC,0xF4,0xD8,0xF4,
    0xFC,0xFC,0xFC,0xBC, 0xBC,0x3C,0xE8,0xA8,
    0x00,0x00,0x00,0x00, 0x0F,0x0F,0x0C,0xF6,
    0xF6,0xF9,0xCE,0xFC, 0xEE,0xF7,0xFC,0xFE,
    0xB6,0xF6,0xFE,0x7C, 0xBC,0xF4,0xD8,0xF4,
    0xFC,0xFC,0xBC,0xBC, 0xBC,0x3C,0xE8,0xA8,
    0x00,0x00,0x00,0x00, 0x06,0x0F,0x0F,0xFE,
    0xF6,0xF6,0xCD,0xEE, 0xFE,0xF6,0xFB,0xFE,
    0xBE,0xF6,0xEE,0x7E, 0xBC,0xF4,0xD8,0xF4,
    0xFC,0xFC,0xFC,0xBC, 0xBC,0x3C,0xE8,0xA8,
    0x00,0x00,0x00,0x00, 0x00,0x00,0x00,0x00,
    0x00,0x00,0x00,0x30, 0x78,0x5C,0x4F,0xC7,
    0x03,0x83,0x03,0xCB, 0xFF,0xF7,0xF8,0xEC,
    0xF0,0xB8,0x7C,0x44, 0x02,0x02,0x01,0x01,
    0x00,0x00,0x00,0x00, 0x00,0x00,0x00,0x00,
    0x00,0x00,0x00,0x60, 0x70,0x58,0xDF,0x8E,
    0x03,0x87,0x83,0xEF, 0xBF,0xFF,0xEC,0xF8,
    0x60,0x68,0x68,0x08, 0x08,0x08,0x04,0x04,
    0x00,0x00,0x00,0x00, 0x00,0x00,0x00,0x00,
    0x00,0x00,0x00,0x60, 0x70,0xF8,0x9E,0x8E,
    0x87,0x87,0x27,0xB7, 0xFF,0xFF,0xE8,0x58,
    0x88,0x64,0xFC,0x38, 0x10,0x10,0x10,0x10,
    0x00,0x00,0x00,0x00, 0x00,0x00,0x00,0x00,
    0x00,0x00,0x00,0x60, 0x70,0x58,0xDF,0x8E,
    0x03,0x87,0x83,0xEF, 0xBF,0xFF,0xEC,0xE0,
    0x48,0x40,0x68,0x60, 0x40,0x40,0x40,0x40,
    0x00,0x30,0x30,0x78, 0x78,0x30,0x70,0x60,
    0x40,0x00,0x64,0x6E, 0x7E,0x77,0x7F,0xFB,
    0x7F,0xFB,0x7C,0xBD, 0xFC,0xB8,0x18,0x7C,
    0x7C,0x7E,0x1F,0x1B, 0x1F,0x0F,0x0E,0x00,
    0x00,0x00,0x00,0x30, 0x30,0x70,0x78,0x78,
    0x70,0x40,0x60,0x64, 0x7E,0x7E,0x7F,0xFF,
    0xFB,0xFF,0xFB,0x7C, 0xFD,0xBC,0x78,0x18,
    0x7C,0x5C,0x3E,0x1F, 0x1B,0x1F,0x0F,0x0E,
    0x00,0x00,0x00,0x00, 0x00,0x30,0x50,0x70,
    0x78,0x38,0x70,0x60, 0x74,0x7E,0x7E,0xF7,
    0xFF,0xF3,0x7F,0xFB, 0x3C,0xFD,0x3C,0x78,
    0x58,0x7C,0x1C,0x3E, 0x1F,0x1B,0x1F,0x0F,
    0x00,0x00,0x00,0x30, 0x30,0x70,0x78,0x78,
    0x70,0x40,0x60,0x64, 0x7E,0x7E,0x7F,0xFF,
    0xFB,0xFF,0xFB,0x7C, 0xFD,0xBC,0x78,0x18,
    0x7C,0x5C,0x3E,0x1F, 0x1B,0x1F,0x0F,0x0E,
    0x3C,0x36,0x36,0x3E, 0x1A,0x1E,0x1F,0x1F,
    0x0F,0x0F,0x0F,0x0F, 0x0F,0x1F,0x1F,0x3F,
    0x3E,0x36,0x76,0x7E, 0x7E,0xFE,0xFC,0xFC,
    0xFC,0xF8,0xF0,0xF0, 0xD0,0xB0,0x30,0xF0,
    0x3C,0x36,0x36,0x3E, 0x1A,0x1E,0x1F,0x1F,
    0x0F,0x0F,0x0F,0x0F, 0x0F,0x1F,0x1F,0x3F,
    0x3E,0x36,0x76,0x7E, 0x7E,0xFE,0xFC,0xFC,
    0xFC,0xF8,0xF0,0xF0, 0xD0,0xB0,0x50,0xF0,
    0x3C,0x36,0x36,0x3E, 0x1A,0x1E,0x1F,0x1F,
    0x0F,0x0F,0x0F,0x0F, 0x0F,0x1F,0x1F,0x3F,
    0x3E,0x36,0x76,0x7E, 0x7E,0xFE,0xFC,0xFC,
    0xFC,0xF8,0xF0,0xF0, 0xD0,0xB0,0x30,0xF0,
    0x3C,0x36,0x36,0x3E, 0x1A,0x1E,0x1F,0x1F,
    0x0F,0x0F,0x0F,0x0F, 0x0F,0x1F,0x1F,0x3F,
    0x3E,0x36,0x76,0x7E, 0x7E,0xFE,0xFC,0xFC,
    0xFC,0xF8,0xF0,0xF0, 0xD0,0xB0,0x50,0xF0,
    0x00,0x00,0x00,0x00, 0x30,0x30,0xF8,0xD0,
    0xE8,0xF0,0x74,0x06, 0x26,0x03,0x6F,0x46,
    0x66,0xEF,0x7B,0xDF, 0xBD,0xAF,0x85,0x37,
    0x2C,0x03,0x21,0x09, 0x10,0x00,0x18,0x00,
    0x00,0x00,0x00,0x00, 0x30,0x30,0xF8,0xD0,
    0xE8,0xF0,0x74,0x06, 0x26,0x03,0x6F,0x46,
    0x66,0xEF,0x7F,0xDF, 0xB9,0xA7,0x8D,0x33,
    0x2C,0x03,0x21,0x09, 0x10,0x00,0x18,0x00,
    0x00,0x00,0x00,0x00, 0x30,0x30,0xF8,0xD0,
    0xE8,0xF0,0x74,0x06, 0x26,0x03,0x6F,0x46,
    0x66,0xEF,0x7B,0xDF, 0xB9,0xA3,0x85,0x3F,
    0x2C,0x03,0x21,0x09, 0x10,0x00,0x18,0x00,
    0x00,0x00,0x00,0x00, 0x30,0x30,0xF8,0xD0,
    0xE8,0xF0,0x74,0x06, 0x26,0x03,0x6F,0x46,
    0x66,0xEF,0x7F,0xDF, 0xB9,0xA7,0x8D,0x33,
    0x2C,0x03,0x21,0x09, 0x10,0x00,0x18,0x00,
    0x20,0x62,0x7A,0x1A, 0x26,0x60,0x46,0x60,
    0x22,0x46,0x04,0x64, 0x24,0x6C,0xEC,0xEE,
    0xCE,0xAC,0x2E,0x6E, 0x76,0x7E,0x3E,0x4A,
    0x7B,0x41,0x48,0x08, 0x00,0x00,0x4C,0x00,
    0x20,0x62,0x7B,0x1E, 0x15,0x62,0x24,0x62,
    0x22,0x42,0x44,0x66, 0x24,0x6C,0x7E,0xFE,
    0xE6,0xA6,0x2E,0x26, 0x7E,0x3C,0x5A,0x4B,
    0x3B,0x41,0x44,0x08, 0x00,0x00,0x44,0x00,
    0x20,0x21,0x69,0x15, 0x17,0x51,0x06,0x20,
    0x22,0x60,0x46,0x66, 0x62,0x74,0x7E,0x7A,
    0xE7,0xA6,0x2F,0x36, 0x3E,0x32,0x5A,0x2B,
    0x55,0x49,0x00,0x04, 0x04,0x00,0x44,0x00,
    0x20,0x62,0x7B,0x1E, 0x15,0x62,0x24,0x62,
    0x22,0x42,0x44,0x66, 0x24,0x6C,0x7E,0xFE,
    0xE6,0xA6,0x2E,0x26, 0x7E,0x3C,0x5A,0x4B,
    0x3B,0x41,0x44,0x08, 0x00,0x00,0x44,0x00,
    0x00,0x1C,0x14,0x26, 0x36,0x3E,0x1C,0x3C,
    0x1C,0x1C,0x24,0x1C, 0x34,0x3C,0x7C,0x3E,
    0x7E,0x7E,0x3E,0x7E, 0x7C,0x7E,0x7C,0x74,
    0x2E,0x7C,0x7C,0x2C, 0x7C,0x38,0x58,0x78,
    0x08,0x1C,0x14,0x14, 0x2C,0x04,0x20,0x1C,
    0x38,0x0C,0x18,0x1E, 0x3C,0x38,0x7C,0x3E,
    0x7E,0x7E,0x3E,0x7E, 0x7C,0x7E,0x7E,0x74,
    0x2C,0x7E,0x7C,0x2C, 0x7C,0x3C,0x58,0x78,
    0x18,0x1C,0x3C,0x1C, 0x34,0x1C,0x18,0x18,
    0x3C,0x18,0x1C,0x30, 0x3E,0x7C,0x3C,0x5E,
    0x7E,0x3E,0x7E,0x7E, 0x7C,0x7E,0x6E,0x74,
    0x6C,0x7E,0x3C,0x6C, 0x7C,0x7C,0x58,0x78,
    0x08,0x1C,0x14,0x14, 0x2C,0x04,0x28,0x1C,
    0x38,0x1C,0x18,0x1E, 0x3C,0x38,0x7C,0x3E,
    0x7E,0x7E,0x3E,0x7E, 0x7C,0x7E,0x7E,0x74,
    0x2C,0x7E,0x7C,0x2C, 0x7C,0x3C,0x58,0x78,
    0xFF,0x00,0x00,0x00, 0x00,0x00,0x00,0x00,
    0x00,0x00,0x10,0x1C, 0x14,0x34,0x60,0x44,
    0x40,0x58,0x88,0xBA, 0xA8,0x72,0x12,0xEE,
    0xEA,0xC2,0x58,0x70, 0x60,0x00,0x00,0x00,
    0xFF,0x00,0x00,0x00, 0x00,0x00,0x00,0x00,
    0x00,0x00,0x00,0x00, 0x00,0x10,0x18,0x18,
    0x3C,0x64,0xC0,0x84, 0xC2,0x60,0x22,0x02,
    0x36,0x3C,0x1C,0x04, 0x00,0x00,0x00,0x00,
    0xFF,0x00,0x00,0x06, 0x0A,0x08,0x02,0x0A,
    0x0A,0x00,0x00,0x0A, 0x02,0x00,0x10,0x1A,
    0x38,0x31,0x03,0x31, 0x01,0x10,0x0B,0x07,
    0x07,0x06,0x00,0x00, 0x00,0x00,0x00,0x00,
    0xFF,0x06,0x0E,0x08, 0x00,0x0A,0x02,0x0A,
    0x08,0x03,0x03,0x08, 0x01,0x00,0x01,0x11,
    0x18,0x39,0x30,0x00, 0x31,0x00,0x11,0x0A,
    0x06,0x06,0x00,0x00, 0x00,0x00,0x00,0x00,
    0x00,0x00,0x00,0x00, 0x00,0x00,0x00,0x00,
    0x00,0x00,0x08,0x38, 0x28,0x2C,0x06,0x22,
    0x02,0x1A,0x11,0x5D, 0x15,0x4E,0x48,0x77,
    0x57,0x43,0x1A,0x0E, 0x06,0x00,0x00,0x00,
    0x00,0x00,0x00,0x00, 0x00,0x00,0x00,0x00,
    0x00,0x00,0x00,0x00, 0x08,0x08,0x18,0x18,
    0x3C,0x26,0x03,0x21, 0x43,0x06,0x44,0x40,
    0x6C,0x3C,0x38,0x20, 0x00,0x00,0x00,0x00,
    0x00,0x00,0x00,0x60, 0x50,0x10,0x40,0x50,
    0x50,0x00,0x00,0x50, 0x40,0x08,0x08,0x58,
    0x1C,0x88,0xC4,0x88, 0x80,0x08,0xD0,0xE0,
    0xE0,0x60,0x00,0x00, 0x00,0x00,0x00,0x00,
    0x00,0x60,0x70,0x10, 0x00,0x50,0x40,0x50,
    0x10,0xC0,0xC0,0x10, 0x80,0x00,0x88,0x88,
    0x18,0x9C,0x08,0x04, 0x88,0x00,0x88,0x50,
    0x60,0x60,0x00,0x00, 0x00,0x00,0x00,0x00,
    0xFF,0x00,0x00,0x00, 0x00,0x00,0x00,0x00,
    0x00,0x00,0x00,0x00, 0x00,0x00,0x00,0x00,
    0x00,0x00,0x00,0x00, 0x00,0x00,0x00,0x00,
    0x00,0x00,0x00,0x00, 0x00,0x00,0x00,0x00,
    0xFF,0x00,0x00,0x00, 0x00,0x00,0x00,0x00,
    0x00,0x00,0x00,0x00, 0x00,0x00,0x00,0x00,
    0x00,0x00,0x80,0xF0, 0x60,0x10,0x18,0x0C,
    0x04,0x04,0x00,0x04, 0x00,0x08,0x00,0x08,
    0xFF,0x40,0x60,0x3C, 0x18,0x04,0x46,0x03,
    0x01,0x01,0x00,0x81, 0x00,0x02,0x00,0x82,
    0xC0,0x42,0x20,0x2E, 0x16,0x22,0x20,0x10,
    0x00,0x30,0x10,0x00, 0x60,0x20,0x20,0x60,
    0xF0,0x10,0x08,0x0B, 0x05,0x08,0x08,0x04,
    0x00,0x0C,0x04,0x00, 0x18,0x08,0x08,0x18,
    0x00,0x00,0x00,0x00, 0x00,0x00,0x00,0x00,
    0x00,0x00,0x00,0x00, 0x00,0x00,0x00,0x00,
    0x00,0x00,0x58,0xB4, 0xA4,0x02,0x82,0xCC,
    0x2E,0x6C,0x6C,0x6E, 0x44,0x1B,0x38,0x6F,
    0x2E,0x1C,0x54,0x3C, 0x60,0x2C,0x7C,0x38,
    0x3C,0x24,0x14,0x0C, 0x0C,0x04,0x04,0x00,
    0x00,0x00,0x00,0xD8, 0xF4,0xA4,0x82,0x42,
    0x0C,0x6E,0x2C,0x6C, 0x6E,0x14,0x3B,0x28,
    0x6F,0x7E,0x7C,0x38, 0x68,0x38,0x54,0x2C,
    0x24,0x3C,0x18,0x00, 0x00,0x00,0x00,0x00,
    0x00,0x00,0x58,0xB4, 0xA4,0x02,0x82,0xCC,
    0x2E,0x6C,0x6C,0x6E, 0x44,0x1B,0x38,0x6F,
    0x2E,0x1C,0x54,0x3C, 0x64,0x28,0x78,0x38,
    0x3C,0x24,0x14,0x0C, 0x0E,0x06,0x00,0x00,
    0x00,0x78,0xF4,0xA4, 0x02,0x02,0xCC,0x2E,
    0x6C,0x6C,0x6E,0x44, 0x1B,0x38,0x6F,0x0E,
    0x2C,0x14,0x14,0x78, 0x70,0x40,0x20,0x60,
    0x38,0x38,0x30,0x38, 0x18,0x10,0x18,0x0C,
    0xFF,0x00,0x00,0x00, 0x00,0x03,0x0D,0x38,
    0x60,0x60,0xC0,0xB0, 0xF8,0xF0,0x68,0xC9,
    0x40,0xC0,0x01,0x40, 0x52,0xEA,0xFE,0xC4,
    0x44,0x64,0x24,0x1C, 0x1C,0x08,0x04,0x04,
    0xFF,0x00,0x00,0x00, 0x07,0x0D,0x38,0x60,
    0x60,0xE0,0xB0,0xF8, 0xF0,0x69,0xC8,0x40,
    0xC1,0x00,0x02,0x72, 0x6A,0xFC,0x4C,0xCC,
    0x44,0xC4,0x64,0x7C, 0x7C,0x3C,0x1C,0x04,
    0xFF,0x00,0x03,0x05, 0x0C,0x18,0x30,0x40,
    0x60,0x70,0xB8,0xF0, 0xE9,0xE8,0xC0,0x41,
    0xC0,0x02,0x72,0x6A, 0xFC,0x4C,0x8C,0x4C,
    0x44,0xC4,0x24,0x64, 0x7C,0x7C,0x3C,0x1C,
    0xFF,0x00,0x00,0x00, 0x07,0x0D,0x38,0x60,
    0x60,0xC0,0xB0,0xF8, 0xF0,0x69,0xC8,0x40,
    0xC1,0x00,0x02,0x72, 0x6A,0xFC,0x4C,0xCC,
    0x44,0xC4,0x64,0x7C, 0x7C,0x3C,0x1C,0x04,
    0xFF,0x00,0x00,0x1A, 0x2D,0x25,0x26,0x06,
    0x60,0x22,0x60,0x60, 0x72,0xB8,0xB8,0x7C,
    0x3C,0x3C,0x3E,0x14, 0x02,0x08,0x3C,0x3C,
    0x1C,0x3C,0x3C,0x30, 0x20,0x20,0x00,0x00,
    0xFF,0x00,0x00,0x00, 0x1B,0x2D,0x26,0x26,
    0x06,0x62,0x22,0x60, 0x62,0x70,0xB8,0xBE,
    0x7E,0x3E,0x34,0x06, 0x18,0x1C,0x1C,0x3C,
    0x28,0x1C,0x00,0x00, 0x00,0x00,0x00,0x00,
    0xFF,0x00,0x00,0x1A, 0x2D,0x25,0x26,0x06,
    0x60,0x22,0x60,0x60, 0x72,0xB8,0xB8,0x7C,
    0x3C,0x3C,0x3E,0x14, 0x02,0x08,0x1C,0x1C,
    0x1C,0x1C,0x3C,0x30, 0x20,0x00,0x00,0x00,
    0xFF,0x00,0x1E,0x2E, 0x24,0x26,0x06,0x60,
    0x22,0x60,0x60,0x72, 0xB8,0xB8,0x70,0x3C,
    0x28,0x38,0x2C,0x1A, 0x14,0x06,0x04,0x04,
    0x04,0x1C,0x1C,0x18, 0x08,0x18,0x10,0x10,
    0xFF,0x00,0x00,0x00, 0x00,0x00,0x00,0x10,
    0x08,0x18,0x88,0x9C, 0xB6,0xB2,0x67,0x67,
    0x75,0x7F,0x7B,0x63, 0xF7,0xFF,0xBF,0xB6,
    0x32,0x3C,0x28,0x08, 0x00,0x00,0x00,0x00,
    0xFF,0x00,0x00,0x00, 0x00,0x00,0x10,0x18,
    0x18,0x88,0x9C,0xB6, 0xB2,0x67,0xE7,0x75,
    0x7F,0xFB,0x63,0xF7, 0xF7,0xBF,0xBE,0x12,
    0x1C,0x28,0x08,0x00, 0x00,0x00,0x00,0x00,
    0xFF,0x00,0x00,0x00, 0x00,0x18,0x00,0x08,
    0x88,0x1C,0xB6,0xB2, 0xE7,0x67,0x75,0x7F,
    0x7B,0xE3,0xF7,0xF7, 0x37,0xBE,0x1E,0x3C,
    0x28,0x28,0x00,0x00, 0x00,0x00,0x00,0x00,
    0xFF,0x00,0x00,0x00, 0x00,0x00,0x10,0x18,
    0x18,0x88,0x9C,0xB6, 0xB2,0x67,0xE7,0x75,
    0x7F,0xFB,0x63,0xF7, 0xF7,0xBF,0xBE,0x12,
    0x1C,0x28,0x08,0x00, 0x00,0x00,0x00,0x00,
    0xFF,0x00,0x00,0x00, 0x00,0x00,0x00,0x00,
    0x40,0x42,0x02,0x02, 0x0E,0x9A,0xF1,0xA7,
    0xC7,0x8F,0x89,0x3D, 0xFE,0xFA,0x24,0x34,
    0x18,0x00,0x00,0x00, 0x00,0x00,0x00,0x00,
    0xFF,0x00,0x00,0x00, 0x00,0x00,0x00,0x00,
    0x0C,0x0C,0x08,0x0E, 0x1A,0xF1,0xE7,0xC7,
    0x8F,0x89,0x7D,0x7E, 0xFA,0xE6,0xBC,0x18,
    0x00,0x00,0x00,0x00, 0x00,0x00,0x00,0x00,
    0xFF,0x00,0x00,0x00, 0x00,0x00,0x00,0x10,
    0x10,0x10,0x0E,0x1A, 0x61,0x67,0xC7,0x8F,
    0x89,0xFD,0x3E,0x7A, 0xE4,0xFE,0x98,0x00,
    0x00,0x00,0x00,0x00, 0x00,0x00,0x00,0x00,
    0xFF,0x00,0x00,0x00, 0x00,0x00,0x00,0x00,
    0x20,0x20,0x00,0x0E, 0x1A,0xF1,0xE7,0xC7,
    0x8F,0x89,0x7D,0x7E, 0xFA,0xE6,0xBC,0x18,
    0x00,0x00,0x00,0x00, 0x00,0x00,0x00,0x00,
    0x00,0x00,0x00,0x00, 0x1C,0x3C,0x7E,0x7E,
    0x7A,0x7A,0x5B,0x01, 0x58,0x59,0x08,0xC8,
    0xDD,0x5F,0xF6,0xFB, 0x60,0x76,0xF7,0xC4,
    0xC4,0x1B,0x08,0x02, 0x12,0x3E,0x3A,0x18,
    0x00,0x00,0x00,0x00, 0x1C,0x3C,0x36,0x7E,
    0x7A,0x7A,0x7B,0x59, 0x00,0x59,0x58,0x08,
    0xC9,0xDF,0xDE,0xF7, 0xF8,0xE6,0x77,0x34,
    0xE4,0xDF,0x48,0x62, 0x12,0x3E,0x3A,0x18,
    0x00,0x00,0x00,0x00, 0x00,0x1C,0x3C,0x36,
    0x7A,0x7A,0x7B,0x79, 0x58,0x01,0x58,0x58,
    0x09,0xCB,0xDE,0xDF, 0xFC,0xFE,0xE5,0x76,
    0x30,0x5F,0x0C,0x42, 0x72,0x7E,0x7A,0x18,
    0x00,0x00,0x00,0x00, 0x00,0x1C,0x3C,0x7E,
    0x7A,0x7A,0x7B,0x59, 0x00,0x59,0x58,0x08,
    0xC9,0xDF,0xDE,0xF7, 0xF8,0xE6,0x77,0x34,
    0xE4,0xDF,0x48,0x62, 0x12,0x3E,0x3A,0x18,
    0x00,0x00,0x00,0x00, 0x7C,0x7C,0xFC,0x3E,
    0xB8,0x1A,0x32,0x90, 0x00,0x3A,0x0A,0x20,
    0x8A,0xAB,0x7F,0xDF, 0x76,0x46,0xEF,0x23,
    0x03,0xD8,0x10,0x00, 0x00,0x6C,0x5C,0x18,
    0x00,0x00,0x00,0x00, 0x70,0x7C,0xDC,0x3C,
    0xBE,0x38,0x1A,0xB2, 0x10,0x00,0x3A,0x0A,
    0xA0,0x88,0x6A,0xFF, 0x5E,0x77,0xE6,0x2C,
    0x07,0xDB,0x12,0x06, 0x00,0x6C,0x5C,0x18,
    0x00,0x00,0x00,0x00, 0x70,0x78,0xDC,0x1C,
    0xB4,0x3E,0x38,0x9A, 0x32,0x10,0x00,0x3A,
    0x8A,0xA0,0x48,0xEA, 0x7F,0x5D,0xF6,0x26,
    0x0C,0xDA,0x10,0x02, 0x06,0x6E,0x5E,0x18,
    0x00,0x00,0x00,0x00, 0x70,0x7C,0xDC,0x3C,
    0xBE,0x38,0x1A,0xB2, 0x10,0x00,0x3A,0x0A,
    0xA0,0x88,0x6A,0xFF, 0x5E,0x77,0xE6,0x2C,
    0x07,0xDB,0x12,0x06, 0x00,0x6C,0x5C,0x18,
    0x00,0x00,0x00,0x00, 0x00,0x00,0x00,0x01,
    0x0F,0x1F,0x1B,0x33, 0x21,0x60,0x41,0xE0,
    0xE0,0xC0,0xE0,0xE0, 0x60,0xD5,0x60,0x0D,
    0xAF,0xF2,0xE0,0xD2, 0xF6,0x32,0x00,0x00,
    0x00,0x00,0x00,0x00, 0x00,0x00,0x01,0x01,
    0x0F,0x1F,0x1B,0x31, 0x20,0x61,0x40,0xE0,
    0xE0,0xC0,0xE0,0xE0, 0x65,0xD0,0x65,0x0C,
    0xAF,0xF2,0xE0,0xD2, 0xF6,0x32,0x00,0x00,
    0x00,0x00,0x00,0x00, 0x00,0x00,0x03,0x01,
    0x0F,0x1F,0x13,0x33, 0x21,0x60,0x41,0xE0,
    0xE0,0xC0,0xE0,0xE5, 0x60,0xD5,0x6C,0x0F,
    0xAE,0x70,0x60,0xD2, 0xF6,0x32,0x00,0x00,
    0x00,0x00,0x00,0x00, 0x00,0x00,0x01,0x01,
    0x0F,0x1F,0x1B,0x31, 0x20,0x61,0x40,0xE0,
    0xE0,0xC0,0xE0,0xE0, 0x65,0xD0,0x65,0x0C,
    0xAF,0xF2,0xE0,0xD2, 0xF6,0x32,0x00,0x00,
    0x00,0x00,0x00,0x00, 0x00,0x00,0x00,0x00,
    0x00,0x90,0xF0,0xF8, 0x78,0xF8,0x78,0xFF,
    0xE8,0xC4,0x36,0x37, 0xB7,0x31,0xB2,0xD2,
    0xE0,0x3D,0x1F,0x00, 0x00,0x00,0x00,0x00,
    0x00,0x00,0x00,0x00, 0x00,0x00,0x00,0x00,
    0x00,0x90,0xF0,0xF8, 0x78,0xF8,0x78,0xFF,
    0xE8,0xC4,0x36,0x37, 0xB7,0x31,0xB2,0xD2,
    0xF0,0x3B,0x1F,0x00, 0x00,0x00,0x00,0x00,
    0x00,0x00,0x00,0x00, 0x00,0x00,0x00,0x00,
    0x00,0x90,0xF0,0xF8, 0x78,0xF8,0x78,0xFF,
    0xE8,0xC4,0x36,0x37, 0xB7,0x31,0xB2,0x52,
    0xF0,0x3F,0x0F,0x00, 0x00,0x00,0x00,0x00,
    0x00,0x00,0x00,0x00, 0x00,0x00,0x00,0x00,
    0x00,0x90,0xF0,0xF8, 0x78,0xF8,0x78,0xFF,
    0xE8,0xC4,0x36,0x37, 0xB7,0x31,0xB2,0xD2,
    0xE0,0x35,0x1F,0x00, 0x00,0x00,0x00,0x00,
    0x00,0x00,0x00,0x00, 0xC0,0xC0,0xA0,0xE0,
    0xE0,0x60,0x50,0x76, 0xDE,0x7E,0x7F,0xE6,
    0x37,0x3E,0x7F,0x3E, 0x3E,0x33,0x36,0x33,
    0x12,0x06,0x04,0x24, 0x36,0x22,0x00,0x00,
    0x00,0x00,0x00,0x00, 0xE0,0xC0,0xE0,0xE0,
    0x40,0x60,0x50,0x76, 0x7E,0x7E,0x9E,0x67,
    0x36,0x3E,0x7F,0x3E, 0x3E,0x33,0x36,0x33,
    0x12,0x06,0x04,0x24, 0x36,0x22,0x00,0x00,
    0x00,0x00,0x00,0x00, 0xA0,0x60,0x40,0xE0,
    0xE0,0x60,0x50,0xF6, 0x5E,0x3E,0x7E,0x77,
    0x26,0x3E,0x7E,0x3E, 0x3F,0x32,0x36,0x32,
    0x12,0x06,0x04,0x24, 0x36,0x22,0x00,0x00,
    0x00,0x00,0x00,0x00, 0xE0,0xC0,0xE0,0xE0,
    0x40,0x60,0x50,0x76, 0x7E,0x7E,0x9E,0x67,
    0x36,0x3E,0x7F,0x3E, 0x3E,0x33,0x36,0x33,
    0x12,0x06,0x04,0x24, 0x36,0x22,0x00,0x00,
    0x00,0x00,0x00,0x09, 0x00,0x06,0x0F,0x0F,
    0x07,0x07,0x06,0x02, 0x66,0x7E,0xFE,0x8C,
    0x80,0x80,0x46,0x20, 0x2C,0x7C,0x78,0xC0,
    0x64,0x48,0xC0,0x00, 0x20,0x6C,0x64,0x4C,
    0x00,0x00,0x00,0x09, 0x00,0x06,0x0F,0x0F,
    0x07,0x07,0x06,0x02, 0x66,0x7E,0xFE,0x8C,
    0x80,0x80,0x46,0x20, 0x2C,0x7C,0x78,0xC0,
    0x64,0x48,0xC0,0x00, 0x20,0x6C,0x64,0x4C,
    0x00,0x00,0x00,0x09, 0x00,0x06,0x0F,0x0F,
    0x07,0x07,0x06,0x02, 0x66,0x7E,0xFE,0x8C,
    0x80,0x80,0x46,0x20, 0x2C,0x7C,0x78,0xC0,
    0x64,0x48,0xC0,0x00, 0x20,0x6C,0x64,0x4C,
    0x00,0x00,0x00,0x09, 0x00,0x06,0x0F,0x0F,
    0x07,0x05,0x00,0x02, 0x66,0x7E,0xFE,0x8C,
    0x80,0x80,0x46,0x20, 0x2C,0x7C,0x78,0xC0,
    0x64,0x48,0xC0,0x00, 0x20,0x6C,0x64,0x4C,
    0x00,0x00,0x00,0x00, 0x00,0x00,0x24,0x3C,
    0x3C,0x3E,0x3C,0x24, 0x26,0x00,0x60,0x3E,
    0x3C,0x58,0x66,0x76, 0x76,0x7E,0x5A,0x0C,
    0x0E,0x1E,0x1E,0x00, 0x00,0x00,0x00,0x00,
    0x00,0x00,0x00,0x00, 0x00,0x00,0x24,0x3C,
    0x3C,0x3E,0x3C,0x24, 0x26,0x00,0x60,0x3E,
    0x3C,0x58,0x66,0x76, 0x76,0x7E,0x5A,0x0E,
    0x0E,0x1E,0x1C,0x00, 0x00,0x00,0x00,0x00,
    0x00,0x00,0x00,0x00, 0x00,0x00,0x24,0x3C,
    0x3C,0x3E,0x3C,0x24, 0x26,0x00,0x60,0x3E,
    0x3C,0x58,0x66,0x76, 0x76,0x7E,0x5A,0x0C,
    0x0A,0x1E,0x1C,0x00, 0x00,0x00,0x00,0x00,
    0x00,0x00,0x00,0x00, 0x00,0x00,0x24,0x3C,
    0x3C,0x3E,0x3C,0x24, 0x26,0x00,0x60,0x3E,
    0x3C,0x58,0x66,0x76, 0x76,0x7E,0x5A,0x0C,
    0x0C,0x1E,0x1E,0x00, 0x00,0x00,0x00,0x00,
    0x00,0x00,0x18,0x38, 0x6C,0x74,0x7C,0x7E,
    0x6A,0xCC,0x4E,0xA8, 0x6C,0x02,0x2E,0x28,
    0x42,0x3A,0xF8,0x38, 0x3E,0x28,0xB8,0x3A,
    0x18,0x7C,0x0C,0x5C, 0x00,0x40,0x00,0x40,
    0x00,0x18,0x3C,0x3C, 0x36,0x7A,0x7A,0x6C,
    0x2E,0x4C,0x28,0x5E, 0x82,0x3E,0x2C,0x42,
    0x9A,0x38,0x38,0x3E, 0x2C,0x38,0x58,0x18,
    0x1A,0x48,0x02,0x4C, 0x00,0x50,0x20,0x00,
    0x00,0x00,0x0C,0x1C, 0x36,0x32,0x3A,0x2F,
    0x6C,0x2C,0x44,0x36, 0x3A,0x42,0x3E,0x34,
    0x21,0x1A,0x3C,0x18, 0x7E,0x2C,0x1C,0x1C,
    0x5E,0x08,0x12,0x08, 0x60,0x28,0x06,0x00,
    0x00,0x18,0x3C,0x3C, 0x36,0x7A,0x7A,0x6C,
    0x2E,0x4C,0x28,0x5E, 0x82,0x3E,0x2C,0x42,
    0x9A,0x38,0x38,0x3E, 0x2C,0x38,0x18,0x58,
    0x1A,0x08,0x42,0x0C, 0x40,0x50,0x20,0x00,
    0x00,0x00,0x00,0xC0, 0x60,0x38,0xCC,0x67,
    0x38,0x08,0x0E,0x0D, 0x18,0x3C,0x24,0x3E,
    0x3A,0x3C,0x1C,0x3C, 0x3E,0x20,0x26,0x34,
    0x3C,0x1C,0x00,0x00, 0x00,0x00,0x00,0x00,
    0x00,0x00,0x00,0xC0, 0x60,0x38,0xCC,0x67,
    0x38,0x08,0x0E,0x0D, 0x18,0x3C,0x34,0x1E,
    0x3A,0x3C,0x3C,0x3C, 0x3E,0x20,0x26,0x34,
    0x3C,0x1C,0x00,0x00, 0x00,0x00,0x00,0x00,
    0x00,0x00,0x00,0xC0, 0x60,0x38,0xCC,0x67,
    0x38,0x08,0x0E,0x2D, 0x38,0x7C,0x04,0x1E,
    0x7A,0x3C,0x3C,0x3C, 0x3E,0x20,0x26,0x34,
    0x3C,0x1C,0x00,0x00, 0x00,0x00,0x00,0x00,
    0x00,0x00,0x00,0xC0, 0x60,0x38,0xCC,0x67,
    0x38,0x08,0x0E,0x0D, 0x18,0x3C,0x34,0x1E,
    0x3A,0x3C,0x3C,0x3C, 0x3E,0x20,0x26,0x34,
    0x3C,0x1C,0x00,0x00, 0x00,0x00,0x00,0x00,
    0x00,0x00,0x00,0x00, 0x00,0x00,0x00,0x00,
    0x00,0x00,0x00,0x60, 0x70,0x7E,0xDC,0x86,
    0x07,0x87,0x83,0x41, 0xE3,0xE7,0xFF,0xFE,
    0x6C,0xE8,0x7C,0xCC, 0x40,0x00,0x00,0x00,
    0x00,0x00,0x00,0x00, 0x00,0x00,0x00,0x00,
    0x00,0x00,0x00,0x60, 0x70,0x7E,0xDC,0x86,
    0x07,0x87,0x83,0x41, 0xE3,0xE6,0xFF,0xFE,
    0x6C,0xE8,0x7C,0xCC, 0x40,0x00,0x00,0x00,
    0x00,0x00,0x00,0x00, 0x00,0x00,0x00,0x00,
    0x00,0x00,0x00,0x60, 0x70,0x7E,0xDC,0x86,
    0x07,0x87,0x83,0x41, 0xE3,0xE7,0xFF,0xFE,
    0x6C,0xE8,0x7C,0xCC, 0x40,0x00,0x00,0x00,
    0x00,0x00,0x00,0x00, 0x00,0x00,0x00,0x00,
    0x00,0x00,0x00,0x60, 0x70,0x7E,0xDC,0x86,
    0x07,0x87,0x83,0x41, 0xE3,0xE6,0xFF,0xFE,
    0x6C,0xE8,0x7C,0xCC, 0x40,0x00,0x00,0x00,
    0xC0,0x04,0x04,0x1E, 0x3E,0x3E,0x62,0x6A,
    0xF6,0x5A,0x6C,0x70, 0xEC,0x1C,0x7E,0x7A,
    0x32,0x62,0x63,0x20, 0x39,0x78,0x78,0x28,
    0x49,0x78,0x23,0x12, 0x16,0x1E,0x1C,0x00,
    0xC0,0x04,0x04,0x1E, 0x3E,0x3E,0x62,0x6A,
    0xF6,0x5A,0x6C,0x70, 0xEC,0x1E,0x7E,0x7A,
    0x32,0x63,0x60,0x29, 0x38,0x78,0x78,0x28,
    0x49,0x78,0x23,0x12, 0x16,0x1E,0x1C,0x00,
    0xC0,0x04,0x04,0x1E, 0x3E,0x3E,0x62,0x6A,
    0xF6,0x5A,0x6C,0x70, 0xEC,0x1E,0x7A,0x7A,
    0x33,0x60,0x69,0x20, 0x38,0x78,0x78,0x28,
    0x4D,0x7C,0x23,0x12, 0x16,0x1E,0x1C,0x00,
    0xC0,0x04,0x04,0x1E, 0x3E,0x3E,0x62,0x6A,
    0xF6,0x5A,0x6C,0x70, 0xEC,0x1E,0x7E,0x7A,
    0x32,0x63,0x60,0x29, 0x38,0x78,0x78,0x28,
    0x49,0x78,0x23,0x12, 0x16,0x1E,0x1C,0x00,
    0x00,0x00,0x00,0x00, 0x00,0x06,0x06,0x03,
    0x03,0x02,0x00,0x00, 0x06,0x3E,0x6A,0x46,
    0x06,0x84,0x00,0x82, 0x82,0xC2,0x60,0x24,
    0xFC,0xDC,0x98,0xB8, 0x38,0x00,0x10,0x00,
    0x00,0x00,0x00,0x02, 0x06,0x03,0x03,0x02,
    0x06,0x00,0x00,0x06, 0x38,0x6E,0x44,0x44,
    0x04,0x80,0x02,0x82, 0x42,0xE0,0x24,0xFC,
    0xDC,0x98,0xB8,0x38, 0x00,0x10,0x00,0x00,
    0x06,0x06,0x06,0x02, 0x02,0x00,0x00,0x00,
    0x00,0x00,0x00,0x3C, 0x6A,0x4C,0x04,0x40,
    0x02,0x80,0x42,0xC4, 0x60,0x24,0xFC,0xDC,
    0x98,0x68,0x38,0x28, 0x10,0x00,0x00,0x00,
    0x00,0x00,0x00,0x02, 0x06,0x03,0x03,0x02,
    0x06,0x00,0x00,0x06, 0x38,0x6E,0x44,0x44,
    0x04,0x80,0x02,0x82, 0x42,0xE0,0x24,0xFC,
    0xDC,0x98,0xB8,0x38, 0x00,0x10,0x00,0x00,
    0x00,0x00,0x00,0x2C, 0x3C,0x18,0x64,0x00,
    0x70,0x08,0x20,0x00, 0x38,0x00,0x28,0x18,
    0x20,0x24,0x26,0x10, 0x06,0x10,0x2C,0x3A,
    0x3E,0x3C,0x1C,0x08, 0x08,0x18,0x18,0x00,
    0x00,0x00,0x00,0x3C, 0x3C,0x18,0x24,0x00,
    0x00,0x00,0x00,0x24, 0x00,0x24,0x18,0x18,
    0x24,0x24,0x60,0x2E, 0x00,0x28,0x76,0x3C,
    0x3C,0x3C,0x18,0x08, 0x08,0x18,0x18,0x00,
    0x00,0x00,0x00,0x34, 0x3C,0x18,0x26,0x00,
    0x0E,0x10,0x04,0x00, 0x1C,0x00,0x14,0x18,
    0x04,0x24,0x64,0x08, 0x60,0x08,0x34,0x54,
    0x7C,0x3C,0x38,0x08, 0x0C,0x1C,0x18,0x00,
    0x00,0x00,0x00,0x3C, 0x3C,0x18,0x24,0x00,
    0x00,0x00,0x00,0x24, 0x00,0x24,0x18,0x18,
    0x24,0x24,0x60,0x2E, 0x00,0x28,0x76,0x3C,
    0x3C,0x3C,0x18,0x08, 0x08,0x18,0x18,0x00,
    0x00,0x00,0x00,0x00, 0x00,0x00,0x00,0x00,
    0x00,0x00,0x00,0x04, 0x0E,0x7A,0x3A,0x73,
    0xF0,0xE1,0xC2,0x80, 0x81,0xE5,0x7F,0x3F,
    0x37,0x15,0x3E,0x32, 0x02,0x00,0x00,0x00,
    0x00,0x00,0x00,0x00, 0x00,0x00,0x00,0x00,
    0x00,0x00,0x00,0x04, 0x0E,0x7A,0x3A,0x73,
    0xF0,0xE1,0xC2,0x80, 0x81,0xE5,0x7F,0x3F,
    0x37,0x15,0x3E,0x32, 0x02,0x00,0x00,0x00,
    0x00,0x00,0x00,0x00, 0x00,0x00,0x00,0x00,
    0x00,0x00,0x00,0x04, 0x0E,0x7A,0x3A,0x73,
    0xF0,0xE1,0xC2,0x80, 0x81,0xE5,0x7F,0x3F,
    0x37,0x15,0x3E,0x32, 0x02,0x00,0x00,0x00,
    0x00,0x00,0x00,0x00, 0x00,0x00,0x00,0x00,
    0x00,0x00,0x00,0x04, 0x0E,0x7A,0x3A,0x73,
    0xF0,0xE1,0xC2,0x80, 0x81,0xE5,0x7F,0x3F,
    0x37,0x15,0x3E,0x32, 0x02,0x00,0x00,0x00,
    0x00,0x06,0x06,0x6E, 0x66,0xFE,0xE7,0x7F,
    0xE4,0x68,0xF2,0xF8, 0xF2,0xE0,0xFA,0xF0,
    0x72,0xF0,0xE0,0xE6, 0x30,0x66,0xAE,0xC4,
    0x2E,0x9C,0x6C,0x64, 0x5C,0x16,0x0C,0x0E,
    0x00,0x00,0x06,0x66, 0xE5,0xE2,0x76,0xE7,
    0x77,0xFE,0xE1,0xFA, 0xE0,0xEA,0xF8,0x78,
    0xF8,0xF0,0xE2,0x70, 0x26,0xE4,0x66,0x06,
    0xFE,0x5C,0x2C,0x54, 0x1C,0x06,0x0E,0x0E,
    0x00,0x00,0x00,0x06, 0x63,0x65,0xF2,0xE6,
    0x77,0xE7,0x66,0xFC, 0xF3,0xF8,0xE8,0xFB,
    0xF8,0x78,0xF0,0xE0, 0xF2,0x3B,0x66,0xA6,
    0xC6,0x2E,0x9E,0x7C, 0x6C,0x5C,0x1E,0x0E,
    0x00,0x00,0x06,0x04, 0x6E,0x76,0x6E,0xF7,
    0xEF,0x64,0xEA,0x62, 0xE8,0xF2,0xF0,0x7A,
    0xF0,0x70,0x72,0xD0, 0xE6,0xB4,0x62,0x26,
    0xE4,0xCE,0x9C,0xAC, 0x04,0x78,0x58,0x0C,
    0xFF,0x23,0xC1,0xFF, 0x6B,0xC8,0x88,0xC1,
    0x18,0x68,0x7F,0xCF, 0x2D,0x3A,0xB3,0x88,
    0x14,0x24,0x1C,0x3C, 0x47,0x81,0xF7,0x83,
    0xF1,0x37,0xD8,0xC4, 0x14,0xD8,0xB2,0x2B,
    0xE6,0x5B,0x87,0xA1, 0xEF,0x25,0x62,0x15,
    0xA4,0x19,0x3C,0xD3, 0x36,0xC4,0xA4,0x38,
    0x38,0x66,0x4C,0xA5, 0xC2,0xB8,0x1D,0x63,
    0x4A,0x52,0x86,0x43, 0xE7,0xC2,0xC1,0x11,
    0x3C,0x89,0x63,0xB8, 0x6B,0x83,0xB8,0x19,
    0x1A,0x33,0x4A,0xC4, 0x34,0x41,0xC3,0x81,
    0x3E,0x18,0x23,0xE7, 0x48,0x4E,0x18,0x03,
    0x22,0xC1,0xA8,0x8E, 0x1C,0x8C,0xE3,0x38,
    0xE8,0x81,0xCF,0x11, 0x27,0x3D,0x41,0x31,
    0x18,0xAC,0xC3,0x14, 0x88,0xC1,0x31,0x9A,
    0x61,0x22,0x45,0xBD, 0x62,0x7E,0x94,0x81,
    0x29,0x51,0x12,0x24, 0x59,0x39,0x42,0x94,
    0x42,0x24,0x5A,0xBA, 0x66,0x4D,0x44,0x22,
    0x88,0x81,0x11,0xA2, 0x42,0x45,0x18,0x34,
    0x2C,0x18,0x14,0x24, 0x29,0x82,0xE7,0x14,
    0x38,0x1C,0x28,0x81, 0xC4,0x42,0x83,0xC3,
    0x41,0x81,0x22,0x18, 0x14,0x08,0x00,0x00,
    0xFF,0x23,0xC1,0xFF, 0x6B,0xC8,0x88,0xC1,
    0x18,0x68,0x7F,0xCF, 0x2D,0x3A,0xB3,0x88,
    0x14,0x24,0x1C,0x3C, 0x47,0x81,0xF7,0x83,
    0xF1,0x37,0xD8,0xC4, 0x14,0xD8,0xB2,0x2B,
    0xE6,0x5B,0x87,0xA1, 0x8F,0x25,0x12,0x15,
    0x24,0x19,0x3C,0x53, 0x37,0xC4,0xA4,0x38,
    0x38,0x66,0x4C,0xA5, 0xC2,0xB8,0x1D,0x63,
    0x4A,0x52,0x86,0x43, 0xE7,0xC2,0xC1,0x11,
    0x3C,0x89,0x63,0xB8, 0x6B,0x83,0xB8,0x19,
    0x1A,0x33,0x4A,0xC4, 0x34,0x41,0xC3,0x81,
    0x3E,0x18,0x23,0xE7, 0x48,0x4E,0x18,0x03,
    0x22,0xC1,0xA8,0x8E, 0x1C,0x8C,0xE3,0x38,
    0xE8,0x81,0xCF,0x11, 0x27,0x3D,0x41,0x31,
    0x18,0xAC,0xC3,0x14, 0x88,0xC1,0x31,0x9A,
    0x61,0x22,0x45,0xBD, 0x62,0x7E,0x94,0x81,
    0x29,0x51,0x12,0x24, 0x59,0x39,0x42,0x94,
    0x42,0x24,0x5A,0xBA, 0x66,0x4D,0x44,0x22,
    0x88,0x81,0x11,0xA2, 0x42,0x45,0x18,0x34,
    0x2C,0x18,0x14,0x24, 0x29,0x82,0xE7,0x14,
    0x38,0x1C,0x28,0x81, 0xC4,0x42,0x83,0xC3,
    0x41,0x81,0x22,0x18, 0x14,0x08,0x00,0x00,
    0x81,0x28,0x46,0xE1, 0x38,0x19,0x4C,0xF8,
    0x13,0xE4,0x27,0xD8, 0x47,0x1B,0x98,0x83,
    0x82,0xC5,0x31,0x6C, 0x34,0x88,0xC7,0xE3,
    0xF6,0x73,0x1F,0xFC, 0x94,0xE3,0x21,0x78,
    0x8E,0x21,0x99,0x15, 0x7E,0x46,0xCB,0xD1,
    0x11,0x0E,0x00,0x00, 0x81,0x28,0x46,0xE1,
    0x38,0x19,0x4C,0xF8, 0x13,0xE4,0x27,0xD8,
    0x47,0x1B,0x98,0x83, 0x82,0xC5,0x31,0x6C,
    0x34,0x88,0xC7,0xE3, 0xF6,0x73,0x1F,0xFC,
    0x94,0xE3,0x21,0x78, 0x1E,0xF8,0x91,0xF4,
    0x6B,0x92,0xE6,0xFE, 0xC9,0xE1,0x01,0x00,
    0x81,0x28,0x46,0xE1, 0x38,0x19,0x4C,0xF8,
    0x13,0xE4,0x27,0xD8, 0x47,0x1B,0x98,0x83,
    0x82,0xC5,0x31,0x6C, 0x34,0x88,0xC7,0xE3,
    0xF6,0x73,0x1F,0xFC, 0x94,0xE3,0x1E,0xD2,
    0xE7,0xB4,0x28,0x1E, 0x17,0x79,0x2E,0xC8,
    0x11,0x00,0x00,0x00, 0x81,0x28,0x46,0xE1,
    0x38,0x19,0x4C,0xF8, 0x13,0xE4,0x27,0xD8,
    0x47,0x1B,0x98,0x83, 0x82,0xC5,0x31,0x6C,
    0x34,0x88,0xC7,0xE3, 0xF6,0x73,0x1F,0xFC,
    0x94,0xE3,0x21,0x78, 0x1E,0xBC,0x91,0xF2,
    0x6B,0xC6,0xE6,0xF8, 0xC9,0xF1,0x01,0x00,
    0x28,0x71,0x2F,0xC1, 0xE4,0x18,0x78,0x83,
    0x42,0x13,0x88,0x24, 0x86,0x33,0x6E,0x84,
    0x93,0xE7,0x41,0x4F, 0xA9,0x9B,0xC4,0x3E,
    0xA2,0x27,0xCC,0x84, 0x37,0x94,0xEC,0x00,
    0x28,0x71,0x2F,0xC1, 0xE4,0x18,0x78,0x83,
    0x42,0x13,0x88,0x24, 0x86,0x33,0x6E,0x84,
    0x93,0xE7,0xC1,0x49, 0xE9,0x97,0x64,0x3F,
    0xDB,0x47,0x68,0x33, 0x94,0x1E,0xEC,0x0C,
    0x28,0x71,0x2F,0xC1, 0xE4,0x18,0x78,0x83,
    0x42,0x13,0x88,0x24, 0x86,0x33,0x6E,0x84,
    0x93,0xE7,0xC1,0x49, 0xE9,0x97,0x64,0x3F,
    0xDB,0x47,0x6C,0x34, 0x94,0xEC,0x1F,0x0E,
    0x28,0x71,0x2F,0xC1, 0xE4,0x18,0x78,0x83,
    0x42,0x13,0x88,0x24, 0x86,0x33,0x6E,0x84,
    0x93,0xE7,0x41,0x4B, 0xA9,0x9F,0xC4,0x3E,
    0x62,0x7B,0xD2,0x64, 0xC6,0x43,0x89,0xC1,
    0x0E,0x00,0x00,0x00, 0xE7,0xF8,0x73,0x97,
    0x81,0xF1,0xC5,0x3C, 0x38,0x8C,0xF7,0x8C,
    0xC6,0x1C,0x18,0x18, 0x73,0xEC,0x78,0xC7,
    0xFF,0x63,0x8F,0x41, 0x74,0xC1,0x1B,0x00,
    0xE7,0xF8,0x73,0x97, 0x81,0xF1,0xC5,0x3C,
    0x38,0x8C,0xF7,0x8C, 0xC6,0x1C,0x18,0x18,
    0x73,0xEC,0x78,0xC7, 0xFF,0x63,0x8F,0x21,
    0x64,0x17,0xBC,0x01, 0xE7,0xF8,0x73,0x97,
    0x81,0xF1,0xC5,0x3C, 0x38,0x8C,0xF7,0x8C,
    0xC6,0x1C,0x18,0x18, 0x73,0xEC,0x78,0xC7,
    0xFF,0x63,0x8F,0x41, 0x76,0xE1,0x1B,0x00,
    0xE7,0xF8,0x73,0x97, 0x81,0xF1,0xC5,0x3C,
    0x38,0x8C,0xF7,0x8C, 0xC6,0x1C,0x18,0x18,
    0x73,0xEC,0x78,0xC7, 0xFF,0x63,0x8F,0x21,
    0x64,0x17,0xBC,0x01, 0xFC,0x83,0xFF,0xCF,
    0xC3,0x81,0xCB,0x33, 0xFE,0xB8,0x64,0x87,
    0x42,0x8C,0x89,0x82, 0x11,0x1D,0x18,0xE3,
    0xFF,0xFC,0xFF,0x64, 0xE2,0x87,0x87,0x3F,
    0x98,0xC3,0x41,0x8E, 0xF8,0x48,0x31,0x18,
    0xFC,0x83,0xFF,0xCF, 0xC3,0x81,0xCB,0x33,
    0xFE,0xB8,0x64,0x87, 0x42,0x8C,0x89,0x82,
    0x11,0x1D,0x18,0xE3, 0xFF,0x1C,0xF8,0x64,
    0xF2,0x87,0x87,0xF1, 0xBF,0xC3,0x3B,0x1C,
    0x44,0xF8,0x81,0x48, 0x31,0x18,0x00,0x00,
    0xFE,0xC1,0xFF,0xE7, 0xE1,0x5C,0x9C,0xF1,
    0xE7,0x27,0x83,0x43, 0x12,0x62,0x4C,0x14,
    0x8C,0xE8,0x8C,0xF1, 0x7F,0x32,0x7E,0x8F,
    0x35,0xC6,0x41,0x13, 0x8C,0x1A,0xCD,0xC8,
    0xF6,0x3F,0xF8,0x3A, 0x1C,0x46,0x00,0x00,
    0xFC,0x83,0xFF,0xCF, 0xC3,0x81,0xCB,0x33,
    0xFE,0xB8,0x64,0x87, 0x42,0x8C,0x89,0x82,
    0x11,0x1D,0x18,0xE3, 0xFF,0x1C,0xF8,0x64,
    0xF2,0x87,0x87,0xF1, 0xBF,0xC3,0x3B,0x1C,
    0x44,0xF8,0x81,0x48, 0x31,0x18,0x00,0x00,
    0x28,0xA1,0x8E,0x12, 0x1A,0x21,0x41,0x11,
    0x18,0x32,0x12,0x42, 0x84,0x18,0x21,0x42,
    0x84,0x38,0x41,0xF8, 0x41,0x84,0x88,0x11,
    0x24,0x12,0x2C,0x42, 0xC5,0x81,0x16,0x46,
    0x18,0x64,0x82,0x92, 0x81,0x12,0x28,0x01,
    0x28,0xE1,0x12,0x89, 0x81,0x82,0x12,0x84,
    0x12,0x81,0x12,0x42, 0x84,0x18,0x91,0x22,
    0x49,0x1C,0x28,0xFC, 0x22,0xC4,0x48,0x12,
    0x81,0x36,0x2B,0xC8, 0x4A,0x81,0x61,0x82,
    0x21,0x1A,0x28,0x41, 0x28,0x01,0x00,0x00,
    0x38,0x4A,0xA4,0x44, 0x88,0x29,0x81,0xA4,
    0x12,0x84,0x28,0x81, 0x28,0x11,0x21,0x42,
    0x84,0x18,0x21,0x4E, 0xE1,0x17,0x21,0x62,
    0x94,0x48,0xA3,0x8C, 0x41,0x4A,0x27,0x48,
    0x18,0x61,0x81,0x69, 0x28,0x00,0x00,0x00,
    0xA6,0x94,0x4A,0x18, 0x28,0xA1,0x82,0x12,
    0x42,0x81,0x12,0x32, 0x21,0x44,0x88,0x11,
    0x22,0x28,0x41,0x9C, 0x12,0x28,0xFC,0x22,
    0xC4,0x48,0x12,0x81, 0x36,0x21,0xC8,0x14,
    0x18,0x26,0x18,0xA2, 0x41,0x28,0x01,0x00,
    0xF8,0x14,0x16,0x99, 0x72,0xC4,0xCB,0x68,
    0x4E,0x81,0x61,0x21, 0x2C,0x3C,0xD8,0x73,
    0xC7,0x23,0x7D,0x8F, 0xEC,0x34,0x38,0x4E,
    0x61,0x13,0x00,0x00, 0xF8,0x14,0x2A,0x38,
    0x8F,0xE9,0x4E,0x81, 0x61,0x21,0x2C,0x3C,
    0xD8,0x73,0xC7,0x23, 0x7D,0x8F,0xEC,0x34,
    0x38,0x4E,0x61,0x13, 0xF8,0x14,0x28,0xEC,
    0x27,0xAC,0x16,0x84, 0x11,0x66,0xC2,0x38,
    0x84,0xC1,0x18,0x87, 0xEC,0xD2,0xBF,0xC8,
    0x47,0x33,0x4E,0x36, 0x01,0x00,0x00,0x00,
    0xF8,0x14,0x2A,0x38, 0x8F,0xE7,0x41,0x18,
    0x61,0x26,0x8C,0x43, 0x18,0x8C,0x71,0xC8,
    0x2E,0xFD,0x8B,0x7C, 0x34,0xE3,0x64,0x13,
    0x1E,0x3F,0x18,0x86, 0x88,0x14,0x18,0x1C,
    0xC6,0xE1,0x36,0x8C, 0x11,0x8C,0x61,0xCE,
    0x38,0x7C,0xE6,0xC1, 0x3D,0xC7,0xFF,0x81,
    0xFE,0xEF,0xF8,0x43, 0x3A,0x00,0x00,0x00,
    0x3C,0x7E,0xC3,0x11, 0x29,0x38,0x1C,0xEC,
    0xC3,0x18,0xC1,0x18, 0xE7,0x8C,0xE2,0x67,
    0x1E,0xDE,0x83,0xC7, 0xFF,0x81,0xFE,0x6F,
    0x3F,0xD8,0x91,0x81, 0x01,0x00,0x00,0x00,
    0x78,0xFC,0x86,0x21, 0x22,0x85,0x73,0x1C,
    0x18,0xC6,0xC3,0x18, 0x8E,0xE5,0xFC,0xF3,
    0x67,0xE8,0xDF,0x83, 0xFF,0xFF,0xE1,0xBF,
    0x87,0x1C,0x8C,0x01, 0x1E,0x3F,0x18,0x86,
    0x88,0x14,0x18,0x1C, 0xC6,0xE1,0x36,0x8C,
    0x11,0x8C,0x61,0xCE, 0x38,0x7E,0xE6,0xE1,
    0x3D,0x78,0xFC,0x1F, 0xE8,0xFF,0x3F,0x65,
    0xF8,0xFC,0x97,0xF8, 0x68,0x6F,0xD6,0xFE,
    0xF4,0x93,0x68,0x48, 0xDC,0xDD,0xFC,0x8B,
    0xDE,0x89,0x8D,0xD3, 0xFD,0xAF,0x49,0x1B,
    0x31,0x61,0xE6,0xFF, 0xD5,0x88,0x1D,0xB5,
    0xC5,0xC6,0xBD,0x2D, 0x8B,0xAF,0x78,0x89,
    0xAC,0x78,0xD9,0x8F, 0x67,0x3E,0x57,0xD4,
    0xE9,0x6A,0x2D,0x15, 0x36,0xEC,0xC3,0xE3,
    0x8B,0x82,0x67,0x43, 0x84,0x4D,0xFD,0x53,
    0x2F,0x85,0x93,0xDF, 0x78,0xD4,0xCF,0x8F,
    0xA7,0xE8,0xF1,0x26, 0xEF,0x1D,0x8A,0xB7,
    0x74,0xEA,0xE9,0x41, 0xB1,0xAF,0x63,0xF8,
    0x7F,0xCA,0xD1,0xB5, 0x56,0x84,0xBF,0x4A,
    0xFD,0xE1,0xD4,0x54, 0x0A,0x00,0x00,0x00,
    0xF8,0xFC,0x97,0xF8, 0x68,0x6F,0xD6,0xFE,
    0xF4,0x93,0x68,0x48, 0xDC,0xDD,0xFC,0x8B,
    0xDE,0x89,0x8D,0xD3, 0xFD,0xAF,0x49,0x1B,
    0x31,0x61,0xE6,0xFF, 0xD5,0x88,0x1D,0xB5,
    0xC5,0xC6,0xBD,0x2D, 0x8B,0xAF,0x78,0x89,
    0xAC,0x78,0xD9,0x8F, 0x67,0x3E,0x57,0xD4,
    0xE9,0x6A,0x8D,0x51, 0x6D,0xC3,0x26,0x68,
    0xE3,0x8B,0xB3,0x36, 0x44,0x83,0x52,0xFD,
    0x83,0x2E,0xE5,0x53, 0xDF,0x78,0x94,0xCF,
    0x8F,0xA5,0xE8,0xF1, 0x27,0xEF,0x1D,0x8A,
    0xB3,0x74,0xEA,0xC9, 0x15,0xFB,0x3A,0x86,
    0xFF,0xA7,0xC2,0x5D, 0x6B,0x45,0xF8,0xAB,
    0xD4,0x1F,0x4E,0x4D, 0xA5,0x00,0x00,0x00,
    0xF8,0xFC,0x97,0xF8, 0x68,0x6F,0xD6,0xFE,
    0xF4,0x93,0x68,0x48, 0xDC,0xDD,0xFC,0x8B,
    0xDE,0x89,0x8D,0xD3, 0xFD,0xAF,0x49,0x1B,
    0x31,0x61,0xE6,0xFF, 0xD5,0x88,0x1D,0xB5,
    0xC5,0xC6,0xBD,0x2D, 0x8B,0xAF,0x78,0x89,
    0x8C,0x38,0xD8,0x6F, 0x66,0x73,0xC5,0x9B,
    0xBE,0xD6,0x58,0x15, 0x37,0x6C,0x83,0x26,
    0xBE,0x38,0x6B,0x43, 0x34,0x28,0xD5,0x3F,
    0xE8,0x52,0xF8,0x53, 0xDF,0x78,0x94,0xCF,
    0x6F,0x8A,0x1E,0x8F, 0x27,0xEF,0x1D,0xEA,
    0xB1,0x74,0xEA,0x69, 0x58,0xB1,0xAF,0xC3,
    0xFF,0xA7,0xD4,0xB5, 0x56,0xF8,0xAB,0xD4,
    0x1F,0x4E,0x4D,0xA5, 0xF8,0xFC,0x97,0xF8,
    0x68,0x6F,0xD6,0xFE, 0xF4,0x93,0x68,0x48,
    0xDC,0xDD,0xFC,0x8B, 0xDE,0x89,0x8D,0xD3,
    0xFD,0xAF,0x49,0x1B, 0x31,0x61,0xE6,0xFF,
    0xD5,0x88,0x1D,0xB5, 0xC5,0xC6,0xBD,0x2D,
    0x8B,0xAF,0x78,0x89, 0xAC,0x78,0xD9,0x8F,
    0x67,0x3E,0x57,0xD4, 0xE9,0x6A,0x8D,0x51,
    0x6D,0xC3,0x26,0x68, 0xE3,0x8B,0xB3,0x36,
    0x44,0x83,0x52,0xFD, 0x83,0x2E,0xE5,0x53,
    0xDF,0x78,0x94,0xCF, 0x8F,0xA5,0xE8,0xF1,
    0x27,0xEF,0x1D,0x8A, 0xB3,0x74,0xEA,0xC9,
    0x15,0xFB,0x3A,0x86, 0xFF,0xA7,0xC2,0x5D,
    0x6B,0x45,0xF8,0xAB, 0xD4,0x1F,0x4E,0x4D,
    0xA5,0x00,0x00,0x00, 0x22,0xFC,0x21,0x43,
    0x84,0x84,0x38,0xCF, 0xE1,0x3E,0x18,0x44,
    0x28,0x13,0x38,0x6C, 0x8C,0x33,0x2A,0xC6,
    0x41,0x18,0x86,0x82, 0x14,0x22,0xCE,0x51,
    0x4A,0x68,0x00,0x00, 0x11,0x3E,0xD8,0x1C,
    0x32,0x3C,0x4E,0xC2, 0x33,0x45,0x8B,0x47,
    0x88,0x11,0x42,0x8C, 0x88,0x31,0x41,0x26,
    0x24,0x88,0x63,0xC1, 0xAC,0xB5,0x45,0x28,
    0x28,0x88,0x61,0x12, 0x0C,0x00,0x00,0x00,
    0x88,0x1F,0x48,0xE8, 0xC1,0x47,0xE1,0x83,
    0xB1,0x12,0x6E,0x18, 0xC2,0x43,0x84,0x21,
    0x1C,0x21,0x42,0x88, 0x11,0x4C,0x58,0x88,
    0xF3,0x32,0x00,0x00, 0x11,0x3E,0xD8,0x32,
    0x24,0xFC,0x3F,0x44, 0x78,0xC8,0xB8,0x87,
    0x81,0xC4,0x28,0x48, 0x16,0x42,0x44,0xA8,
    0x97,0x44,0x2A,0x85, 0x32,0x14,0x0C,0x00,
    0xFF,0xFF,0xFF,0xFF, 0x19,0x7F,0x31,0xF2,
    0xB7,0x24,0x61,0x51, 0x71,0xFD,0xB3,0xDB,
    0x12,0x1B,0xB9,0x13, 0x59,0xFF,0xBB,0x64,
    0xC8,0x88,0x2D,0xB1, 0xFA,0x7F,0x32,0xDA,
    0x8A,0x1B,0x4D,0xDB, 0x1B,0x12,0xE9,0xA9,
    0x1E,0xBF,0xA9,0xEE, 0xA3,0xCE,0x43,0x16,
    0x6B,0xF5,0xBB,0x32, 0x6C,0xA8,0xD4,0xC7,
    0xC3,0x21,0x6C,0x1E, 0x24,0xBF,0xB2,0x81,
    0xA1,0xF4,0xCA,0xFB, 0x49,0x3F,0xBF,0xE2,
    0xF1,0x78,0x51,0x1E, 0x85,0x7B,0x4F,0x97,
    0x57,0x2E,0xF5,0xC1, 0xF5,0x8D,0x9A,0x57,
    0xFE,0x39,0xA6,0xD6, 0xB8,0xB2,0x52,0x88,
    0x2B,0x77,0xA5,0x02, 0xFF,0xFF,0xFF,0xFF,
    0x19,0x7F,0x31,0xF2, 0xB7,0x24,0x61,0x51,
    0x71,0xFD,0xB3,0xDB, 0x12,0x1B,0xB9,0x13,
    0x59,0xFF,0xBB,0x64, 0xC8,0x88,0x2D,0xB1,
    0xFA,0x7F,0x32,0xDA, 0x8A,0x1B,0x4D,0xDB,
    0x1B,0x12,0xE9,0xA9, 0x1E,0xBF,0xA9,0xEE,
    0xA3,0xCE,0x43,0x16, 0x6B,0xF5,0xBB,0x32,
    0x6C,0xAB,0x18,0x7D, 0x6C,0x41,0x22,0x6C,
    0xCD,0xF1,0xAB,0x14, 0xA4,0x74,0xC1,0xFB,
    0x4A,0xF6,0xF3,0x29, 0x1E,0x8F,0x17,0xB5,
    0x51,0xB8,0xF7,0xF4, 0x79,0xE5,0xD2,0x1C,
    0x5C,0xDF,0xA8,0x31, 0xE5,0x1F,0x63,0x6A,
    0x8D,0x2B,0xB4,0x52, 0x88,0x2B,0x77,0xA5,
    0x02,0x00,0x00,0x00, 0xFF,0xFF,0xFF,0xFF,
    0x19,0x7F,0x31,0xF2, 0xB7,0x24,0x61,0x51,
    0x71,0xFD,0xB3,0xDB, 0x12,0x1B,0xB9,0x13,
    0x59,0xFF,0xBB,0x64, 0xC8,0x88,0x2D,0xB1,
    0xFA,0x7F,0x32,0xDA, 0x8A,0x1B,0x4D,0xDB,
    0x1B,0x12,0xE9,0xA9, 0x1E,0xBF,0x81,0xEE,
    0xA3,0xCE,0x42,0x6B, 0xFD,0x7B,0x33,0xEC,
    0xA8,0x1A,0x7D,0x64, 0xC1,0x22,0x6C,0xCD,
    0xF1,0xAB,0x14,0xA4, 0x74,0xC1,0xFB,0x4A,
    0x1E,0x3F,0x9F,0xE2, 0xF1,0x78,0x51,0x57,
    0xB8,0xF7,0xF4,0x91, 0x57,0x2E,0x9D,0xC7,
    0xF5,0x8D,0x3A,0x56, 0xFE,0x21,0x6A,0x8D,
    0xBB,0x52,0x88,0x2B, 0x77,0xA5,0x02,0x00,
    0xFF,0xFF,0xFF,0xFF, 0x19,0x7F,0x31,0xF2,
    0xB7,0x24,0x61,0x51, 0x71,0xFD,0xB3,0xDB,
    0x12,0x1B,0xB9,0x13, 0x59,0xFF,0xBB,0x64,
    0xC8,0x88,0x2D,0xB1, 0xFA,0x7F,0x32,0xDA,
    0x8A,0x1B,0x4D,0xDB, 0x1B,0x12,0xE9,0xA9,
    0x1E,0xBF,0xA9,0xEE, 0xA3,0xCE,0x43,0x16,
    0x6B,0xF5,0xBB,0x32, 0x6C,0xAB,0x18,0x7D,
    0x6C,0x41,0x22,0x6C, 0xCD,0xF1,0xAB,0x14,
    0xA4,0x74,0xC1,0xFB, 0x4A,0xF6,0xF3,0x29,
    0x1E,0x8F,0x17,0xB5, 0x51,0xB8,0xF7,0xF4,
    0x79,0xE5,0xD2,0x1C, 0x5C,0xDF,0xA8,0x31,
    0xE5,0x1F,0x63,0x6A, 0x8D,0x2B,0xB4,0x52,
    0x88,0x2B,0x77,0xA5, 0x02,0x00,0x00,0x00,
    0xC4,0x73,0xC3,0xCF, 0x4E,0x31,0x19,0xC8,
    0x41,0x16,0xF8,0xFC, 0x3F,0xC8,0x17,0xE6,
    0x8F,0x31,0x18,0x27, 0x88,0x49,0x96,0xF8,
    0xEF,0x51,0x31,0xBE, 0x23,0x88,0x1F,0x4F,
    0x11,0x3E,0x1C,0xEC, 0x67,0x11,0x8C,0x43,
    0x38,0xA3,0x25,0xE4, 0x01,0x00,0x00,0x00,
    0x88,0xC7,0x86,0x83, 0x9F,0xF1,0x3F,0xBE,
    0xC2,0xC6,0x7F,0x32, 0xCA,0x11,0x1D,0xC8,
    0x22,0x82,0x1F,0x21, 0xC2,0x31,0x19,0xC2,
    0x43,0x87,0x1F,0x12, 0x87,0x84,0x11,0x6E,
    0x18,0x32,0x1C,0x24, 0x33,0x83,0x8D,0x51,
    0x62,0x1A,0x43,0xC1, 0x86,0x81,0x37,0x00,
    0xF1,0x81,0x2D,0x3E, 0xFC,0x33,0x8D,0xFF,
    0x7F,0x65,0x1F,0x2C, 0x64,0x58,0x81,0x22,
    0x88,0x59,0xFC,0x63, 0x46,0x46,0x83,0x66,
    0x18,0x5C,0xE3,0xF8, 0x5C,0x22,0x83,0x11,
    0x38,0x84,0x58,0x41, 0x33,0xE1,0xF4,0x0C,
    0x88,0xC7,0x86,0x9F, 0xE1,0x2B,0xFE,0x27,
    0x83,0xFF,0x11,0x1C, 0xC8,0x32,0x27,0xF8,
    0xD1,0x22,0x2E,0x63, 0x98,0x18,0xC3,0x46,
    0x96,0x39,0x74,0xE1, 0x16,0x66,0x84,0x39,
    0x2F,0x86,0x5E,0x25, 0xA3,0xC4,0xC1,0x38,
    0x1C,0x3E,0x6C,0xD2, 0xA1,0xE3,0xC4,0x1D,
    0x69,0x8F,0xCA,0x1A, 0xC4,0x82,0xD9,0x8C,
    0x1A,0x21,0x23,0x35, 0xCC,0xAE,0xF8,0xF6,
    0x21,0x88,0x1C,0x14, 0x1E,0xC9,0x56,0x7C,
    0x9D,0x66,0x3A,0x24, 0x87,0xE5,0x18,0x8E,
    0x15,0x1C,0x3E,0xA6, 0x78,0x22,0x3E,0x83,
    0xF7,0xC1,0xEC,0xCF, 0xC8,0x19,0xE2,0xF8,
    0x1F,0xFE,0x01,0x00, 0x38,0x7C,0xD8,0xA4,
    0x43,0xC7,0x81,0xB8, 0x23,0xED,0x51,0x59,
    0x83,0x88,0x58,0x34, 0x1B,0x38,0x13,0x34,
    0x5C,0x64,0x2F,0x84, 0x19,0xA8,0x8D,0xD7,
    0x75,0x11,0x89,0xA3, 0x38,0x91,0x81,0xE1,
    0xA4,0xFF,0x7B,0xC4, 0x4F,0xE4,0x78,0x3F,
    0x39,0x8B,0xF2,0x6F, 0xC4,0xB3,0x14,0xFF,
    0x67,0xFC,0xF8,0x41, 0xCF,0x81,0xFC,0xFC,
    0x7F,0x00,0x00,0x00, 0x87,0xBF,0x81,0x74,
    0xE8,0x38,0x71,0x17, 0xA4,0x3D,0xA2,0xB2,
    0xE4,0x11,0x49,0x66, 0xB3,0x65,0x82,0x66,
    0x1B,0xC8,0xEC,0x38, 0x83,0x31,0xE1,0x1A,
    0x67,0x26,0x79,0xCA, 0xA1,0x43,0x79,0x4E,
    0xFE,0xFF,0xF2,0x9F, 0x58,0x6B,0x1B,0x2F,
    0xCF,0xF9,0xFF,0x2D, 0xFF,0x7C,0x72,0x74,
    0xFE,0xFF,0xFE,0x01, 0x38,0x7C,0xD8,0xA4,
    0x43,0xC7,0x81,0xB8, 0x23,0xED,0x51,0x59,
    0x83,0x88,0x58,0x34, 0x1B,0x38,0x13,0x34,
    0x5C,0x64,0x2F,0x84, 0x19,0xA8,0x8D,0xD7,
    0x75,0x11,0x89,0xA3, 0x38,0x91,0x81,0xE1,
    0xA4,0xFF,0x7B,0xC4, 0x4F,0xE4,0x78,0x3F,
    0x39,0x8B,0xF2,0x6F, 0xC4,0xB3,0x84,0xF1,
    0x7F,0xC6,0x8F,0x1F, 0xFC,0x1C,0xC8,0xCF,
    0xFF,0x87,0xCF,0x1F, 0xF1,0x7E,0x2E,0x1F,
    0xA1,0xF8,0x82,0xF3, 0xF1,0x1C,0xE3,0x31,
    0x86,0x63,0xE8,0x3C, 0xD6,0x83,0x1D,0xF3,
    0x21,0x61,0xCA,0xC7, 0x83,0x8D,0x46,0x66,
    0x98,0x73,0x3A,0xEC, 0x1F,0x87,0xC7,0x41,
    0xE9,0xF1,0xBE,0xFD, 0xE2,0x1E,0x3F,0xFC,
    0x7F,0x28,0x05,0x00, 0xF7,0x83,0x9F,0x21,
    0x7C,0xA2,0x8E,0x73, 0xE1,0x1C,0xF3,0x81,
    0x63,0x38,0x86,0xCE, 0x67,0x3D,0x98,0x73,
    0xF3,0x21,0xC1,0xAD, 0x7C,0x3C,0x88,0x69,
    0x64,0x36,0x47,0x3A, 0x6C,0x3E,0x71,0x78,
    0xE8,0xF1,0xA8,0xFD, 0xEA,0x1E,0x1F,0xFC,
    0x7F,0xAC,0x14,0x00, 0xFF,0xF7,0x3B,0x86,
    0x47,0x1E,0x9C,0x28, 0x16,0x8E,0x33,0x1F,
    0x87,0xC3,0x31,0xE9, 0x28,0x79,0x3D,0xE5,
    0xF3,0xA1,0x51,0xAC, 0x7C,0x3C,0x83,0x29,
    0x64,0x76,0x3A,0xEC, 0x13,0x87,0x87,0x1E,
    0x3F,0xDA,0x6F,0xED, 0xF1,0xAC,0xFF,0x87,
    0xDB,0x02,0x00,0x00, 0xF7,0x83,0x9F,0x21,
    0x7C,0xA2,0x8E,0x73, 0xE1,0x1C,0xF3,0x81,
    0x63,0x38,0x86,0xCE, 0x67,0x3D,0x98,0x73,
    0xF3,0x21,0xC1,0xAD, 0x7C,0x3C,0x88,0x69,
    0x64,0x36,0x47,0x3A, 0x6C,0x3E,0x71,0x78,
    0xE8,0xF1,0xA8,0xFD, 0xEA,0x1E,0x1F,0xFC,
    0x7F,0xAC,0x14,0x00, 0x7C,0x3C,0x8C,0xF3,
    0xF7,0x5C,0xCF,0xD6, 0xE2,0x37,0x33,0xB8,
    0x88,0xC1,0x5F,0x28, 0x2A,0x82,0x81,0xA1,
    0x31,0x23,0xFC,0xF7, 0x19,0x86,0xCF,0x36,
    0x81,0x19,0x77,0x8D, 0xC3,0xDB,0xF1,0x5F,
    0x8A,0x6B,0xC4,0x1F, 0x87,0xFF,0x21,0x38,
    0x34,0x54,0x28,0x00, 0xCF,0xF3,0xC2,0xDF,
    0x8F,0xFD,0x6C,0x2D, 0x3F,0x33,0x82,0x8B,
    0x18,0xF8,0x85,0xA4, 0x22,0x18,0x38,0x1A,
    0xB2,0x33,0xFC,0xE7, 0xED,0x86,0x6F,0x34,
    0x81,0xA9,0x43,0xD1, 0x38,0x1F,0x2A,0xFF,
    0x41,0x1E,0x46,0x5C, 0x88,0xFF,0x14,0x38,
    0xD2,0x15,0x93,0x00, 0xF8,0x9E,0x1F,0x8E,
    0x8F,0x86,0xCF,0xF7, 0xFC,0xFD,0x78,0x13,
    0xF2,0x8A,0x54,0x28, 0xC7,0x2E,0x7A,0x8E,
    0xA3,0x31,0x3C,0xFC, 0xC7,0x8D,0x62,0x6F,
    0xC8,0x13,0x18,0x3A, 0x28,0x8D,0xF3,0x81,
    0xF5,0x1F,0x84,0x62, 0xC4,0x83,0x7F,0x1A,
    0x58,0x2D,0xE7,0x22, 0x01,0x00,0x00,0x00,
    0xCF,0xF3,0xC2,0xDF, 0x8F,0xFD,0x6C,0x2D,
    0x3F,0x33,0x82,0x8B, 0x18,0xF8,0x85,0xA4,
    0x22,0x18,0x38,0x1A, 0xB2,0x33,0xFC,0xE7,
    0xED,0x86,0x6F,0x34, 0x81,0xA9,0x43,0xD1,
    0x38,0x1F,0x2A,0xFF, 0x41,0x1E,0x46,0x5C,
    0x88,0xFF,0x14,0x38, 0xD2,0x15,0x93,0x00,
    0xF1,0x7E,0xFE,0x11, 0xF8,0x82,0x9F,0xC1,
    0x31,0x3B,0x66,0xC8, 0x6F,0x81,0x11,0x31,
    0xE6,0x62,0x6E,0x8F, 0xCD,0xC7,0x81,0x39,
    0x66,0x24,0xE3,0xF2, 0x3F,0x62,0x34,0x94,
    0xBE,0xC1,0xE8,0xDF, 0x2F,0xF8,0xF1,0xE3,
    0x7F,0x28,0x05,0x00, 0xF7,0x83,0x9F,0xC1,
    0x27,0x7E,0x11,0x1C, 0x33,0x38,0x86,0x86,
    0x7C,0x16,0x98,0x73, 0x43,0x3E,0xDC,0x4E,
    0x8F,0xD8,0xC7,0x21, 0x57,0x46,0x32,0xE2,
    0xF3,0x23,0x56,0xE8, 0x1B,0x8C,0xDE,0xAF,
    0xF8,0xF1,0xE1,0x7F, 0xAC,0x14,0x00,0x00,
    0xFF,0xF7,0x3B,0x78, 0xC4,0x69,0x11,0x38,
    0x33,0x87,0x1C,0x93, 0x28,0x79,0xD1,0x3E,
    0x3E,0xC5,0xFE,0x83, 0x3D,0x1C,0x17,0x46,
    0x32,0x3E,0x3F,0x62, 0xE8,0x1B,0x3C,0xDC,
    0x6F,0xFD,0xF1,0x2C, 0xFE,0x87,0xDB,0x02,
    0xF7,0x83,0x9F,0xC1, 0x27,0x7E,0x11,0x1C,
    0x33,0x38,0x86,0x86, 0x7C,0x16,0x98,0x73,
    0x43,0x3E,0xDC,0x4E, 0x8F,0xD8,0xC7,0x21,
    0x57,0x46,0x32,0xE2, 0xF3,0x23,0x56,0xE8,
    0x1B,0x8C,0xDE,0xAF, 0xF8,0xF1,0xE1,0x7F,
    0xAC,0x14,0x00,0x00, 0x42,0x8E,0x78,0x21,
    0xFF,0xCF,0x31,0x3C, 0x54,0xC2,0x12,0x13,
    0x49,0xE2,0x86,0x2C, 0x6C,0x22,0xCC,0x61,
    0x24,0x22,0x4F,0x18, 0x41,0x18,0x51,0x84,
    0xB1,0xB5,0xFF,0x81, 0x31,0x87,0xC6,0x3A,
    0x1C,0x02,0x00,0x00, 0x42,0x8E,0x78,0x21,
    0xFF,0xCF,0x31,0x3C, 0x54,0xC2,0x12,0x43,
    0x91,0x28,0x66,0x2C, 0x64,0x22,0xC4,0x1C,
    0x26,0x22,0xF8,0x44, 0x18,0x81,0x14,0xE5,
    0xB1,0x84,0xDD,0x35, 0xAC,0xB6,0x41,0xB6,
    0xB6,0x11,0x1E,0x02, 0x42,0x8E,0x78,0x21,
    0xFF,0xCF,0x31,0x3C, 0x54,0xC2,0x52,0x83,
    0x91,0x42,0xC6,0x67, 0x42,0x32,0x64,0x88,
    0x62,0x43,0xF8,0x84, 0x12,0x81,0x14,0x65,
    0x28,0xB1,0xC8,0xDD, 0x75,0xA4,0xA3,0x61,
    0x14,0xA3,0x96,0x1F, 0x02,0x00,0x00,0x00,
    0x42,0x8E,0x78,0x21, 0xFF,0xCF,0x31,0x3C,
    0x54,0xC2,0x12,0x43, 0x91,0x28,0x66,0x2C,
    0x64,0x22,0xC4,0x1C, 0x26,0x22,0xF8,0x44,
    0x18,0x81,0x14,0xE5, 0xB1,0x84,0xDD,0x35,
    0xAC,0xB6,0x41,0xB6, 0xB6,0x11,0x1E,0x02,
    0x41,0x38,0x62,0x83, 0xC3,0x1F,0x79,0x11,
    0x64,0x18,0xCC,0xE4, 0x68,0x86,0xF2,0xC1,
    0x6B,0x8F,0xFF,0x1F, 0xCC,0xEC,0x43,0xF8,
    0x21,0xC8,0x81,0x33, 0xC6,0x18,0xC4,0x68,
    0x18,0x18,0x23,0x18, 0x33,0x86,0x4C,0x6F,
    0x38,0xC8,0x18,0x62, 0x18,0x26,0x38,0x66,
    0xED,0xC1,0x83,0xE5, 0xFE,0x0F,0x00,0x00,
    0x41,0x38,0x62,0x83, 0xC3,0x1F,0x79,0x11,
    0x64,0x18,0xCC,0xE4, 0x68,0x86,0xE2,0xC1,
    0x6B,0x8F,0xFF,0x1F, 0xCC,0x14,0x3E,0x84,
    0x1F,0x8A,0x1C,0x38, 0x63,0x4C,0x68,0x18,
    0x82,0x81,0x31,0xC8, 0xF4,0x82,0x3C,0xE2,
    0x31,0x66,0x13,0xC4, 0x8C,0x00,0x00,0x00,
    0x41,0x38,0x62,0x83, 0xC3,0x1F,0x79,0x11,
    0x64,0x18,0xCC,0xE4, 0x68,0x86,0xE2,0xC1,
    0x6B,0x8F,0xFD,0x1F, 0xCC,0x34,0x3E,0x84,
    0x1F,0x8A,0x1C,0x38, 0x63,0x4C,0x68,0xC6,
    0x18,0x82,0x21,0x8A, 0xF4,0x31,0x82,0x8C,
    0x21,0x18,0x63,0x6C, 0x13,0x32,0x01,0x00,
    0x41,0x38,0x62,0x83, 0xC3,0x1F,0x79,0x11,
    0x64,0x18,0xCC,0xE4, 0x68,0x86,0xE2,0xC1,
    0x6B,0x8F,0xFF,0x1F, 0xCC,0x14,0x3E,0x84,
    0x1F,0x8A,0x1C,0x38, 0x8F,0x61,0x4C,0x18,
    0x68,0x83,0x21,0x83, 0x31,0x68,0xF4,0x82,
    0x6C,0x62,0x63,0x12, 0x68,0xD8,0x3F,0x64,
    0xC9,0xF1,0x41,0xFC, 0xFF,0x67,0xE6,0x3F,
    0x1E,0x7B,0x4D,0x91, 0x51,0x27,0xCC,0x11,
    0xA4,0x24,0xDA,0xD6, 0x62,0x8E,0x14,0x8A,
    0x21,0xB2,0xC4,0xB1, 0x57,0x27,0x9A,0x9B,
    0x12,0xC1,0xD8,0xA4, 0x42,0x89,0x49,0x6C,
    0x22,0x7C,0x23,0x1A, 0x21,0x88,0x85,0x52,
    0x81,0x82,0x5D,0x4D, 0x64,0x71,0x44,0x38,
    0x3F,0x62,0xBB,0xE2, 0x18,0x98,0x41,0xC2,
    0x21,0x12,0x11,0x22, 0x28,0xD8,0x2F,0x64,
    0x5D,0xC4,0x18,0xF8, 0x61,0xF6,0xFF,0x17,
    0xEB,0x37,0x4E,0x91, 0xD7,0xC2,0x1C,0x75,
    0x24,0x1A,0x41,0x6A, 0xDE,0xD6,0x82,0x21,
    0x48,0xA1,0x1C,0x1B, 0xB2,0x24,0x9A,0x56,
    0x17,0xBC,0x29,0x21, 0x84,0x4D,0xCA,0x92,
    0x98,0x44,0x23,0xC2, 0x27,0x1A,0x21,0x88,
    0x85,0x52,0x14,0x28, 0xD8,0xD3,0x44,0x16,
    0x47,0x84,0xF3,0x21, 0xB6,0x2B,0x8E,0x81,
    0x19,0x24,0x1C,0x22, 0x11,0x21,0x02,0x00,
    0x98,0x22,0xE4,0x5F, 0x83,0x76,0x83,0x1F,
    0x91,0xFF,0x7F,0x94, 0x7C,0xE3,0xE6,0x7C,
    0x2D,0x12,0x51,0x67, 0x8C,0x41,0x8A,0x1D,
    0x6D,0x2D,0x98,0x48, 0xA1,0x22,0x19,0xB2,
    0x94,0x4D,0x75,0xDA, 0x9B,0x12,0xAC,0x29,
    0x4D,0x4A,0x8A,0x49, 0x14,0x22,0x3C,0xA2,
    0x11,0x82,0x58,0x28, 0x45,0x81,0x82,0x6D,
    0x4D,0x6C,0x31,0x44, 0x38,0x2F,0x36,0x2B,
    0x8E,0x81,0x19,0x24, 0x1C,0x22,0x11,0x21,
    0x02,0x00,0x00,0x00, 0x28,0xD8,0x2F,0x64,
    0x5D,0xC4,0x18,0xF8, 0x61,0xF6,0xFF,0x17,
    0xEB,0x37,0x4E,0x91, 0xD7,0xC2,0x1C,0x75,
    0x24,0x1A,0x41,0x6A, 0xDE,0xD6,0x82,0x21,
    0x48,0xA1,0x1C,0x1B, 0xB2,0x24,0x9A,0x56,
    0x17,0xBC,0x29,0x21, 0x84,0x4D,0xCA,0x92,
    0x98,0x44,0x23,0xC2, 0x27,0x1A,0x21,0x88,
    0x85,0x52,0x14,0x28, 0xD8,0xD3,0x44,0x16,
    0x47,0x84,0xF3,0x21, 0xB6,0x2B,0x8E,0x81,
    0x19,0x24,0x1C,0x22, 0x11,0x21,0x02,0x00,
    0xF8,0xF8,0x3F,0xF8, 0x77,0xFC,0x7F,0x8C,
    0x73,0x18,0x46,0xCB, 0x93,0x14,0x2E,0x64,
    0xFF,0xC3,0x1F,0xC8, 0x1E,0xF7,0x87,0x39,
    0x81,0x79,0x4C,0x38, 0x1F,0x65,0x48,0x2C,
    0x41,0xCD,0x41,0xCC, 0x88,0xCC,0x00,0x00,
    0x1F,0xFE,0xE7,0xEF, 0xF8,0xFF,0x81,0x71,
    0x1E,0xC3,0x68,0x19, 0x36,0xC9,0xC3,0x43,
    0x82,0xE8,0x7F,0xFC, 0x11,0x3C,0x1C,0x1E,
    0x7C,0x38,0x66,0x4E, 0xC1,0x8D,0x28,0xC2,
    0xAA,0x7C,0x26,0xC2, 0x0C,0x00,0x00,0x00,
    0x3E,0xFC,0x8F,0x1F, 0x1C,0xFF,0x3F,0xE3,
    0x7C,0x86,0x11,0xCC, 0x32,0x68,0x12,0x68,
    0x78,0xC1,0xC1,0xFF, 0xF1,0x83,0x86,0x87,
    0xC6,0x43,0xCE,0x78, 0x8A,0xB1,0x22,0xA8,
    0x88,0x29,0x85,0x81, 0x31,0x88,0xCC,0x00,
    0x1F,0xFE,0xE7,0xEF, 0xF8,0xFF,0x81,0x71,
    0x1E,0xC3,0x68,0x19, 0x36,0xC9,0xC3,0x41,
    0x82,0xE8,0x7F,0xFC, 0x11,0x3C,0x1E,0x5F,
    0x7C,0x78,0x8A,0xCE, 0x83,0x89,0x74,0x28,
    0x18,0x22,0xCC,0x00, 0x7C,0x9F,0xB8,0x13,
    0xF8,0x24,0xA9,0x1E, 0x24,0x81,0x87,0xC1,
    0x1F,0x36,0x7F,0xC3, 0x55,0x38,0xAA,0xFD,
    0x8C,0x71,0xFF,0x22, 0xAE,0xBB,0x1F,0x78,
    0x8C,0x6E,0xCC,0x51, 0x9D,0x34,0x98,0x21,
    0x22,0xE8,0xFC,0x86, 0x7F,0x33,0xCC,0x7C,
    0xE8,0xCF,0xB9,0x6D, 0x3E,0x8D,0x85,0x83,
    0x17,0xC1,0x1F,0xDC, 0x9C,0x74,0xD8,0xC3,
    0x83,0xCF,0xCF,0x1F, 0x3C,0xCE,0x3B,0x81,
    0xDD,0x82,0x2B,0xF4, 0x13,0x8A,0x72,0x16,
    0xFC,0xC1,0x33,0x7F, 0x63,0x56,0x38,0x4A,
    0xDC,0xCF,0x18,0xF9, 0x2F,0x21,0x4E,0xBB,
    0x2F,0x78,0xCC,0x6E, 0x1C,0x1C,0xD5,0x49,
    0x86,0x19,0x22,0x82, 0xCE,0x3F,0x8C,0x7F,
    0x87,0xCC,0x6F,0xFE, 0x9C,0x9B,0xE5,0xD3,
    0x81,0x83,0x17,0xFC, 0xC1,0xCD,0x49,0x87,
    0x3D,0x3C,0xF8,0xFC, 0xFC,0x01,0x00,0x00,
    0xFC,0x1E,0x7B,0x82, 0xBD,0x85,0x3B,0x8F,
    0x2A,0x72,0x54,0xC1, 0x1F,0x22,0xF1,0x77,
    0x6C,0x87,0xA3,0xDC, 0x3F,0x8C,0xD1,0xFF,
    0x1A,0xE2,0xBB,0x6B, 0x78,0xCC,0xEE,0xC4,
    0x51,0x1D,0xC1,0x98, 0xA1,0x82,0xCE,0x69,
    0x88,0x7F,0xC7,0x94, 0xE1,0x47,0x9C,0x1B,
    0xE1,0xD3,0x38,0x78, 0xC1,0x1F,0xDC,0x9C,
    0x74,0xD8,0xC3,0x83, 0xCF,0x0F,0x00,0x00,
    0x3C,0xCE,0x3B,0x81, 0xDD,0x82,0x2B,0xF4,
    0x13,0x8A,0x72,0x16, 0xFC,0xC1,0x13,0x7F,
    0x63,0x76,0x38,0x4A, 0xDC,0xCF,0x18,0xF9,
    0x2F,0x21,0x4E,0xBB, 0x2F,0x78,0xCC,0x6E,
    0x1C,0x1C,0xD5,0x49, 0x86,0x19,0x22,0x82,
    0xCE,0x3F,0x8C,0x7F, 0x87,0xCC,0x6F,0xFE,
    0x9C,0x9B,0xE5,0xD3, 0x81,0x83,0x17,0xFC,
    0xC1,0xCD,0x49,0x87, 0x3D,0x3C,0xF8,0xFC,
    0xFC,0x01,0x00,0x00, 0xF9,0x27,0x68,0x3E,
    0x1C,0x3F,0x18,0xF4, 0x72,0xBC,0x15,0x7E,
    0x3C,0xF9,0x47,0x8A, 0x2F,0xDE,0xFC,0x9E,
    0x7C,0x9C,0x7C,0xD4, 0x5D,0x3C,0xF9,0xAC,
    0xFB,0x83,0x17,0x7A, 0x58,0xEA,0x16,0x8F,
    0xB8,0xB9,0xE3,0xCE, 0x8E,0x77,0xB6,0x23,
    0x7E,0xDA,0xAE,0xC1, 0x68,0xB8,0xF1,0x21,
    0x63,0x26,0x81,0x8D, 0xE6,0x81,0xF6,0xCD,
    0x23,0x4F,0x3C,0xBA, 0x38,0x9C,0x29,0x14,
    0xC1,0x39,0x8E,0xB2, 0x33,0x00,0x00,0x00,
    0xF9,0x27,0x68,0x3E, 0x1C,0x3F,0x18,0xF4,
    0x72,0xBC,0x15,0x7E, 0x3C,0xF9,0x47,0x8A,
    0x2F,0xDE,0xFC,0x9E, 0x7C,0x9C,0x7C,0xD4,
    0x5D,0x3C,0xF9,0xAC, 0xFB,0x83,0x17,0x7A,
    0x58,0xEA,0x16,0x8F, 0xB8,0xB9,0xE3,0xCE,
    0x8E,0x77,0xB6,0x23, 0x7E,0xDA,0xAE,0xC1,
    0x68,0xB8,0xF1,0x21, 0x63,0x26,0x81,0x8D,
    0xE6,0x81,0xF6,0xCD, 0x23,0x4F,0x3C,0xBA,
    0x38,0x9C,0x29,0x14, 0xC1,0x3D,0x8E,0x72,
    0x3B,0x00,0x00,0x00, 0xF9,0x27,0x68,0x3E,
    0x1C,0x3F,0x18,0xF4, 0x72,0xBC,0x15,0x7E,
    0x3C,0xF9,0x47,0x8A, 0x2F,0xDE,0xFC,0x9E,
    0x7C,0x9C,0x7C,0xD4, 0x5D,0x3C,0xF9,0xAC,
    0xFB,0x83,0x17,0x7A, 0x58,0xEA,0x16,0x8F,
    0xB8,0xB9,0xE3,0xCE, 0x8E,0x77,0xB6,0x23,
    0x7E,0xDA,0xAE,0xC1, 0x68,0xB8,0xF1,0x21,
    0x63,0x26,0x81,0x8D, 0xE6,0x81,0xF6,0xCD,
    0x23,0x4F,0x3C,0xBA, 0x38,0x9C,0x29,0x14,
    0xC1,0x39,0x8E,0xB2, 0x33,0x00,0x00,0x00,
    0xF9,0x27,0x68,0x3E, 0x1C,0x3F,0x18,0xF4,
    0x72,0xBC,0x15,0x7E, 0x3C,0xF9,0x47,0x8A,
    0x2F,0xDE,0xFC,0x9E, 0x7C,0x9C,0x7C,0xD4,
    0x5D,0x3C,0xF9,0xAC, 0xFB,0x83,0x17,0x7A,
    0x58,0xEA,0x16,0x8F, 0xB8,0xB9,0xE3,0xCE,
    0x8E,0x77,0xB6,0x23, 0x7E,0xDA,0xAE,0xC1,
    0x68,0xB8,0xF1,0x21, 0x63,0x26,0x81,0x8D,
    0xE6,0x81,0xF6,0xCD, 0x23,0x4F,0x3C,0xBA,
    0x38,0x9C,0x29,0x14, 0xC1,0x3D,0x8E,0x72,
    0x3B,0x00,0x00,0x00, 0x3E,0x21,0xC8,0xC1,
    0x21,0xE2,0x84,0x19, 0x5F,0xE4,0x17,0x32,
    0x8C,0x33,0x88,0x8C, 0x5F,0x83,0x21,0x66,
    0x1D,0x8C,0x88,0x51, 0x32,0x41,0x66,0x24,
    0x24,0x3B,0x83,0x28, 0x29,0x23,0x54,0x56,
    0x48,0xA1,0x11,0x8C, 0x42,0x82,0x83,0x42,
    0x81,0x4C,0x28,0x18, 0x3E,0x21,0xC8,0xC1,
    0x21,0xE2,0x84,0x19, 0x5F,0xE4,0x17,0x32,
    0x8C,0x33,0x88,0x8C, 0x5F,0x83,0x21,0x66,
    0x1D,0x8C,0x88,0x51, 0x32,0x41,0x86,0x47,
    0x42,0xB2,0x2B,0x88, 0x92,0x23,0x54,0x56,
    0x12,0x1A,0x48,0x8C, 0x22,0x68,0x28,0x14,
    0xC8,0x84,0x82,0x01, 0x3E,0x21,0xC8,0xC1,
    0x21,0xE2,0x84,0x19, 0x5F,0xE4,0x17,0x32,
    0x8C,0x33,0x88,0x8C, 0x5F,0x83,0x21,0x66,
    0x1D,0x8C,0x88,0x59, 0x32,0x41,0x36,0x24,
    0x24,0xBB,0x86,0x28, 0x39,0x42,0x65,0x15,
    0x1A,0xC2,0x28,0x48, 0x82,0x86,0x42,0x81,
    0x4C,0x28,0x18,0x00, 0x3E,0x21,0xC8,0xC1,
    0x21,0xE2,0x84,0x19, 0x5F,0xE4,0x17,0x32,
    0x8C,0x33,0x88,0x8C, 0x5F,0x83,0x21,0x66,
    0x1D,0x8C,0x88,0x51, 0x32,0x41,0x86,0x47,
    0x42,0xB2,0x2B,0x88, 0x92,0x23,0x54,0x56,
    0x12,0x1A,0x48,0x8C, 0x22,0x68,0x28,0x14,
    0xC8,0x84,0x82,0x01, 0x24,0x3C,0xC3,0x83,
    0x25,0xC3,0x81,0x21, 0x64,0x14,0x24,0x8C,
    0x18,0x62,0x45,0x2E, 0x44,0x22,0x73,0xB6,
    0x15,0x2C,0x94,0x2A, 0xDA,0x11,0x8D,0xC1,
    0x2E,0x64,0x84,0x1A, 0x1A,0x54,0xC9,0x42,
    0x42,0x24,0xA1,0x81, 0x16,0x27,0x84,0x41,
    0x24,0x82,0x18,0x24, 0x18,0x08,0x00,0x00,
    0x12,0x1E,0x18,0x1E, 0x2C,0x81,0x61,0x48,
    0x38,0x21,0x82,0x26, 0x81,0x44,0x33,0x82,
    0x22,0x17,0x22,0x91, 0x89,0x33,0xD8,0x46,
    0x21,0x48,0x11,0xEB, 0x88,0x46,0x6C,0x57,
    0x32,0x22,0xDD,0x28, 0x48,0x16,0x21,0x92,
    0x4A,0x2B,0x78,0x11, 0x1C,0x22,0x41,0x84,
    0x12,0x4C,0x00,0x00, 0x83,0xCF,0x4F,0x81,
    0x3C,0x14,0x42,0x88, 0x31,0x51,0xA6,0x18,
    0x18,0x41,0x91,0x83, 0x41,0x89,0x2C,0x9C,
    0xC1,0x96,0x1A,0xA4, 0x84,0x75,0x84,0x23,
    0x36,0x83,0x92,0x11, 0x69,0x68,0x14,0x24,
    0x8B,0x49,0x95,0x15, 0x3C,0x82,0x8E,0x29,
    0x12,0x41,0x68,0x02, 0x12,0x1E,0x18,0x1E,
    0x2C,0x81,0x61,0x48, 0x38,0x21,0x82,0x26,
    0x81,0x44,0x33,0x82, 0x22,0x17,0x22,0x91,
    0x89,0x33,0xD8,0x46, 0x21,0x48,0x11,0xEB,
    0x88,0x46,0x6C,0x57, 0x32,0x22,0xDD,0x28,
    0x48,0x16,0x21,0x92, 0x4A,0x2B,0x78,0x11,
    0x1C,0x22,0x41,0x84, 0x12,0x4C,0x00,0x00,
    0xF8,0x63,0x8C,0x31, 0x88,0x22,0x98,0x31,
    0x43,0x5B,0x48,0x42, 0xFE,0xCF,0x6A,0x11,
    0x42,0xC8,0x86,0xF2, 0x41,0x8B,0xC4,0xC1,
    0x4F,0x82,0xF8,0x31, 0x32,0x18,0xEB,0x16,
    0x58,0xD9,0x8C,0xAB, 0xAF,0xC6,0xF8,0x34,
    0x1C,0xB4,0x33,0x36, 0x48,0x33,0x1E,0x83,
    0xD4,0x65,0xD1,0x36, 0x35,0x8A,0xA5,0xAA,
    0x1C,0x1E,0x31,0x15, 0xFE,0x85,0x41,0x06,
    0x81,0x1E,0x64,0x8A, 0x4C,0x31,0x82,0x39,
    0x3C,0x24,0x17,0x8C, 0x84,0xAB,0x41,0xE8,
    0x43,0x8B,0xC4,0xC1, 0x4F,0x82,0xF8,0x31,
    0x32,0x58,0xEB,0x16, 0x18,0xD9,0x8C,0xAB,
    0xAF,0xC6,0xF8,0x34, 0x18,0xB4,0x33,0x64,
    0x83,0x34,0xE3,0x31, 0xD4,0x85,0x16,0x6D,
    0x53,0xA3,0x58,0xAA, 0x4A,0xE1,0x11,0x38,
    0x15,0xFE,0x85,0x41, 0x06,0x00,0x00,0x00,
    0xBE,0xF8,0x47,0x39, 0x81,0x1C,0x52,0x42,
    0x6C,0x3C,0x13,0x31, 0x41,0x3C,0xC4,0x56,
    0x8A,0xCA,0x41,0x99, 0xF3,0x21,0x1A,0xC9,
    0x8F,0x34,0xF8,0xF1, 0x12,0x58,0xEB,0x8E,
    0x91,0xEB,0x86,0xAB, 0x4F,0xC3,0xD8,0x33,
    0x18,0xB4,0x34,0x64, 0x13,0x32,0x5E,0x41,
    0x6D,0x83,0x16,0x8D, 0x45,0xA3,0x98,0x2A,
    0x21,0xE1,0x11,0x2C, 0x15,0xD2,0x6F,0x1A,
    0x74,0x00,0x00,0x00, 0x81,0x1E,0x64,0x8A,
    0x5C,0x31,0x21,0x98, 0xC3,0x43,0x72,0x13,
    0x8F,0x84,0xAB,0x41, 0xE8,0x43,0x8B,0xC4,
    0xC1,0x4F,0x82,0xF8, 0x31,0x32,0x58,0xEB,
    0x16,0x18,0xD9,0x8C, 0xAB,0xAF,0xC6,0xF8,
    0x34,0x18,0xB4,0x33, 0x64,0x83,0x34,0xE3,
    0x31,0xD4,0x85,0x16, 0x6D,0x53,0xA3,0x58,
    0xAA,0x4A,0xE1,0x11, 0x38,0x15,0xFE,0x85,
    0x41,0x06,0x00,0x00, 0xFF,0xFF,0xFF,0xFF,
    0x82,0x1F,0x24,0xE2, 0x87,0x11,0x42,0x38,
    0x48,0x81,0xC4,0x23, 0xC8,0x44,0x13,0x21,
    0xDC,0x3F,0xE6,0x14, 0x84,0x29,0xA2,0x81,
    0x41,0x1E,0xE6,0x01, 0xFF,0xFF,0xFF,0xFF,
    0x82,0x65,0x8C,0x41, 0x67,0x38,0x7C,0x61,
    0x8C,0xC1,0x27,0xC4, 0x12,0x5C,0xE2,0x22,
    0x18,0x41,0x00,0x00, 0xFF,0xFF,0xFF,0xFF,
    0xF8,0x38,0x84,0x84, 0x84,0x44,0x42,0x42,
    0x8B,0x18,0x8C,0x22, 0x13,0x3C,0x33,0x1A,
    0x4F,0x82,0xA2,0x65, 0x02,0x00,0x00,0x00,
    0xFF,0xFF,0xFF,0xFF, 0x78,0x88,0x21,0x48,
    0x44,0x88,0x18,0x68, 0x84,0x44,0x44,0x4B,
    0x88,0x81,0x42,0x3C, 0x38,0xF1,0xC1,0x3F,
    0xA6,0x1F,0x24,0x7E, 0x84,0x41,0x28,0xC1,
    0x81,0x42,0x3C,0x12, 0x32,0x81,0xC8,0x32,
    0x24,0x67,0xFC,0x4B, 0x19,0x82,0x58,0x24,
    0x18,0x86,0x87,0x07, 0x42,0x18,0x63,0x2E,
    0x18,0x1C,0xE6,0x63, 0x88,0x31,0x3E,0x42,
    0xA3,0x83,0x44,0x74, 0x84,0x18,0x02,0x00,
    0x1F,0x1C,0x12,0x21, 0x21,0x22,0x14,0xC2,
    0x42,0x18,0x11,0x83, 0x4C,0x83,0xCC,0x8F,
    0x15,0x24,0x5A,0x44, 0x06,0x00,0x00,0x00,
    0x1E,0x18,0x41,0x12, 0x12,0x12,0x18,0x16,
    0x12,0x21,0x22,0x2C, 0x18,0x21,0x81,0x23,
    0x1C,0x8F,0x83,0xFC, 0xFF,0xFF,0xFF,0xFF,
    0xFF,0xFF,0xFF,0xFF, 0x88,0x87,0x87,0x67,
    0x1E,0x1E,0x42,0x18, 0x02,0x00,0x00,0x00,
    0xFF,0xFF,0xFF,0xFF, 0x86,0x81,0x87,0x87,
    0x67,0x1E,0xE8,0x21, 0x84,0x11,0x62,0x78,
    0x74,0x4C,0xF8,0xA2, 0x17,0x26,0x24,0x84,
    0x18,0x21,0x84,0x01, 0xF8,0xFF,0xC7,0xF8,
    0x72,0x21,0x24,0x84, 0x18,0x21,0x84,0x01,
    0x3F,0xEF,0xCC,0x13, 0x43,0x48,0x86,0x83,
    0x21,0x24,0xC2,0xC1, 0x44,0x23,0x11,0x4C,
    0x1C,0x47,0xF8,0xC4, 0xC2,0x8F,0xFF,0x11,
    0xF1,0x61,0x22,0x1A, 0x64,0x85,0x83,0x82,
    0xC2,0x41,0x24,0x28, 0x41,0x86,0x88,0x41,
    0x38,0xF4,0xC2,0x31, 0x1E,0x00,0x00,0x00,
    0x3F,0x3E,0xCE,0x18, 0x14,0x47,0x38,0x84,
    0x38,0x42,0x22,0xC4, 0xC1,0x34,0x12,0xC1,
    0xC4,0x75,0x87,0x4F, 0x37,0xF2,0xF8,0x5F,
    0x14,0x3F,0x18,0x44, 0x3C,0x36,0x41,0x98,
    0x48,0x22,0x21,0xE4, 0x81,0x81,0x64,0x18,
    0x1C,0x3E,0x00,0x00, 0x3F,0xEF,0xCC,0x13,
    0x43,0x48,0x86,0x83, 0x21,0x24,0xC2,0xC1,
    0x44,0x23,0x11,0x4C, 0x1C,0x47,0xF8,0xC4,
    0xC2,0x8F,0xFF,0x11, 0xF1,0x61,0x22,0x1A,
    0x64,0x85,0x83,0x82, 0x28,0x41,0x82,0x12,
    0x64,0x88,0x18,0x84, 0x43,0x2F,0x8C,0x31,
    0xF8,0x00,0x00,0x00, 0x3F,0x78,0xCE,0x84,
    0x11,0x23,0x48,0x38, 0x38,0x42,0x22,0x1C,
    0x4C,0x34,0x12,0xC1, 0xC4,0x71,0x84,0x4F,
    0x28,0xF8,0xF8,0x1F, 0x11,0x1F,0x26,0x2A,
    0x14,0x28,0x43,0x42, 0x38,0x21,0x4B,0x71,
    0xA8,0x59,0x24,0x22, 0x18,0x42,0x12,0x81,
    0x0C,0x00,0x00,0x00, 0xFF,0xFF,0xFF,0xFF,
    0xF8,0xF4,0xC3,0x7F, 0x38,0xCC,0x11,0xA4,
    0x32,0x1C,0x44,0xB8, 0x83,0xC2,0x41,0x71,
    0xE1,0x1E,0x48,0xE1, 0x6B,0xEC,0x13,0xF8,
    0x13,0x61,0xF3,0x25, 0xE9,0xC5,0x61,0x63,
    0xA2,0x2C,0xF5,0x21, 0xFF,0xFF,0xFF,0xFF,
    0xF8,0x43,0x7C,0xF8, 0x87,0x83,0x4C,0x11,
    0xA4,0x32,0x1C,0x44, 0xB8,0x83,0x24,0x1C,
    0x71,0xE1,0xE8,0x11, 0xE2,0x78,0xCC,0xB6,
    0x3F,0x11,0x12,0x2F, 0x91,0x42,0xC3,0xBC,
    0x22,0x85,0x96,0x22, 0x29,0x4E,0x91,0xC1,
    0x36,0x17,0xFF,0x02, 0xFF,0xFF,0xFF,0xFF,
    0xF8,0x74,0x38,0x3C, 0xFC,0x83,0x44,0x94,
    0xC3,0x1A,0x18,0x24, 0x24,0x3B,0x14,0x1C,
    0x78,0x81,0xEE,0x11, 0xE2,0x1C,0xEC,0xD2,
    0x1F,0x11,0x12,0x1B, 0x51,0x33,0x28,0xC4,
    0xA4,0x2A,0x81,0x55, 0x96,0xA2,0x2C,0x46,
    0x99,0xC1,0xB6,0x97, 0x7F,0x00,0x00,0x00,
    0xFF,0xFF,0xFF,0xFF, 0xF8,0x43,0x7C,0xF8,
    0x87,0xC3,0x1C,0x41, 0x2A,0xC3,0x41,0x84,
    0x3B,0x48,0xC2,0x11, 0x17,0x8E,0x1E,0x21,
    0x8E,0xC7,0x6C,0xFB, 0x13,0x21,0xF1,0x12,
    0x29,0x34,0xCC,0x2B, 0x52,0x68,0x29,0x92,
    0xE2,0x14,0x19,0x6C, 0x73,0xF1,0x2F,0x00,
    0xFF,0xFF,0xFF,0xFF, 0xCF,0x8F,0x33,0x83,
    0x4E,0x31,0xA8,0x11, 0xC1,0x62,0xB2,0x44,
    0xF2,0xF8,0x21,0xE1, 0xF7,0x81,0xA1,0xF3,
    0x8C,0x79,0x66,0x44, 0xD4,0x21,0x73,0x8E,
    0x91,0x81,0x21,0x41, 0xC1,0x26,0xB8,0x11,
    0xC8,0x23,0x4C,0x8F, 0xFF,0xFF,0xFF,0xFF,
    0xF8,0xFC,0x38,0x33, 0xE1,0x24,0x83,0x18,
    0x14,0x81,0x62,0x42, 0x4B,0xF2,0xF8,0x21,
    0x81,0xFF,0xF5,0x81, 0x8D,0x39,0x4F,0x7E,
    0x3E,0xEC,0x83,0x18, 0x94,0x21,0x12,0x41,
    0x8E,0x73,0x83,0xF8, 0xFF,0xFF,0xFF,0xFF,
    0xCF,0x8F,0x33,0x83, 0x4E,0x31,0xA8,0x11,
    0xC1,0x62,0xB2,0x44, 0xF2,0xF8,0x21,0xE1,
    0xF7,0x81,0xA1,0xF3, 0x8C,0x79,0x66,0x44,
    0xD4,0x21,0x73,0x8E, 0x91,0x81,0x12,0xC4,
    0x26,0xB8,0x81,0x1C, 0xE1,0x76,0x00,0x00,
    0xFF,0xFF,0xFF,0xFF, 0x1E,0xFC,0x21,0x33,
    0x4E,0x31,0xA8,0x11, 0xC1,0x62,0xB2,0x44,
    0xF2,0xF8,0x21,0xE1, 0xF7,0xA1,0xF3,0x18,
    0x79,0x48,0x44,0xC2, 0x12,0x14,0x88,0x84,
    0xC8,0xA1,0x16,0xA6, 0x5F,0x22,0x84,0x52,
    0x0E,0x00,0x00,0x00, 0xFF,0xFF,0xFF,0xFF,
    0x87,0x44,0xCC,0xFE, 0x23,0x1C,0x67,0x71,
    0xB8,0x88,0x1C,0x8A, 0x34,0x83,0x27,0xEC,
    0x7F,0x75,0xFC,0xFF, 0xC7,0xF6,0xC1,0x15,
    0x73,0x29,0x3D,0xE8, 0x82,0x8C,0x1D,0x7C,
    0x11,0xE8,0x1B,0x34, 0x12,0x87,0xC1,0xEC,
    0xF8,0x99,0x24,0x43, 0xFF,0xFF,0xFF,0xFF,
    0x83,0x44,0xC4,0xEC, 0x3F,0xC2,0x71,0x86,
    0x87,0x1B,0xC8,0xA1, 0x48,0x33,0x78,0x24,
    0xEC,0x7F,0x76,0xFC, 0xFF,0xF7,0xF6,0xC1,
    0x45,0x31,0x97,0xD2, 0x83,0x2E,0xC1,0xD8,
    0x7C,0x81,0xE8,0x13, 0x34,0x12,0x1F,0x98,
    0xCC,0xFE,0x99,0x72, 0x04,0x00,0x00,0x00,
    0xFF,0xFF,0xFF,0xFF, 0x38,0xC4,0xE4,0x3F,
    0x1C,0x67,0x72,0xB8, 0x81,0x1C,0x8A,0x44,
    0x33,0x78,0xC2,0xFE, 0x67,0xC7,0xFF,0x7F,
    0x6C,0x1F,0x5C,0x33, 0x97,0x14,0x3D,0xE8,
    0x12,0x8E,0xC1,0x17, 0x82,0xFE,0x34,0x31,
    0x81,0x49,0xCC,0xE1, 0x9F,0x49,0x12,0x24,
    0xFF,0xFF,0xFF,0xFF, 0x83,0x44,0xC4,0xEC,
    0x3F,0xC2,0x71,0x86, 0x87,0x1B,0xC8,0xA1,
    0x48,0x33,0x78,0x24, 0xEC,0x7F,0x76,0xFC,
    0xFF,0xF7,0xF6,0xC1, 0x45,0x31,0x97,0xD2,
    0x83,0x2E,0xC1,0xD8, 0x7C,0x81,0xE8,0x13,
    0x34,0x12,0x1F,0x98, 0xCC,0xFE,0x99,0x72,
    0x04,0x00,0x00,0x00, 0xFF,0xFF,0xFF,0xFF,
    0xB8,0xA8,0xC1,0x3F, 0xC3,0xB3,0xCE,0x11,
    0x14,0x18,0x9E,0xBC, 0xE3,0xD5,0x63,0x22,
    0x22,0xC1,0x1C,0x7E, 0x83,0x9F,0x79,0xC7,
    0x7E,0x86,0x37,0xC6, 0x1C,0x3F,0x00,0x00,
    0xFF,0xFF,0xFF,0xFF, 0x88,0x98,0xC1,0x3F,
    0xC3,0xE7,0x38,0x32, 0x81,0xC1,0xD1,0xBC,
    0xC3,0xD9,0x63,0x62, 0x22,0xC1,0x1C,0x1E,
    0x3C,0xF8,0xF9,0x4C, 0x7E,0x76,0x83,0x63,
    0x78,0x1C,0x1E,0xE4, 0x01,0x00,0x00,0x00,
    0xFF,0xFF,0xFF,0xFF, 0xC8,0xC4,0x7F,0x83,
    0xEF,0x27,0x81,0x81, 0xC1,0x3B,0x1C,0x3D,
    0x26,0x2E,0x72,0xCC, 0xE1,0xC1,0x38,0xF8,
    0x79,0xE4,0xE7,0x3D, 0x66,0x81,0x1C,0x1E,
    0x38,0x1E,0x02,0x00, 0xFF,0xFF,0xFF,0xFF,
    0x88,0xFC,0x33,0x7C, 0x8E,0x23,0x13,0x18,
    0x1C,0xCD,0x3B,0x9C, 0x3D,0x26,0x26,0x12,
    0xCC,0xE1,0xC1,0x83, 0x9F,0xCF,0xE4,0x67,
    0x37,0x38,0x86,0xC7, 0xE1,0x41,0x1E,0x00,
    0xF8,0xEF,0x3F,0x87, 0xE7,0xFC,0xC1,0xF1,
    0x21,0x63,0x9C,0x1B, 0x83,0x1D,0x81,0x41,
    0x65,0x3C,0x68,0xF6, 0x38,0x5D,0x23,0x58,
    0x94,0x77,0x48,0x59, 0x82,0x95,0x94,0x79,
    0x76,0x4C,0x6F,0x66, 0xA5,0x84,0x7F,0x4C,
    0x14,0x1D,0xA6,0x3F, 0xE3,0x81,0x81,0x11,
    0x44,0x68,0x4C,0x14, 0xAF,0x3E,0x1F,0x00,
    0xF8,0xEF,0xFF,0x81, 0xC7,0xC6,0xE1,0xFC,
    0x61,0x1F,0x32,0xC3, 0xB9,0x81,0x81,0x1D,
    0xC1,0x54,0x66,0x83, 0xF6,0x38,0x8D,0x35,
    0x82,0xD4,0x94,0x77, 0x95,0x25,0x18,0x76,
    0x41,0x19,0xC6,0xF4, 0x3E,0x42,0x36,0xC3,
    0x4C,0xF8,0x83,0xD1, 0x83,0x33,0x18,0x82,
    0xD1,0x11,0x4F,0x38, 0x84,0xC6,0x44,0xF1,
    0xEA,0xF3,0x01,0x00, 0xFC,0xF7,0xFF,0xC1,
    0x43,0xE6,0xCE,0x1F, 0xF3,0x21,0x83,0xC1,
    0xB9,0xC1,0xD8,0x11, 0x54,0x66,0x83,0xF6,
    0x38,0xD8,0x48,0x35, 0x52,0x4D,0x79,0x67,
    0x97,0x25,0x18,0x81, 0x94,0x69,0x42,0x44,
    0xEF,0xC3,0x64,0x13, 0x8C,0xF8,0x11,0x85,
    0x31,0x18,0x2C,0x41, 0x4C,0x88,0x61,0x4C,
    0x14,0xF7,0xEA,0xE3, 0x1F,0x00,0x00,0x00,
    0xFC,0xF7,0xBF,0xC7, 0xE3,0xFC,0xE1,0x1F,
    0x32,0xC3,0xB9,0x81, 0x81,0x1D,0xC1,0x54,
    0x66,0x83,0xF6,0x38, 0x8D,0x35,0x82,0xD4,
    0x94,0x77,0x95,0x25, 0x18,0x76,0x41,0x19,
    0xC6,0xF4,0x3E,0x42, 0x36,0xC3,0x4C,0xF8,
    0x83,0xD1,0x83,0x33, 0x18,0x82,0xD1,0x11,
    0x4F,0x38,0x84,0xC6, 0x44,0xF1,0xEA,0xF3,
    0x01,0x00,0x00,0x00, 0xC7,0xFF,0xE3,0x8F,
    0xFF,0x3E,0x1F,0x1C, 0x78,0x86,0xE3,0x63,
    0xC3,0x18,0x26,0x1C, 0x46,0x11,0x2C,0x61,
    0x96,0x81,0x43,0x13, 0x1C,0x2E,0x1C,0x68,
    0x58,0xF3,0x6C,0xEE, 0x22,0x62,0x52,0x86,
    0x83,0x2C,0xC3,0xDF, 0x78,0x18,0x18,0x88,
    0x33,0xC6,0x77,0x8F, 0x0F,0x00,0x00,0x00,
    0xFC,0x73,0xFC,0xFF, 0xFE,0xC4,0xE1,0xF3,
    0x81,0x67,0x38,0xE3, 0x63,0x8C,0x61,0xC2,
    0x16,0x14,0xC1,0x12, 0x16,0x19,0x46,0x83,
    0x38,0x2E,0x1C,0x6C, 0x51,0xF3,0xC2,0xF8,
    0x22,0xC5,0xC3,0x32, 0x83,0xCD,0x1C,0xB8,
    0x18,0x18,0x8F,0x1C, 0x38,0x63,0x7C,0xF7,
    0xF8,0x00,0x00,0x00, 0xF8,0x83,0xFF,0xFF,
    0x7F,0x1C,0x7E,0x67, 0x1F,0x83,0x67,0x38,
    0x3E,0xC6,0x18,0x66, 0xC2,0x41,0x11,0x2C,
    0x11,0x16,0x89,0x46, 0xC3,0x86,0xC3,0xC2,
    0x21,0x78,0xF3,0x85, 0x2F,0x2E,0x83,0xD3,
    0x82,0x83,0x81,0x81, 0x83,0xE1,0x38,0x63,
    0xC7,0x77,0x8F,0x0F, 0xFC,0x73,0xFC,0xFF,
    0xFE,0xC4,0xE1,0xF3, 0x81,0x67,0x38,0xE3,
    0x63,0x8C,0x61,0xC2, 0x16,0x14,0xC1,0x12,
    0x16,0x19,0x46,0x83, 0x38,0x2E,0x1C,0x6C,
    0x51,0xF3,0xC2,0xF8, 0x22,0xC5,0xC3,0x32,
    0x83,0xCD,0x1C,0xB8, 0x18,0x18,0x8F,0x1C,
    0x38,0x63,0x7C,0xF7, 0xF8,0x00,0x00,0x00,
    0x36,0xF8,0x63,0xFE, 0x1F,0x7D,0xFC,0x16,
    0x3E,0xFC,0x1C,0x76, 0xB8,0x81,0x63,0x66,
    0x84,0x83,0x3F,0xFC, 0x46,0x41,0x13,0xC4,
    0xFA,0x18,0xFD,0xE6, 0x38,0x18,0x84,0xE7,
    0x63,0x7E,0x34,0x68, 0x18,0xCE,0x01,0x00,
    0x6C,0xCD,0x7F,0xFB, 0xFF,0x43,0x83,0xCF,
    0x3C,0x6F,0x1C,0x87, 0x1B,0x38,0x66,0x46,
    0x38,0xF8,0x63,0xC4, 0x1F,0x34,0xAC,0x41,
    0xF9,0x18,0xF4,0x66, 0x38,0x18,0x8C,0xF3,
    0x63,0x6E,0x34,0x68, 0x1C,0xCE,0x01,0x00,
    0x18,0xAC,0xF9,0x6F, 0xFF,0x3F,0x68,0x8F,
    0xC1,0xC3,0xCF,0x61, 0x87,0x1B,0x38,0x66,
    0x46,0x38,0x46,0xF8, 0xC3,0xCF,0x12,0x34,
    0x18,0x41,0x18,0xF9, 0x48,0x6E,0x36,0x18,
    0xB8,0x63,0x74,0x34, 0x68,0x3E,0xCE,0x01,
    0x6C,0xCD,0x7F,0xFB, 0xFF,0x43,0x83,0xCF,
    0x3C,0x6F,0x1C,0x87, 0x1B,0x38,0x66,0x46,
    0x38,0xF8,0x63,0xC4, 0x1F,0x34,0xAC,0x41,
    0xF9,0x18,0xF4,0x66, 0x38,0x18,0x8C,0xC7,
    0x63,0x7E,0x34,0x68, 0x38,0xCE,0x01,0x00,
    0x21,0xF2,0x73,0xC7, 0xFF,0xE1,0xFE,0x84,
    0xE1,0x69,0x1C,0x15, 0xFF,0xAF,0x81,0xE4,
    0xC7,0x5C,0x8E,0xFB, 0x8D,0x43,0xA4,0x36,
    0x68,0xD6,0x66,0xB2, 0x27,0x1C,0x18,0x84,
    0xE5,0x67,0x8D,0xE3, 0x31,0x7E,0x1C,0x00,
    0x12,0xF1,0x3B,0xC7, 0x7F,0xE6,0xFE,0x84,
    0xE1,0x69,0x1C,0x15, 0xFF,0xAF,0x81,0xE4,
    0xC7,0x5C,0x8E,0xFB, 0x8D,0x43,0xA4,0x36,
    0x68,0xD6,0x66,0xB2, 0x27,0x1C,0x18,0x14,
    0x87,0xEC,0x84,0xE6, 0x36,0x86,0x1F,0x01,
    0x21,0xF2,0x73,0xC7, 0xFF,0xE1,0xFE,0x84,
    0xE1,0x69,0x1C,0x15, 0xFF,0xAF,0x81,0xE4,
    0xC7,0x5C,0x8E,0xFB, 0x8D,0x43,0xA4,0x36,
    0x68,0xD6,0x66,0xB2, 0x27,0x1C,0x18,0x64,
    0x98,0x39,0xC2,0x81, 0x67,0x2C,0x7E,0x00,
    0x12,0xF1,0x3B,0xC7, 0x7F,0xE6,0xFE,0x84,
    0xE1,0x69,0x1C,0x15, 0xFF,0xAF,0x81,0xE4,
    0xC7,0x5C,0x8E,0xFB, 0x8D,0x43,0xA4,0x36,
    0x68,0xD6,0x66,0xB2, 0x27,0x1C,0x18,0xE4,
    0xB4,0x71,0x77,0x4E, 0xE9,0xF8,0x01,0x00,
    0x2C,0x17,0x28,0xE4, 0x22,0x14,0x89,0x88,
    0x78,0x24,0xE2,0xFC, 0x57,0xB1,0x5E,0x8D,
    0x8C,0x3E,0x3F,0x86, 0x3E,0x39,0xC3,0x7E,
    0x68,0x7E,0xE1,0x25, 0xBF,0xD5,0x19,0x1C,
    0x9E,0xC3,0xF8,0xEB, 0xC4,0x28,0x47,0x28,
    0xE2,0x68,0xC2,0x13, 0xA4,0xA6,0x8C,0xC6,
    0x03,0x00,0x00,0x00, 0x18,0x72,0x41,0x18,
    0xB2,0x43,0x35,0x28, 0x78,0x96,0xE1,0xFC,
    0x41,0xBA,0x5E,0x31, 0xE6,0xF3,0x1B,0xE8,
    0x63,0xEC,0x87,0xE1, 0x17,0x36,0xF4,0x5B,
    0x95,0xC1,0xE1,0x39, 0x8C,0xBF,0x4E,0x8C,
    0x72,0x84,0x82,0x8E, 0x26,0x3C,0x41,0x6A,
    0xCA,0x68,0x3C,0x00, 0x18,0xBC,0x8C,0x1D,
    0xA2,0x51,0x89,0x89, 0x67,0x91,0xE1,0xFC,
    0x61,0xEB,0x15,0xEC, 0xF3,0x33,0x88,0x3E,
    0x48,0xE6,0x37,0x7E, 0xE1,0xE2,0x5B,0x85,
    0xC1,0xE1,0x39,0xC8, 0xF8,0xEB,0x8C,0x62,
    0x84,0xE2,0x68,0xC2, 0x13,0xA4,0xA6,0x8C,
    0xC6,0x03,0x00,0x00, 0x18,0x72,0x41,0x18,
    0xB2,0x43,0x35,0x28, 0x78,0x96,0xE1,0xFC,
    0x41,0xBA,0x5E,0x31, 0xE6,0xF3,0x1B,0xE8,
    0x63,0xEC,0x87,0xE1, 0x17,0x3E,0xF4,0x5B,
    0x9D,0xC1,0xE1,0x39, 0x8C,0xBF,0x4E,0x8C,
    0x72,0x84,0x82,0x8E, 0x26,0x3C,0x41,0x6A,
    0xCA,0x68,0x3C,0x00, 0x18,0x92,0x16,0x26,
    0xCA,0x34,0xEC,0x8D, 0x52,0x12,0x74,0xE1,
    0xE3,0xE1,0xFF,0x4F, 0xFE,0x1F,0x14,0x1C,
    0x12,0x82,0xC1,0xB4, 0x38,0x1E,0x8F,0xCC,
    0x3F,0xA1,0xC1,0x64, 0xC6,0x11,0xC4,0xA2,
    0xC4,0xA6,0x18,0x06, 0x18,0x92,0x16,0x26,
    0xDA,0x36,0xF8,0xC7, 0xD2,0x12,0x74,0xE1,
    0xE3,0xE1,0xFF,0x4F, 0xFE,0x1F,0x14,0x1C,
    0x12,0x82,0xC1,0xB4, 0x38,0x1E,0x8F,0xCC,
    0x3F,0xA1,0xC1,0x64, 0xC6,0x11,0xC4,0xA2,
    0xC4,0xA6,0x18,0x06, 0x18,0x92,0x16,0x26,
    0xCA,0x34,0xEC,0x8D, 0x52,0x12,0x74,0xE1,
    0xE3,0xE1,0xFF,0x4F, 0xFE,0x1F,0x14,0x1C,
    0x12,0x82,0xC1,0xB4, 0x38,0x1E,0x8F,0xCC,
    0x3F,0xA1,0xC1,0x64, 0xC6,0x11,0xC4,0xA2,
    0xC4,0xA6,0x18,0x06, 0x18,0x92,0x16,0x26,
    0xDA,0x36,0xF8,0xC7, 0x4C,0x17,0x3E,0x1E,
    0xFE,0xFF,0xE4,0xFF, 0x41,0xC1,0x21,0x21,
    0x18,0x4C,0x8B,0xE3, 0xF1,0xC8,0xFC,0x13,
    0x1A,0x4C,0x66,0x1C, 0x41,0x2C,0x4A,0x6C,
    0x8A,0x61,0x00,0x00, 0xE7,0x1E,0x78,0x38,
    0x1C,0x98,0x3C,0x41, 0x7E,0xC2,0x87,0x41,
    0x1B,0x98,0x83,0x82, 0xC5,0x61,0xC4,0x16,
    0xE8,0x3E,0x42,0x83, 0x2F,0x1F,0xDC,0xFB,
    0x33,0x24,0x2F,0x18, 0x38,0xC4,0x77,0x41,
    0xBC,0x01,0x00,0x00, 0xE7,0x1E,0x78,0x38,
    0x1C,0x98,0x3C,0x41, 0x7E,0xC2,0x87,0x41,
    0x1B,0x98,0x83,0x82, 0xC5,0x61,0xC4,0x16,
    0xE8,0x3E,0x42,0x83, 0x2F,0x1F,0xDC,0xFB,
    0x33,0x24,0x2F,0x98, 0xC1,0x43,0x64,0x17,
    0xBC,0x01,0x00,0x00, 0xE7,0x1E,0x78,0x38,
    0x1C,0x98,0x3C,0x41, 0x7E,0xC2,0x87,0x41,
    0x1B,0x98,0x83,0x82, 0xC5,0x61,0xC4,0x16,
    0xE8,0x3E,0x42,0x83, 0x2F,0x1F,0xDC,0xFB,
    0x33,0x24,0x2F,0x18, 0x4C,0x7C,0x17,0xBF,
    0x01,0x00,0x00,0x00, 0xE7,0x1E,0x78,0x38,
    0x1C,0x98,0x3C,0x41, 0x7E,0xC2,0x87,0x41,
    0x1B,0x98,0x83,0x82, 0xC5,0x61,0xC4,0x16,
    0xE8,0x3E,0x42,0x83, 0x2F,0x1F,0xDC,0xFB,
    0x33,0x24,0x2F,0x18, 0x47,0x7C,0x17,0x8C,
    0x1B,0x00,0x00,0x00, 0xFC,0xFF,0xC7,0xF3,
    0xE1,0x9C,0x33,0xF8, 0x6D,0x18,0x36,0xD4,
    0x9C,0x28,0x48,0x1D, 0x46,0x82,0xE2,0x22,
    0x14,0x82,0x9C,0x94, 0x63,0x22,0x48,0x18,
    0x4A,0x12,0x82,0x24, 0x84,0x86,0x59,0xB4,
    0x33,0x81,0x73,0x41, 0x17,0x3A,0x81,0x22,
    0x1C,0x48,0x12,0x00, 0x3E,0xFC,0x1F,0x1F,
    0x7C,0x38,0xFE,0xCC, 0xFF,0x61,0x1B,0x3A,
    0x48,0x54,0x43,0x82, 0x12,0x18,0x47,0x21,
    0x18,0x12,0x4C,0x82, 0x84,0x31,0x11,0x24,
    0x1C,0x25,0x49,0x12, 0x42,0xC3,0x84,0x22,
    0x9D,0x91,0x8B,0x3A, 0xC4,0x19,0x84,0x1F,
    0x82,0xF1,0x00,0x00, 0xF8,0xFF,0xC7,0xF7,
    0xE1,0x37,0x63,0x5F, 0x18,0x58,0x49,0x22,
    0x21,0x41,0x29,0x82, 0x38,0x19,0x84,0x42,
    0x24,0x41,0xC2,0x18, 0x88,0x12,0x86,0x92,
    0x24,0x19,0x1A,0x26, 0x44,0x11,0xE8,0x8C,
    0x5C,0x82,0x1D,0xE2, 0x84,0x11,0x11,0x8E,
    0x0F,0x00,0x00,0x00, 0x3E,0xFC,0x1F,0x1F,
    0x7C,0x38,0xFE,0xCC, 0xFF,0x61,0x1B,0x3A,
    0x48,0x54,0x43,0x82, 0x12,0x18,0x47,0x21,
    0x18,0x12,0x4C,0x82, 0x84,0x31,0x11,0x24,
    0x1C,0x25,0x49,0x12, 0x42,0xC3,0x84,0x22,
    0x9D,0x91,0xAB,0x83, 0xC4,0x19,0x48,0x1F,
    0x82,0xF1,0x00,0x00, 0xFC,0x3E,0xF5,0xF1,
    0x8F,0xFF,0x8F,0x7C, 0xD3,0x43,0x3F,0xF9,
    0x4C,0x51,0x1E,0x1F, 0x27,0x18,0xFC,0xC5,
    0x43,0x4C,0xC3,0x83, 0x64,0x94,0x15,0x8C,
    0xC1,0x48,0x18,0x76, 0x38,0xFE,0x1F,0xF8,
    0x07,0x00,0x00,0x00, 0xFC,0x3E,0xF5,0xF1,
    0x8F,0xFF,0x8F,0x7C, 0xD3,0x43,0x3F,0xF9,
    0x4C,0x51,0x1E,0x3F, 0xC7,0x87,0xC1,0xC3,
    0x43,0x48,0xC3,0x87, 0x64,0x42,0x59,0xC1,
    0x18,0x8C,0x84,0x61, 0x87,0xE3,0xFF,0x81,
    0x7F,0x00,0x00,0x00, 0xFC,0x3E,0xF5,0xF1,
    0x8F,0xFF,0x8F,0x7C, 0xD3,0x43,0x3F,0xF9,
    0x4C,0x17,0xFD,0x1E, 0x8B,0x71,0x18,0x3C,
    0x3C,0x84,0x41,0xC3, 0x87,0x64,0x46,0x59,
    0xC1,0x18,0x8C,0x84, 0x61,0x87,0xE3,0xFF,
    0x81,0x7F,0x00,0x00, 0xFC,0x3E,0xF5,0xF1,
    0x8F,0xFF,0x8F,0x7C, 0xD3,0x43,0x3F,0xF9,
    0x4C,0x51,0x1E,0x3F, 0xC7,0x87,0xC1,0xC3,
    0x43,0x48,0xC3,0x87, 0x64,0x42,0x59,0xC1,
    0x18,0x8C,0x84,0x61, 0x87,0xE3,0xFF,0x81,
    0x7F,0x00,0x00,0x00, 0x1E,0xFE,0xC7,0xF6,
    0x1F,0xFE,0x1F,0x18, 0x1F,0xC3,0xC3,0x4F,
    0x64,0x44,0x51,0x61, 0x85,0x61,0xF8,0x61,
    0x21,0xFC,0x87,0x7F, 0x36,0xE5,0xE4,0xC9,
    0x81,0x8F,0x8A,0x16, 0x82,0x1A,0xCE,0x18,
    0x14,0x08,0x00,0x00, 0x1E,0xFE,0xC7,0xF6,
    0x1F,0xFE,0x1F,0x18, 0x1F,0xC3,0xC3,0x4E,
    0x64,0x4C,0x81,0xA1, 0x8A,0x61,0x1F,0x16,
    0xC2,0x7F,0xF8,0x67, 0xA3,0x4E,0x9E,0x1C,
    0xF8,0xA8,0x68,0x21, 0xA8,0xE1,0x8C,0x41,
    0x81,0x00,0x00,0x00, 0x1E,0xFE,0xC7,0xF6,
    0x1F,0xFE,0x1F,0x18, 0x1F,0xC3,0xC3,0x4F,
    0x64,0x44,0x51,0x61, 0x85,0x61,0xF8,0x61,
    0x21,0xFC,0x87,0x7F, 0x36,0xE5,0xE4,0xC9,
    0x81,0x8F,0x8A,0x16, 0x82,0x1A,0xCE,0x18,
    0x14,0x08,0x00,0x00, 0x1E,0xFE,0xC7,0xF6,
    0x1F,0xFE,0x1F,0x18, 0x1F,0xC3,0xC3,0x4E,
    0x64,0x4C,0x81,0xA1, 0x8A,0x61,0x1F,0x16,
    0xC2,0x7F,0xF8,0x67, 0xA3,0x4E,0x9E,0x1C,
    0xF8,0xA8,0x68,0x21, 0xA8,0xE1,0x8C,0x41,
    0x81,0x00,0x00,0x00, 0x22,0x92,0xB8,0x3F,
    0x4C,0xFD,0x41,0x2C, 0x7C,0xA4,0x45,0x44,
    0x87,0x3D,0x88,0x83, 0x44,0x1B,0x38,0x4A,
    0x83,0xCE,0x98,0xB1, 0x75,0x18,0x25,0x7C,
    0x4C,0x79,0x6B,0x3F, 0x83,0x87,0xE1,0x71,
    0x2C,0x1C,0x3E,0x54, 0xF4,0x2F,0xBC,0x6C,
    0x26,0xF8,0x81,0xF1, 0xC7,0x3E,0x82,0xFF,
    0xC3,0xDF,0x00,0x00, 0x22,0x92,0xB8,0x3F,
    0x4C,0xFD,0x41,0x2C, 0x7C,0xA4,0x45,0x44,
    0x87,0x3D,0x88,0x83, 0x44,0x1B,0x38,0x4A,
    0x83,0xCE,0x98,0x81, 0x5B,0xC7,0x51,0xC2,
    0x67,0x94,0xB7,0xF3, 0x83,0x81,0xE7,0xC1,
    0x71,0xC3,0xE1,0x43, 0x45,0xFF,0xC2,0xCB,
    0x67,0x83,0x1F,0x18, 0x7F,0xEC,0x23,0xF8,
    0x3F,0xFC,0x0D,0x00, 0x22,0x92,0xB8,0x3F,
    0x4C,0xFD,0x41,0x2C, 0x7C,0xA4,0x45,0x44,
    0x87,0x3D,0x88,0x83, 0x44,0x1B,0x38,0x4A,
    0x83,0xCF,0x98,0xC1, 0x5B,0xE7,0x25,0x7C,
    0x43,0x79,0x8B,0xF1, 0x83,0xC7,0xE1,0x71,
    0xC3,0xE1,0x43,0x45, 0xFF,0xE2,0xCB,0x78,
    0x86,0x81,0x1F,0x18, 0x7F,0xEC,0x23,0xF8,
    0x3F,0xFC,0x0D,0x00, 0x22,0x92,0xB8,0x3F,
    0x4C,0xFD,0x41,0x2C, 0x7C,0xA4,0x45,0x44,
    0x87,0x3D,0x88,0x83, 0x44,0x1B,0x38,0x4A,
    0x83,0xCE,0x98,0x81, 0x5B,0xC7,0x51,0xC2,
    0x67,0x94,0xB7,0xF3, 0x83,0x81,0xE7,0xC1,
    0x71,0xC3,0xE1,0x43, 0x45,0xFF,0xC2,0xCB,
    0x67,0x83,0x1F,0x18, 0x7F,0xEC,0x23,0xF8,
    0x3F,0xFC,0x0D,0x00, 0x1C,0x36,0xB8,0x78,
    0xCE,0xE3,0xC1,0x1F, 0x3F,0x3E,0x82,0x8C,
    0x34,0x11,0x62,0x81, 0x63,0x8C,0x11,0x82,
    0x6C,0x2C,0xDC,0x81, 0xE3,0x47,0x8C,0x11,
    0x48,0xC6,0x00,0x00, 0xBE,0x81,0x86,0x52,
    0x3C,0x3C,0xFC,0xA1, 0x31,0x1E,0x68,0x85,
    0x12,0x42,0x83,0xC3, 0x68,0x11,0x82,0x6C,
    0x2C,0xDC,0x81,0xE3, 0x47,0x8C,0x11,0x48,
    0xC6,0x00,0x00,0x00, 0x1C,0x2E,0x1C,0xCA,
    0x81,0x1F,0x64,0x1E, 0x14,0x86,0x48,0x81,
    0x18,0x31,0x48,0x22, 0x84,0xD9,0x16,0xE8,
    0xC2,0xB1,0x29,0x36, 0xC8,0xC4,0x48,0x0C,
    0xBE,0x81,0x86,0x52, 0x3C,0x3C,0xFC,0xA1,
    0x31,0x1E,0x68,0x85, 0x12,0x42,0x83,0xC3,
    0x68,0x11,0x82,0x6C, 0x2C,0xDC,0x81,0xE3,
    0x47,0x8C,0x11,0x48, 0xC6,0x00,0x00,0x00,
    0x38,0xC7,0x87,0xCF, 0x6C,0x18,0x86,0xC1,
    0x6C,0x63,0x3C,0x1E, 0x33,0x86,0xC1,0xC8,
    0x88,0x88,0xCC,0x1C, 0x86,0x43,0x39,0xFF,
    0x1E,0xBC,0x64,0x48, 0xE1,0x03,0x00,0x00,
    0x1C,0x38,0x3E,0x7C, 0x66,0xC3,0xC3,0x66,
    0x18,0x3C,0x66,0xC3, 0x18,0x18,0x11,0x11,
    0x18,0x81,0x31,0x38, 0xEC,0x28,0xC7,0xEF,
    0xB3,0x6C,0x59,0xE1, 0x03,0x00,0x00,0x00,
    0xCE,0xF1,0xE1,0x33, 0x83,0x61,0x18,0x36,
    0x63,0x6C,0x3C,0x78, 0x6C,0x3C,0x18,0x22,
    0x23,0x23,0x62,0x37, 0x1C,0xC5,0x81,0xEF,
    0xAF,0x3C,0x87,0x89, 0x15,0x3F,0x00,0x00,
    0x1C,0x38,0x3E,0x7C, 0x66,0xC3,0xC3,0x66,
    0x18,0x3C,0x66,0xC3, 0x18,0x18,0x11,0x11,
    0x18,0x81,0x31,0x38, 0xEC,0x28,0xC7,0xEF,
    0xB3,0x6C,0x59,0xE1, 0x03,0x00,0x00,0x00,
    0xCF,0x7F,0xFE,0x73, 0x33,0xF8,0x8F,0x41,
    0xF8,0x38,0x3C,0x3C, 0xF2,0x21,0xC4,0x7A,
    0x6C,0xF8,0x93,0x99, 0x1F,0xFE,0x72,0x7E,
    0x72,0xE1,0xF2,0x81, 0x5D,0xE6,0x18,0x51,
    0x18,0x02,0x00,0x00, 0xCF,0x7F,0xFE,0x73,
    0x33,0xF8,0x8F,0x41, 0xF8,0x38,0x3C,0x3C,
    0xF2,0x21,0x68,0x3A, 0x6C,0xF8,0x91,0x99,
    0x1F,0xFE,0x72,0x7E, 0x72,0xE1,0xF2,0x81,
    0x5D,0xE6,0x18,0x51, 0x18,0x02,0x00,0x00,
    0xCF,0x7F,0xFE,0x73, 0x33,0xF8,0x8F,0x41,
    0xF8,0x38,0x3C,0x3C, 0xF2,0x21,0xC4,0x7A,
    0x6C,0xF8,0x93,0x99, 0x1F,0xFE,0x72,0x7E,
    0x72,0xE1,0xF2,0x81, 0x5D,0xE6,0x18,0x51,
    0x18,0x02,0x00,0x00, 0xCF,0x7F,0xFE,0x73,
    0x33,0xF8,0x8F,0x41, 0xF8,0x38,0x3C,0x3C,
    0xF2,0x21,0x68,0x3A, 0x6C,0xF8,0x91,0x99,
    0x1F,0xFE,0x72,0x7E, 0x72,0xE1,0xF2,0x81,
    0x5D,0xE6,0x18,0x51, 0x18,0x02,0x00,0x00,
    0x5C,0x22,0x81,0xC1, 0x83,0xF1,0x8F,0x12,
    0x38,0x1C,0xB8,0x85, 0x33,0xB8,0x18,0x4C,
    0x1B,0x4A,0x36,0xA4, 0x1B,0x72,0x61,0x93,
    0x19,0x26,0xD4,0xE4, 0x13,0xC3,0x38,0x1E,
    0x79,0x1A,0xF8,0x6B, 0x4E,0x3C,0x9A,0xB1,
    0x61,0x14,0xCC,0x36, 0xCA,0x6C,0x4C,0xC2,
    0x1D,0x98,0xC1,0xE3, 0x12,0x3C,0x18,0x24,
    0x34,0x88,0x81,0x23, 0x12,0xE8,0x01,0x00,
    0x5C,0x63,0x7C,0xC8, 0xFF,0xC1,0xB2,0x43,
    0x89,0xA9,0xDC,0x42, 0x65,0x5C,0xDC,0xAA,
    0x88,0x31,0x44,0x81, 0xB2,0x51,0x23,0xD8,
    0x54,0x13,0x63,0xBE, 0x81,0x38,0x1E,0x98,
    0x67,0xFC,0xCF,0xE3, 0x9A,0x81,0x46,0xC1,
    0xCC,0x1B,0x3A,0xC4, 0x63,0xC6,0xC1,0x8C,
    0x39,0x84,0x11,0xC3, 0x41,0x7C,0x42,0x18,
    0x1B,0x85,0xC2,0x73, 0x84,0x05,0x00,0x00,
    0x17,0x88,0x3C,0x64, 0xFF,0x86,0xC3,0xA1,
    0x84,0x33,0x6E,0xC1, 0xB4,0x2E,0xA6,0x64,
    0xC4,0xA4,0x18,0x21, 0x17,0x2C,0x93,0x19,
    0x23,0xD4,0x44,0x3E, 0x81,0xA1,0x38,0x1E,
    0x98,0xA7,0xC1,0xBF, 0xE6,0xC4,0xA3,0x19,
    0xC4,0x46,0x81,0x8D, 0xC1,0x18,0xCA,0x73,
    0x24,0xE6,0x1D,0x8C, 0xC3,0x38,0x6C,0xD1,
    0x1F,0x18,0x1C,0x42, 0x33,0x1A,0x18,0x4E,
    0x16,0x0B,0x00,0x00, 0x2E,0x15,0x18,0x1E,
    0x18,0xF8,0x87,0x12, 0xE1,0xB8,0xC5,0xBC,
    0x81,0x8B,0x21,0x33, 0x81,0x8C,0x43,0x6A,
    0x33,0x65,0x38,0x61, 0x63,0x1C,0xE3,0x4B,
    0xC3,0x18,0x9B,0xC3, 0xF1,0x24,0x68,0x6F,
    0xC8,0xB3,0xA1,0x19, 0xC3,0x16,0xC6,0xC4,
    0xA6,0x4C,0x2C,0x98, 0xD3,0x31,0x5C,0x83,
    0xC7,0x62,0x11,0x5A, 0xC1,0xF1,0x01,0x00,
    0x00,0x00,0x8C,0x00, 0x16,0x00,0x03,0x00,
    0x2A,0x00,0x03,0x00, 0x40,0x00,0x03,0x00,
    0x54,0x00,0x11,0x00, 0x5F,0x00,0x11,0x00,
    0x6A,0x00,0x11,0x00, 0x75,0x00,0x11,0x00,
    0x80,0x00,0x09,0x00, 0x88,0x00,0x09,0x00,
    0x90,0x00,0x09,0x00, 0x98,0x00,0x09,0x00,
    0xA1,0x00,0x0D,0x00, 0xA8,0x00,0x0D,0x00,
    0xAF,0x00,0x0D,0x00, 0xB6,0x00,0x0D,0x00,
    0xBD,0x00,0x18,0x01, 0xC6,0x00,0x06,0x00,
    0xD0,0x00,0x1E,0x00, 0xDA,0x00,0x08,0x00,
    0xE4,0x00,0x0E,0x00, 0xEE,0x00,0x0E,0x00,
    0xF8,0x00,0x0E,0x00, 0x02,0x01,0x0E,0x00,
    0x0C,0x01,0xF0,0x00, 0x13,0x01,0x0A,0x00,
    0x19,0x01,0x0C,0x00, 0x20,0x01,0x0A,0x00,
    0x26,0x01,0x08,0x00, 0x2E,0x01,0x08,0x00,
    0x36,0x01,0x08,0x00, 0x3D,0x01,0x08,0x00,
    0x44,0x01,0x04,0x01, 0x5E,0x01,0x03,0x00,
    0x78,0x01,0x03,0x00, 0x91,0x01,0x03,0x00,
    0xAB,0x01,0x0A,0x00, 0xB3,0x01,0x0A,0x00,
    0xBC,0x01,0x0A,0x00, 0xC3,0x01,0x0A,0x00,
    0xCA,0x01,0x04,0x01, 0xE3,0x01,0x03,0x00,
    0xFD,0x01,0x03,0x00, 0x16,0x02,0x03,0x00,
    0x30,0x02,0x0A,0x00, 0x3C,0x02,0x0A,0x00,
    0x48,0x02,0x0A,0x00, 0x52,0x02,0x0A,0x00,
    0x5C,0x02,0x18,0x01, 0x6B,0x02,0x07,0x00,
    0x7B,0x02,0x08,0x00, 0x89,0x02,0x08,0x00,
    0x99,0x02,0x13,0x00, 0xA5,0x02,0x0F,0x00,
    0xB1,0x02,0x13,0x00, 0xBD,0x02,0x0F,0x00,
    0xC9,0x02,0x13,0x00, 0xD5,0x02,0x0F,0x00,
    0xE1,0x02,0x13,0x00, 0xEE,0x02,0x0F,0x00,
    0xFA,0x02,0x13,0x00, 0x05,0x03,0x0F,0x00,
    0x10,0x03,0x13,0x00, 0x1A,0x03,0x0F,0x00,
    0x25,0x03,0x18,0x01, 0x2F,0x03,0x04,0x00,
    0x39,0x03,0x26,0x00, 0x44,0x03,0x06,0x00,
    0x4E,0x03,0x11,0x00, 0x5C,0x03,0x11,0x00,
    0x68,0x03,0x11,0x00, 0x74,0x03,0x11,0x00,
    0x7F,0x03,0xB4,0x00, 0x91,0x03,0x02,0x00,
    0xA4,0x03,0x04,0x00, 0xB7,0x03,0x04,0x00,
    0xCA,0x03,0x11,0x00, 0xD4,0x03,0x11,0x00,
    0xDE,0x03,0x11,0x00, 0xE8,0x03,0x11,0x00,
    0xF1,0x03,0x0C,0x00, 0x01,0x04,0x0C,0x00,
    0x12,0x04,0x0C,0x00, 0x22,0x04,0x0C,0x00,
    0x33,0x04,0x0A,0x00, 0x46,0x04,0x0A,0x00,
    0x59,0x04,0x0A,0x00, 0x6C,0x04,0x0A,0x00,
    0x7F,0x04,0x0A,0x00, 0x8B,0x04,0x0A,0x00,
    0x97,0x04,0x0A,0x00, 0xA3,0x04,0x0A,0x00,
    0xAF,0x04,0x13,0x00, 0xBC,0x04,0x13,0x00,
    0xC9,0x04,0x13,0x00, 0xD5,0x04,0x13,0x00,
    0xE2,0x04,0x18,0x01, 0xF2,0x04,0x08,0x00,
    0x02,0x05,0xB4,0x00, 0x13,0x05,0x06,0x00,
    0x23,0x05,0x0A,0x00, 0x2B,0x05,0x0A,0x00,
    0x31,0x05,0x0A,0x00, 0x38,0x05,0x0A,0x00,
    0x3E,0x05,0x0A,0x00, 0x45,0x05,0x0A,0x00,
    0x4A,0x05,0x0A,0x00, 0x50,0x05,0x0A,0x00,
    0x55,0x05,0xF0,0x00, 0x56,0x05,0x06,0x00,
    0x5A,0x05,0x06,0x00, 0x61,0x05,0x06,0x00,
    0x64,0x05,0x10,0x00, 0x70,0x05,0x10,0x00,
    0x7B,0x05,0x10,0x00, 0x87,0x05,0x10,0x00,
    0x93,0x05,0x10,0x00, 0x9D,0x05,0x10,0x00,
    0xA9,0x05,0x10,0x00, 0xB6,0x05,0x10,0x00,
    0xC2,0x05,0x10,0x00, 0xCD,0x05,0x10,0x00,
    0xD7,0x05,0x10,0x00, 0xE2,0x05,0x10,0x00,
    0xED,0x05,0x11,0x00, 0xF9,0x05,0x11,0x00,
    0x06,0x06,0x11,0x00, 0x12,0x06,0x11,0x00,
    0x1F,0x06,0x13,0x00, 0x28,0x06,0x13,0x00,
    0x32,0x06,0x13,0x00, 0x3B,0x06,0x13,0x00,
    0x44,0x06,0x17,0x00, 0x52,0x06,0x13,0x00,
    0x61,0x06,0x13,0x00, 0x70,0x06,0x13,0x00,
    0x7F,0x06,0x17,0x00, 0x8C,0x06,0x13,0x00,
    0x99,0x06,0x13,0x00, 0xA5,0x06,0x13,0x00,
    0xB2,0x06,0x0E,0x00, 0xBC,0x06,0x0E,0x00,
    0xC6,0x06,0x0E,0x00, 0xD0,0x06,0x0E,0x00,
    0xDA,0x06,0x0F,0x00, 0xE4,0x06,0x0F,0x00,
    0xEE,0x06,0x0F,0x00, 0xF8,0x06,0x0F,0x00,
    0x02,0x07,0x18,0x01, 0x0F,0x07,0x0A,0x00,
    0x1B,0x07,0x78,0x00, 0x27,0x07,0x08,0x00,
    0x33,0x07,0xF0,0x00, 0x3D,0x07,0x08,0x00,
    0x47,0x07,0x08,0x00, 0x51,0x07,0x08,0x00,
    0x5B,0x07,0x0E,0x00, 0x65,0x07,0x0E,0x00,
    0x6F,0x07,0x0E,0x00, 0x79,0x07,0x0E,0x00,
    0x83,0x07,0x13,0x00, 0x8F,0x07,0x11,0x00,
    0x9B,0x07,0x13,0x00, 0xA7,0x07,0x11,0x00,
    0xB3,0x07,0x11,0x00, 0xBD,0x07,0x10,0x00,
    0xC7,0x07,0x15,0x00, 0xD1,0x07,0x10,0x00,
    0xDB,0x07,0xB4,0x00, 0xE5,0x07,0x08,0x00,
    0xEF,0x07,0x08,0x00, 0xF9,0x07,0x08,0x00,
    0x03,0x08,0x3C,0x00, 0x11,0x08,0x0E,0x00,
    0x1F,0x08,0x2E,0x00, 0x2D,0x08,0x0E,0x00,
    0x3B,0x08,0x18,0x01, 0x43,0x08,0x0A,0x00,
    0x4B,0x08,0xC8,0x00, 0x52,0x08,0x08,0x00,
    0x5A,0x08,0x14,0x00, 0x62,0x08,0x10,0x00,
    0x6A,0x08,0x14,0x00, 0x72,0x08,0x10,0x00,
    0x7A,0x08,0xB4,0x00, 0x83,0x08,0x06,0x00,
    0x8C,0x08,0x06,0x00, 0x95,0x08,0x06,0x00,
    0x9E,0x08,0x0F,0x00, 0xAE,0x08,0x0F,0x00,
    0xBE,0x08,0x0F,0x00, 0xCF,0x08,0x0F,0x00,
    0x00,0xFF,0x02,0x3F, 0x02,0x41,0x02,0x43,
    0x00,0xFE,0x02,0x3F, 0x02,0x41,0x02,0x43,
    0x00,0xFD,0x02,0x3F, 0x02,0x41,0x02,0x43,
    0x00,0xFC,0x02,0x3F, 0x02,0x41,0x02,0x43,
    0x00,0xFF,0xC0,0x24, 0x00,0xFF,0x03,0x1D,
    0x00,0xFF,0x00,0x22, 0x00,0xFD,0x00,0x35,
    0x00,0xFF,0x00,0x22, 0x00,0xFD,0x00,0x35,
    0x00,0xFF,0x00,0x22, 0x00,0xFD,0x00,0x35,
    0x01,0x00,0x00,0xFF, 0x00,0x22,0x00,0xFD,
    0x00,0x35,0x00,0xFF, 0x00,0x22,0x00,0xFD,
    0x00,0x35,0x00,0xFF, 0x00,0x22,0x00,0xFD,
    0x00,0x35,0x00,0xFF, 0x00,0x22,0x00,0xFD,
    0x00,0x35,0x00,0xFF, 0x00,0x22,0x00,0xFD,
    0x00,0x35,0x00,0xFF, 0x00,0x22,0x00,0xFD,
    0x00,0x35,0x00,0xFF, 0x00,0x22,0x00,0xFD,
    0x00,0x35,0x00,0xFF, 0x00,0x22,0x00,0xFD,
    0x00,0x35,0x00,0xFF, 0x00,0x22,0x00,0xFD,
    0x00,0x35,0x00,0xFF, 0x09,0x2B,0x00,0xFE,
    0x09,0x24,0x09,0x1B, 0x00,0xFF,0x09,0x2B,
    0x00,0xFE,0x09,0x24, 0x09,0x1B,0x00,0xFF,
    0x09,0x2C,0x00,0xFE, 0x09,0x24,0x00,0xFF,
    0x13,0x2B,0x13,0x29, 0x1D,0x00,0x09,0x2E,
    0x00,0xFE,0x09,0x24, 0x09,0x18,0x00,0xFF,
    0x09,0x2E,0x00,0xFE, 0x09,0x24,0x09,0x18,
    0x00,0xFF,0x09,0x30, 0x00,0xFE,0x09,0x24,
    0x00,0x00,0x10,0x00, 0x12,0x00,0x14,0x00,
    0x45,0x00,0x64,0x00, 0x06,0x47,0x09,0x43,
    0x46,0x3F,0xB9,0x3B, 0x5F,0x38,0x35,0x35,
    0x38,0x32,0x67,0x2F, 0xBE,0x2C,0x3B,0x2A,
    0xDC,0x27,0x9F,0x25, 0x83,0x23,0x85,0x21,
    0xA3,0x1F,0xDD,0x1D, 0x2F,0x1C,0x9A,0x1A,
    0x1C,0x19,0xB3,0x17, 0x5F,0x16,0x1D,0x15,
    0xEE,0x13,0xD0,0x12, 0xC1,0x11,0xC2,0x10,
    0xD2,0x0F,0xEE,0x0E, 0x18,0x0E,0x4D,0x0D,
    0x8E,0x0C,0xDA,0x0B, 0x2F,0x0B,0x8F,0x0A,
    0xF7,0x09,0x68,0x09, 0xE1,0x08,0x61,0x08,
    0xE9,0x07,0x77,0x07, 0x0C,0x07,0xA7,0x06,
    0x47,0x06,0xED,0x05, 0x98,0x05,0x47,0x05,
    0xFC,0x04,0xB4,0x04, 0x70,0x04,0x31,0x04,
    0xF4,0x03,0xBC,0x03, 0x86,0x03,0x53,0x03,
    0x24,0x03,0xF6,0x02, 0xCC,0x02,0xA4,0x02,
    0x7E,0x02,0x5A,0x02, 0x38,0x02,0x18,0x02,
    0xFA,0x01,0xDE,0x01, 0xC3,0x01,0xAA,0x01,
    0x92,0x01,0x7B,0x01, 0x66,0x01,0x52,0x01,
    0x3F,0x01,0x2D,0x01, 0x00,0x00,0xFF,0x00,
    0x03,0x00,0xFF,0x00, 0x05,0x00,0xFF,0x00,
    0x07,0x00,0xFF,0x00, 0x09,0x00,0xFF,0x00,
    0x0B,0x00,0xFF,0x00, 0x0D,0x00,0xFF,0x00,
    0x0F,0x00,0xFF,0x00, 0x11,0x00,0xFF,0x00,
    0x13,0x00,0xFF,0x00, 0x15,0x00,0xFF,0x00,
    0x17,0x00,0xFF,0x00, 0x19,0x00,0x07,0x00,
    0x1D,0x00,0x08,0x00, 0x21,0x00,0xFF,0x00,
    0x23,0x00,0x07,0x00, 0x27,0x00,0x09,0x00,
    0x2C,0x00,0xFF,0x00, 0x2E,0x00,0xFF,0x00,
    0x30,0x00,0xFF,0x00, 0x32,0x00,0xFF,0x00,
    0x35,0x00,0x07,0x00, 0x39,0x00,0x08,0x00,
    0x3D,0x00,0xFF,0x00, 0x3F,0x00,0xFF,0x00,
    0x42,0x00,0x08,0x00, 0x46,0x00,0xFF,0x00,
    0x48,0x00,0x08,0x00, 0x4D,0x00,0xFF,0x00,
    0x4F,0x00,0xFF,0x00, 0x51,0x00,0xFF,0x00,
    0x53,0x00,0xFF,0x00, 0x55,0x00,0xFF,0x00,
    0x57,0x00,0xFF,0x00, 0x59,0x00,0xFF,0x00,
    0x5C,0x00,0xFF,0x00, 0x5E,0x00,0x09,0x00,
    0x63,0x00,0xFF,0x00, 0x65,0x00,0xFF,0x00,
    0x67,0x00,0xFF,0x00, 0x69,0x00,0x06,0x00,
    0x6D,0x00,0xFF,0x00, 0x6F,0x00,0xFF,0x00,
    0x71,0x00,0xFF,0x00, 0x73,0x00,0xFF,0x00,
    0x75,0x00,0xFF,0x00, 0x77,0x00,0xFF,0x00,
    0x79,0x00,0xFF,0x00, 0x7B,0x00,0xFF,0x00,
    0x7D,0x00,0xFF,0x00, 0x7F,0x00,0xFF,0x00,
    0x80,0x00,0xFF,0x00, 0x82,0x00,0xFF,0x00,
    0x83,0x00,0xFF,0x00, 0x85,0x00,0xFF,0x00,
    0x87,0x00,0xFF,0x00, 0x88,0x00,0xFF,0x00,
    0x89,0x00,0x08,0x00, 0x8C,0x00,0xFF,0x00,
    0x8E,0x00,0xFF,0x00, 0x90,0x00,0xFF,0x00,
    0x92,0x00,0x07,0x00, 0x96,0x00,0x06,0x00,
    0x9A,0x00,0x08,0x00, 0x9F,0x00,0xFF,0x00,
    0xA1,0x00,0xFF,0x00, 0xA3,0x00,0xFF,0x00,
    0xA6,0x00,0xFF,0x00, 0xA8,0x00,0xFF,0x00,
    0xAA,0x00,0xFF,0x00, 0xAC,0x00,0xFF,0x00,
    0xAE,0x00,0xFF,0x00, 0xAF,0x00,0xFF,0x00,
    0xB0,0x00,0xFF,0x00, 0xB2,0x00,0xFF,0x00,
    0xB4,0x00,0x06,0x00, 0xB8,0x00,0xFF,0x00,
    0xB9,0x00,0xFF,0x00, 0xBC,0x00,0xFF,0x00,
    0xBE,0x00,0xFF,0x00, 0xC1,0x00,0x07,0x00,
    0xC5,0x00,0x08,0x00, 0xC9,0x00,0xFF,0x00,
    0x42,0x21,0x28,0x26, 0x40,0x21,0x2E,0x32,
    0x32,0xFF,0xFF,0xFF, 0x43,0x43,0x41,0x25,
    0x2E,0x37,0xFF,0xFF, 0x23,0x2E,0x21,0x24,
    0x31,0x2C,0x20,0x2D, 0x43,0x41,0x27,0x2E,
    0x34,0x2D,0x23,0xFF, 0x43,0x41,0x24,0x20,
    0x26,0x2B,0x24,0xFF, 0x43,0x43,0x27,0x20,
    0x36,0x2A,0xFF,0xFF, 0x43,0x25,0x20,0x2B,
    0x22,0x2E,0x2D,0xFF, 0x43,0x40,0x2F,0x28,
    0x26,0x24,0x2E,0x2D, 0x43,0x29,0x20,0x26,
    0x34,0x20,0x31,0xFF, 0x42,0x2F,0x20,0x2D,
    0x33,0x27,0x24,0x31, 0x42,0x2B,0x24,0x2E,
    0x2F,0x20,0x31,0x23, 0x43,0x43,0x2F,0x34,
    0x2C,0x20,0xFF,0xFF, 0x40,0x22,0x31,0x2E,
    0x22,0x2E,0x0B,0x43, 0x43,0x43,0x43,0x41,
    0x23,0x28,0x2B,0x24, 0x40,0x20,0x2B,0x2B,
    0x28,0x26,0x20,0x0B, 0x43,0x43,0x43,0x43,
    0x43,0x33,0x2E,0x31, 0x43,0x41,0x28,0x26,
    0x34,0x20,0x2D,0x20, 0x40,0x22,0x2E,0x2C,
    0x2E,0x23,0x2E,0x43, 0x43,0x23,0x31,0x20,
    0x26,0x2E,0x2D,0xFF, 0x40,0x33,0x20,0x32,
    0x2C,0x20,0x2D,0x28, 0x0B,0x42,0x20,0x2D,
    0x42,0x23,0x24,0x35, 0x28,0x2B,0xFF,0xFF,
    0x43,0x29,0x20,0x22, 0x2A,0x20,0x2B,0xFF,
    0x43,0x41,0x27,0x38, 0x24,0x2D,0x20,0xFF,
    0x2C,0x2E,0x2D,0x26, 0x2E,0x2E,0x32,0x24,
    0x40,0x32,0x22,0x2E, 0x31,0x2F,0x28,0x2E,
    0x2D,0xFF,0xFF,0xFF, 0x40,0x22,0x24,0x2D,
    0x33,0x28,0x0B,0x43, 0x43,0x43,0x43,0x2F,
    0x24,0x23,0x24,0xFF, 0x40,0x33,0x20,0x31,
    0x20,0x2D,0x0B,0x43, 0x43,0x43,0x43,0x43,
    0x33,0x34,0x2B,0x20, 0x43,0x40,0x32,0x2F,
    0x28,0x23,0x24,0x31, 0x40,0x2D,0x28,0x26,
    0x27,0x33,0x40,0x2E, 0x36,0x2B,0xFF,0xFF,
    0x43,0x40,0x25,0x2B, 0x38,0x28,0x2D,0x26,
    0x43,0x43,0x41,0x25, 0x2E,0x37,0xFF,0xFF,
    0x43,0x43,0x41,0x21, 0x20,0x33,0xFF,0xFF,
    0x43,0x40,0x25,0x2B, 0x38,0x28,0x2D,0x26,
    0x40,0x32,0x30,0x34, 0x28,0x31,0x31,0x24,
    0x2B,0xFF,0xFF,0xFF, 0x43,0x43,0x2E,0x31,
    0x22,0x20,0xFF,0xFF, 0x43,0x43,0x29,0x20,
    0x36,0x32,0xFF,0xFF, 0x43,0x42,0x32,0x27,
    0x20,0x31,0x2A,0xFF, 0x42,0x2F,0x28,0x31,
    0x20,0x2D,0x27,0x20, 0x43,0x42,0x36,0x27,
    0x20,0x2B,0x24,0xFF, 0x42,0x2C,0x20,0x2C,
    0x2C,0x2E,0x33,0x27, 0x40,0x24,0x2B,0x24,
    0x2F,0x27,0x20,0x2D, 0x33,0xFF,0xFF,0xFF,
    0x43,0x43,0x42,0x2F, 0x28,0x26,0xFF,0xFF,
    0x40,0x27,0x28,0x2F, 0x2F,0x2E,0x2F,0x2E,
    0x0B,0x43,0x43,0x43, 0x33,0x20,0x2C,0x34,
    0x32,0xFF,0xFF,0xFF, 0x43,0x42,0x39,0x24,
    0x21,0x31,0x20,0xFF, 0x43,0x43,0x23,0x24,
    0x24,0x31,0xFF,0xFF, 0x43,0x43,0x41,0x22,
    0x20,0x33,0xFF,0xFF, 0x42,0x26,0x28,0x20,
    0x2D,0x33,0x43,0x43, 0x2F,0x20,0x2D,0x23,
    0x20,0xFF,0xFF,0xFF, 0x43,0x41,0x32,0x2B,
    0x2E,0x33,0x27,0xFF, 0x22,0x20,0x2F,0x38,
    0x21,0x20,0x31,0x20, 0x43,0x42,0x2A,0x2E,
    0x20,0x2B,0x20,0xFF, 0x42,0x2E,0x32,0x33,
    0x31,0x28,0x22,0x27, 0x43,0x40,0x31,0x20,
    0x21,0x21,0x28,0x33, 0x43,0x41,0x2C,0x2E,
    0x34,0x32,0x24,0xFF, 0x42,0x22,0x27,0x28,
    0x22,0x2A,0x24,0x2D, 0x27,0x28,0x23,0x24,
    0x2E,0xFF,0xFF,0xFF, 0x28,0x2B,0x2B,0x24,
    0x26,0x20,0x2B,0xFF, 0x23,0x20,0x33,0x20,
    0x2B,0x2E,0x20,0x23, 0x24,0x23,0xFF,0xFF,
    0x2F,0x34,0x32,0x27, 0x22,0x2B,0x24,0x20,
    0x31,0xFF,0xFF,0xFF, 0x26,0x24,0x33,0x41,
    0x28,0x23,0xFF,0xFF, 0x23,0x20,0x38,0xFF,
    0x2B,0x24,0x25,0x33, 0x42,0x22,0x20,0x31,
    0x31,0x28,0x24,0x31, 0x43,0x43,0x16,0x0D,
    0x23,0x20,0x38,0x32, 0x42,0x11,0xFF,0xFF,
    0x23,0x20,0x38,0x43, 0x42,0x11,0xFF,0xFF,
    0x2B,0x20,0x32,0x33, 0x40,0x23,0x20,0x38,
    0x35,0x20,0x22,0x22, 0x28,0x2D,0x24,0x43,
    0x22,0x31,0x24,0x20, 0x33,0x24,0x23,0xFF,
    0x2E,0x34,0x33,0x40, 0x2E,0x25,0x43,0x43,
    0x43,0x33,0x28,0x2C, 0x24,0x0D,0x0D,0x0D,
    0x2D,0x2E,0x33,0x40, 0x24,0x2D,0x34,0x25,
    0x43,0x43,0x43,0x28, 0x23,0x40,0x2D,0x34,
    0x2C,0xFF,0xFF,0xFF, 0x43,0x43,0x43,0x43,
    0x43,0x38,0x24,0x32, 0x43,0x43,0x43,0x43,
    0x43,0x2D,0x2E,0xFF, 0x28,0x23,0x41,0x23,
    0x20,0x33,0x20,0x0D, 0x0D,0x0D,0xFF,0xFF,
    0x25,0x28,0x2D,0x28, 0x32,0x27,0x24,0x23,
    0x24,0x31,0x31,0x2E, 0x31,0x3A,0xFF,0xFF,
    0x32,0x34,0x22,0x22, 0x24,0x32,0x32,0xFF,
    0x31,0x24,0x22,0x24, 0x28,0x35,0x24,0xFF,
    0x32,0x24,0x2D,0x23, 0x24,0x37,0x28,0x33,
    0x1F,0x24,0x37,0x28, 0x33,0xFF,0xFF,0xFF,
    0x43,0x36,0x20,0x28, 0x33,0x28,0x2D,0x26,
    0x43,0x43,0x41,0x25, 0x2E,0x31,0x42,0x32,
    0x24,0x2D,0x23,0x28, 0x2D,0x26,0xFF,0xFF,
    0x2D,0x2E,0x36,0xFF, 0x31,0x24,0x22,0x24,
    0x28,0x35,0x28,0x2D, 0x26,0xFF,0xFF,0xFF,
    0x32,0x24,0x2D,0x23, 0x28,0x2D,0x26,0xFF,
    0x41,0x22,0x27,0x24, 0x22,0x2A,0x28,0x2D,
    0x26,0xFF,0xFF,0xFF, 0x32,0x20,0x2C,0x24,
    0x40,0x28,0x23,0x41, 0x25,0x24,0x33,0x22,
    0x27,0x24,0x23,0xFF, 0x33,0x31,0x20,0x2D,
    0x32,0x25,0x24,0x31, 0x24,0x31,0x31,0x2E,
    0x31,0xFF,0xFF,0xFF, 0x31,0x30,0x31,0x30,
    0x4A,0x45,0x43,0x4B, 0x49,0x53,0x47,0x4D,
    0x80,0x3A,0x09,0x00, 0x27,0x1A,0x83,0xAD,
    0xEE,0xF7,0xAD,0x44, 0x80,0x51,0x01,0x00,
    0xA0,0x8C,0x00,0x00, 0x10,0x0E,0x00,0x00,
    0x58,0x02,0x00,0x00, 0x1F,0x1C,0x1F,0x1E,
    0x1F,0x1E,0x1F,0x1F, 0x1E,0x1F,0x1E,0x1F,
    0x6D,0x01,0x00,0x00, 0x80,0x3A,0x09,0x00,
    0x40,0x5C,0x03,0x03, 0x00,0xDE,0x1C,0x02,
    0xA0,0xA5,0x3A,0x00, 0xE0,0x80,0x30,0x06,
    0x80,0x01,0xA0,0x04, 0x80,0x00,0xA0,0x07,
    0x30,0x00,0xA0,0x0E, 0xD0,0x01,0x90,0x0D,
    0xF0,0x00,0x90,0x03, 0xF0,0x00,0x90,0x0F,
    0x70,0x0F,0x78,0x0F, 0x50,0x20,0x26,0x0F,
    0x70,0x1F,0xFA,0x0E, 0x70,0x3D,0xFC,0x0E,
    0x50,0x0C,0x30,0x0A, 0x40,0x00,0x00,0x02,
    0x60,0x00,0x00,0x06, 0xE0,0x00,0x00,0x07,
    0xA0,0x00,0x01,0x07, 0xA0,0x80,0x03,0x07,
    0xA0,0x01,0x83,0x0F, 0x80,0x01,0x80,0x0D,
    0x80,0x63,0xC6,0x0D, 0x90,0x47,0xE3,0x19,
    0x10,0x0F,0xF0,0x19, 0x08,0x17,0xD8,0x32,
    0x24,0x66,0xCE,0x35, 0x34,0xCE,0xB7,0x73,
    0x32,0xF6,0xAF,0xF3, 0x32,0x2F,0xA9,0xF7,
    0x12,0x1F,0x29,0xF7, 0xD4,0x17,0x88,0xF6,
    0x40,0x5C,0x03,0x03, 0x00,0xDE,0x1C,0x02,
    0xA0,0xA5,0x3A,0x00, 0xE0,0x80,0x30,0x06,
    0x80,0x01,0xA0,0x04, 0x80,0x00,0xA0,0x07,
    0x30,0x00,0xA0,0x0E, 0xD0,0x01,0x90,0x0D,
    0xF0,0x00,0x90,0x03, 0xF0,0x00,0x90,0x0F,
    0x70,0x4F,0x7A,0x0F, 0x50,0x60,0x2E,0x0F,
    0x70,0x18,0x62,0x0E, 0x70,0x31,0xE4,0x0E,
    0x50,0x1E,0x78,0x0A, 0x40,0x00,0x00,0x02,
    0x60,0x00,0x00,0x06, 0xE0,0x00,0x00,0x07,
    0xA0,0x00,0x01,0x07, 0xA0,0x80,0x03,0x07,
    0xA0,0x01,0x83,0x0F, 0x80,0x01,0x80,0x0D,
    0x80,0x63,0xC6,0x0D, 0x90,0x07,0xE0,0x19,
    0x10,0x0F,0xF0,0x19, 0x08,0x17,0xD8,0x32,
    0x24,0x66,0xCE,0x35, 0x34,0xCE,0xB7,0x73,
    0x32,0xF6,0xAF,0xF3, 0x32,0x2F,0xA9,0xF7,
    0x12,0x1F,0x29,0xF7, 0xD4,0x17,0x88,0xF6,
    0x40,0x5C,0x03,0x03, 0x00,0xDE,0x1C,0x02,
    0xA0,0xA5,0x3A,0x00, 0xE0,0x80,0x30,0x06,
    0x80,0x01,0xA0,0x04, 0x80,0x00,0xA0,0x07,
    0x30,0x00,0xA0,0x0E, 0xD0,0x01,0x90,0x0D,
    0xF0,0x00,0x90,0x03, 0xF0,0x00,0x90,0x0F,
    0x70,0x0F,0x78,0x0F, 0x50,0x70,0x2E,0x0F,
    0x70,0x1F,0xFA,0x0E, 0x70,0x3D,0xFC,0x0E,
    0x50,0x0C,0x30,0x0A, 0x40,0x00,0x00,0x02,
    0x60,0x00,0x00,0x06, 0xE0,0x00,0x00,0x07,
    0xA0,0x00,0x01,0x07, 0xA0,0x80,0x03,0x07,
    0xA0,0x01,0x83,0x0F, 0x80,0x01,0x80,0x0D,
    0x80,0xE3,0xC7,0x0D, 0x90,0x47,0xE3,0x19,
    0x10,0x0F,0xF0,0x19, 0x08,0x17,0xD8,0x32,
    0x24,0x66,0xCE,0x35, 0x34,0xCE,0xB7,0x73,
    0x32,0xF6,0xAF,0xF3, 0x32,0x2F,0xA9,0xF7,
    0x12,0x1F,0x29,0xF7, 0xD4,0x17,0x88,0xF6,
    0xFF,0xFF,0xFF,0xFF, 0xFF,0xFF,0xFF,0xFF,
    0x00,0x00,0x00,0x00, 0x8C,0xBD,0xE7,0x0C,
    0xDC,0x0D,0xB3,0x0D, 0xFC,0x3D,0xF3,0x0D,
    0xAC,0x0D,0xB3,0x0D, 0x8C,0x3D,0xB3,0x3D,
    0x00,0x00,0x00,0x00, 0x00,0x00,0x00,0x00,
    0xE0,0x3D,0xE7,0x01, 0x30,0x8C,0x6D,0x03,
    0xB0,0xBD,0xEF,0x01, 0xB0,0x8D,0x6D,0x03,
    0xE0,0xBD,0x6D,0x03, 0x00,0x00,0x00,0x00,
    0xFF,0xFF,0xFF,0xFF, 0xCF,0x7B,0xDF,0xF9,
    0xF7,0x75,0xDF,0xF5, 0xC7,0x75,0xDF,0xF5,
    0xDF,0x75,0xDF,0xF5, 0xE7,0x7B,0xDC,0xF9,
    0xFF,0xFF,0xFF,0xFF, 0x00,0x00,0x00,0x00,
    0x54,0x77,0x36,0x12, 0x74,0x12,0x51,0x15,
    0x74,0x72,0x37,0x17, 0x74,0x12,0x35,0x15,
    0x54,0x72,0x56,0x75, 0x00,0x00,0x00,0x00,
    0xFF,0xFF,0xFF,0xFF, 0xFF,0xFF,0xFF,0xFF,
    0x4A,0x45,0x43,0x4B, 0x49,0x53,0x47,0x4D,
    0x00,0x00,0x00,0x00, 0x00,0x00,0x30,0x2A,
    0x78,0x56,0x34,0x12, 0xAE,0x0A,0xA6,0x28,
    0x2C,0xF8,0x01,0x09, 0x00,0x00,0x00,0x00,
    0x00,0x00,0x00,0x00, 0x00,0x00,0x00,0x00,
    0x00,0x00,0x00,0x00, 0x00,0x00,0x00,0x00,
    0x00,0x00,0x00,0x00, 0x00,0x00,0x00,0x00,
    0x00,0x00,0x00,0x00, 0x00,0x00,0x00,0x00,
    0x00,0x00,0x00,0x00, 0x00,0x00,0x00,0x00,
    0x00,0x00,0x00,0x00, 0x00,0x00,0x00,0x00,
    0x00,0x00,0x00,0x00, 0x00,0x00,0x00,0x00,
    0x00,0x00,0x00,0x00, 0x00,0x00,0x00,0x00,
    0x00,0x00,0x00,0x00, 0x00,0x00,0x00,0x00,
    0x00,0x00,0x00,0x00, 0x00,0x00,0x00,0x00,
    0x00,0x00,0x00,0x00, 0x00,0x00,0x00,0x00,
    0x00,0x00,0x00,0x00, 0x00,0x00,0x00,0x00,
    0x00,0x00,0x00,0x00, 0x00,0x00,0x00,0x00,
    0x00,0x00,0x00,0x00, 0x00,0x00,0x00,0x00,
    0x00,0x00,0x00,0x00, 0x00,0x00,0x00,0x00,
    0x00,0x00,0x00,0x00, 0x00,0x00,0x00,0x00,
    0x00,0x00,0x00,0x00, 0x00,0x00,0x00,0x00,
    0x00,0x00,0x00,0x00, 0x00,0x00,0x00,0x00,
    0x00,0x00,0x00,0x00, 0x00,0x00,0x00,0x00,
    0x00,0x00,0x00,0x00, 0x00,0x00,0x00,0x00,
    0x00,0x00,0x00,0x00, 0x00,0x00,0x00,0x00,
    0x00,0x00,0x00,0x00, 0x00,0x00,0x00,0x00,
    0x00,0x00,0x00,0x00, 0x00,0x00,0x00,0x00,
    0x00,0x00,0x00,0x00, 0x00,0x00,0x00,0x00,
    0x00,0x00,0x00,0x00, 0x00,0x00,0x00,0x00,
    0x00,0x00,0x00,0x00, 0x00,0x00,0x00,0x00,
    0x00,0x00,0x00,0x00, 0x00,0x00,0x00,0x00,
    0x00,0x00,0x00,0x00, 0x00,0x00,0x00,0x00,
    0x00,0x00,0x00,0x00, 0x00,0x00,0x00,0x00,
    0x00,0x00,0x00,0x00, 0x00,0x00,0x00,0x00,
    0x00,0x00,0x00,0x00, 0x00,0x00,0x00,0x00,
    0x00,0x00,0x00,0x00, 0x00,0x00,0x00,0x00,
    0x00,0x00,0x00,0x00, 0x00,0x00,0x00,0x00,
    0x00,0x00,0x00,0x00, 0x00,0x00,0x00,0x00,
    0x00,0x00,0x00,0x00, 0x00,0x00,0x00,0x00,
    0x00,0x00,0x00,0x00, 0x00,0x00,0x00,0x00,
    0x00,0x00,0x00,0x00, 0x00,0x00,0x00,0x00,
    0x00,0x00,0x00,0x00, 0x00,0x00,0x00,0x00,
    0x00,0x00,0x00,0x00, 0x00,0x00,0x00,0x00,
    0x00,0x00,0x00,0x00, 0x00,0x00,0x00,0x00,
    0x00,0x00,0x00,0x00, 0x00,0x00,0x00,0x00,
    0x00,0x00,0x00,0x00, 0x00,0x00,0x00,0x00,
    0x00,0x00,0x00,0x00, 0x00,0x00,0x00,0x00,
    0x00,0x00,0x00,0x00, 0x00,0x00,0x00,0x00,
    0x00,0x00,0x00,0x00, 0x00,0x00,0x00,0x00,
    0x00,0x00,0x00,0x00, 0x00,0x00,0x00,0x00,
    0x00,0x00,0x00,0x00, 0x00,0x00,0x00,0x00,
    0x00,0x00,0x00,0x00, 0x00,0x00,0x00,0x00,
    0x00,0x00,0x00,0x00, 0x00,0x00,0x00,0x00,
    0x00,0x00,0x00,0x00, 0x00,0x00,0x00,0x00,
    0x00,0x00,0x00,0x00, 0x00,0x00,0x00,0x00,
    0x00,0x00,0x00,0x00, 0x00,0x00,0x00,0x00,
    0x00,0x00,0x00,0x00, 0x00,0x00,0x00,0x00,
    0x00,0x00,0x00,0x00, 0x00,0x00,0x00,0x00,
    0x00,0x00,0x00,0x00, 0x00,0x00,0x00,0x00,
    0x00,0x00,0x00,0x00, 0x00,0x00,0x00,0x00,
    0x00,0x00,0x00,0x00, 0x00,0x00,0x00,0x00,
    0x00,0x00,0x00,0x00, 0x00,0x00,0x00,0x00,
    0x00,0x00,0x00,0x00, 0x00,0x00,0x00,0x00,
    0x00,0x00,0x00,0x00, 0x00,0x00,0x00,0x00,
    0x00,0x00,0x00,0x00, 0x00,0x00,0x00,0x00,
    0x00,0x00,0x00,0x00, 0x00,0x00,0x00,0x00,
    0x00,0x00,0x00,0x00, 0x00,0x00,0x00,0x00,
    0x00,0x00,0x00,0x00, 0x00,0x00,0x00,0x00,
    0x00,0x00,0x00,0x00, 0x00,0x00,0x00,0x00,
    0x00,0x00,0x00,0x00, 0x00,0x00,0x00,0x00,
    0x00,0x00,0x00,0x00, 0x00,0x00,0x00,0x00,
    0x00,0x00,0x00,0x00, 0x00,0x00,0x00,0x00,
    0x00,0x00,0x00,0x00, 0x00,0x00,0x00,0x00,
    0x00,0x00,0x00,0x00, 0x00,0x00,0x00,0x00,
    0x00,0x00,0x00,0x00, 0x00,0x00,0x00,0x00,
    0x00,0x00,0x00,0x00, 0x00,0x00,0x00,0x00,
    0x00,0x00,0x00,0x00, 0x00,0x00,0x00,0x00,
    0x00,0x00,0x00,0x00, 0x00,0x00,0x00,0x00,
};
/*--- PocketStation ROM End ---*/

int rank_dword_800CB334 = 0x03035C40;
int rank_dword_800CB338 = 0x021CDE00;
int rank_dword_800CB33C = 0x003AA5A0;
int rank_dword_800CB340 = 0x063080E0;
int rank_dword_800CB344 = 0x04A00180;
int rank_dword_800CB348 = 0x07A00080;
int rank_dword_800CB34C = 0x0EA00030;
int rank_dword_800CB350 = 0x0D9001D0;
int rank_dword_800CB354 = 0x039000F0;
int rank_dword_800CB358 = 0x0F9000F0;
int rank_dword_800CB35C = 0x0F780F70;
int rank_dword_800CB360 = 0x0F2E7050;
int rank_dword_800CB364 = 0x0EFA1F70;
int rank_dword_800CB368 = 0x0EFC3D70;
int rank_dword_800CB36C = 0x0A300C50;
int rank_dword_800CB370 = 0x02000040;
int rank_dword_800CB374 = 0x06000060;
int rank_dword_800CB378 = 0x070000E0;
int rank_dword_800CB37C = 0x070100A0;
int rank_dword_800CB380 = 0x070380A0;
int rank_dword_800CB384 = 0x0F8301A0;
int rank_dword_800CB388 = 0x0D800180;
int rank_dword_800CB38C = 0x0DC7E380;
int rank_dword_800CB390 = 0x19E34790;
int rank_dword_800CB394 = 0x19F00F10;
int rank_dword_800CB398 = 0x32D81708;
int rank_dword_800CB39C = 0x35CE6624;
int rank_dword_800CB3A0 = 0x73B7CE34;
int rank_dword_800CB3A4 = 0xF3AFF632;
int rank_dword_800CB3A8 = 0xF7A92F32;
int rank_dword_800CB3AC = 0xF7291F12;
int rank_dword_800CB3B0 = 0xF68817D4;
int rank_dword_800CB3B4 = 0xFFFFFFFF;
int rank_dword_800CB3B8 = 0xFFFFFFFF;
int rank_dword_800CB3BC = 0x00000000;
int rank_dword_800CB3C0 = 0x0CE7BD8C;
int rank_dword_800CB3C4 = 0x0DB30DDC;
int rank_dword_800CB3C8 = 0x0DF33DFC;
int rank_dword_800CB3CC = 0x0DB30DAC;
int rank_dword_800CB3D0 = 0x3DB33D8C;
int rank_dword_800CB3D4 = 0x00000000;
int rank_dword_800CB3D8 = 0x00000000;
int rank_dword_800CB3DC = 0x01E73DE0;
int rank_dword_800CB3E0 = 0x036D8C30;
int rank_dword_800CB3E4 = 0x01EFBDB0;
int rank_dword_800CB3E8 = 0x036D8DB0;
int rank_dword_800CB3EC = 0x036DBDE0;
int rank_dword_800CB3F0 = 0x00000000;
int rank_dword_800CB3F4 = 0xFFFFFFFF;
int rank_dword_800CB3F8 = 0xF9DF7BCF;
int rank_dword_800CB3FC = 0xF5DF75F7;
int rank_dword_800CB400 = 0xF5DF75C7;
int rank_dword_800CB404 = 0xF5DF75DF;
int rank_dword_800CB408 = 0xF9DC7BE7;
int rank_dword_800CB40C = 0xFFFFFFFF;
int rank_dword_800CB410 = 0x00000000;
int rank_dword_800CB414 = 0x12367754;
int rank_dword_800CB418 = 0x15511274;
int rank_dword_800CB41C = 0x17377274;
int rank_dword_800CB420 = 0x15351274;
int rank_dword_800CB424 = 0x75567254;
int rank_dword_800CB428 = 0x00000000;
int rank_dword_800CB42C = 0xFFFFFFFF;
int rank_dword_800CB430 = 0xFFFFFFFF;
int rank_dword_800CB434 = 0x000000C8;
int rank_dword_800CB438 = 0x0240022E;
int rank_dword_800CB43C = 0x045F023A;
int rank_dword_800CB440 = 0x063F0221;
int rank_dword_800CB444 = 0x062D062B;
int rank_dword_800CB448 = 0x062A062F;
int rank_dword_800CB44C = 0x037D037B;
int rank_dword_800CB450 = 0x00000000;
int rank_dword_800CB454 = 0x00D40113;
int rank_dword_800CB458 = 0x00D4011B;
int rank_dword_800CB45C = 0x00D80117;
int rank_dword_800CB460 = 0x80808080;
int rank_dword_800CB464 = 0x00000001;
int rank_dword_800CB468 = 0x00BA00A0;
int rank_dword_800CB46C = 0x00006739;
int rank_dword_800CB470 = 0x00000001;
int rank_dword_800CB474 = 0x00CE00A0;
int rank_dword_800CB478 = 0x00006739;
int rank_dword_800CB47C = 0x00000001;
int rank_dword_800CB480 = 0x00C200A0;
int rank_dword_800CB484 = 0x00006739;
int rank_dword_800CB488 = 0x00000001;
int rank_dword_800CB48C = 0x00C200A0;
int rank_dword_800CB490 = 0x00006739;
int rank_dword_800CB494 = 0x00000000;
int rank_dword_800CB498 = 0x00B40028;
int rank_dword_800CB49C = 0x00006739;
int rank_dword_800CB4A0 = 0x00000000;
int rank_dword_800CB4A4 = 0x00C400C8;
int rank_dword_800CB4A8 = 0x00006739;
int rank_dword_800CB4AC = 0x00000001;
int rank_dword_800CB4B0 = 0x00BA00A0;
int rank_dword_800CB4B4 = 0x00006739;
int rank_dword_800CB4B8 = 0x00000001;
int rank_dword_800CB4BC = 0x00CE00A0;
int rank_dword_800CB4C0 = 0x00006739;
int rank_dword_800CB4C4 = 0x00000001;
int rank_dword_800CB4C8 = 0x00BA00A0;
int rank_dword_800CB4CC = 0x00006739;
int rank_dword_800CB4D0 = 0x00000001;
int rank_dword_800CB4D4 = 0x00CE00A4;
int rank_dword_800CB4D8 = 0x00006739;
int rank_dword_800CB4DC = 0x00000001;
int rank_dword_800CB4E0 = 0x00BA00A0;
int rank_dword_800CB4E4 = 0x00006739;
int rank_dword_800CB4E8 = 0x00000001;
int rank_dword_800CB4EC = 0x00CE00A0;
int rank_dword_800CB4F0 = 0x00006739;
int rank_dword_800CB4F4 = 0x00000001;
int rank_dword_800CB4F8 = 0x00BA00A0;
int rank_dword_800CB4FC = 0x00006739;
int rank_dword_800CB500 = 0x00000001;
int rank_dword_800CB504 = 0x00CE00A0;
int rank_dword_800CB508 = 0x00006739;
int rank_dword_800CB50C = 0x00000001;
int rank_dword_800CB510 = 0x00BA00A0;
int rank_dword_800CB514 = 0x00006739;
int rank_dword_800CB518 = 0x00000001;
int rank_dword_800CB51C = 0x00BA00A0;
int rank_dword_800CB520 = 0x00006739;
int rank_dword_800CB524 = 0x00010203;
int rank_dword_800CB528 = 0x04050607;
int rank_dword_800CB52C = 0x1C1D1E1F;
int rank_dword_800CB530 = 0x20212223;
int rank_dword_800CB534 = 0x24252627;
int rank_dword_800CB538 = 0x28292A2B;
int rank_dword_800CB53C = 0x2C2D2E2F;
int rank_dword_800CB540 = 0x08090A0B;
int rank_dword_800CB544 = 0x0C0D0E0F;
int rank_dword_800CB548 = 0x10111213;
int rank_dword_800CB54C = 0x14151617;
int rank_dword_800CB550 = 0x18191A1B;
int rank_dword_800CB554 = 0x000100FF;
int rank_dword_800CB558 = 0xFF000100;
int rank_dword_800CB55C = 0x000100FF;
int rank_dword_800CB560 = 0xFF000100;
int rank_dword_800CB564 = 0x800E0890;
int rank_dword_800CB568 = 0x00000000;
int rank_dword_800CB56C = 0xFFFFFFFF;
int rank_dword_800CB570 = 0x0000001A;
int rank_dword_800CB574 = 0x0000000D;
int rank_dword_800CB578 = 0x0000002B;
int rank_dword_800CB57C = 0x00000001;
int rank_dword_800CB580 = 0x800E088C;
int rank_dword_800CB584 = 0x00000001;
int rank_dword_800CB588 = 0xFFFFFFFF;
int rank_dword_800CB58C = 0x0000001B;
int rank_dword_800CB590 = 0x0000000E;
int rank_dword_800CB594 = 0x00000000;
int rank_dword_800CB598 = 0x00000002;
int rank_dword_800CB59C = 0x800E0888;
int rank_dword_800CB5A0 = 0x00000002;
int rank_dword_800CB5A4 = 0xFFFFFFFF;
int rank_dword_800CB5A8 = 0x0000001C;
int rank_dword_800CB5AC = 0x0000000F;
int rank_dword_800CB5B0 = 0x00000001;
int rank_dword_800CB5B4 = 0x00000003;
int rank_dword_800CB5B8 = 0x800E0884;
int rank_dword_800CB5BC = 0x00000003;
int rank_dword_800CB5C0 = 0xFFFFFFFF;
int rank_dword_800CB5C4 = 0x0000001D;
int rank_dword_800CB5C8 = 0x00000010;
int rank_dword_800CB5CC = 0x00000002;
int rank_dword_800CB5D0 = 0x00000004;
int rank_dword_800CB5D4 = 0x800E0880;
int rank_dword_800CB5D8 = 0x00000004;
int rank_dword_800CB5DC = 0xFFFFFFFF;
int rank_dword_800CB5E0 = 0x0000001E;
int rank_dword_800CB5E4 = 0x00000011;
int rank_dword_800CB5E8 = 0x00000003;
int rank_dword_800CB5EC = 0x00000005;
int rank_dword_800CB5F0 = 0x800E087C;
int rank_dword_800CB5F4 = 0x00000005;
int rank_dword_800CB5F8 = 0xFFFFFFFF;
int rank_dword_800CB5FC = 0x0000001F;
int rank_dword_800CB600 = 0x00000012;
int rank_dword_800CB604 = 0x00000004;
int rank_dword_800CB608 = 0x00000006;
int rank_dword_800CB60C = 0x800E0878;
int rank_dword_800CB610 = 0x00000006;
int rank_dword_800CB614 = 0xFFFFFFFF;
int rank_dword_800CB618 = 0x00000020;
int rank_dword_800CB61C = 0x00000013;
int rank_dword_800CB620 = 0x00000005;
int rank_dword_800CB624 = 0x00000007;
int rank_dword_800CB628 = 0x800E0874;
int rank_dword_800CB62C = 0x00000007;
int rank_dword_800CB630 = 0xFFFFFFFF;
int rank_dword_800CB634 = 0x00000021;
int rank_dword_800CB638 = 0x00000014;
int rank_dword_800CB63C = 0x00000006;
int rank_dword_800CB640 = 0x00000008;
int rank_dword_800CB644 = 0x800E0870;
int rank_dword_800CB648 = 0x00000008;
int rank_dword_800CB64C = 0xFFFFFFFF;
int rank_dword_800CB650 = 0x00000022;
int rank_dword_800CB654 = 0x00000015;
int rank_dword_800CB658 = 0x00000007;
int rank_dword_800CB65C = 0x00000009;
int rank_dword_800CB660 = 0x800E086C;
int rank_dword_800CB664 = 0x00000009;
int rank_dword_800CB668 = 0xFFFFFFFF;
int rank_dword_800CB66C = 0x00000023;
int rank_dword_800CB670 = 0x00000016;
int rank_dword_800CB674 = 0x00000008;
int rank_dword_800CB678 = 0x0000000A;
int rank_dword_800CB67C = 0x800E0868;
int rank_dword_800CB680 = 0x0000000A;
int rank_dword_800CB684 = 0xFFFFFFFF;
int rank_dword_800CB688 = 0x00000024;
int rank_dword_800CB68C = 0x00000017;
int rank_dword_800CB690 = 0x00000009;
int rank_dword_800CB694 = 0x0000000B;
int rank_dword_800CB698 = 0x800E0864;
int rank_dword_800CB69C = 0x0000000B;
int rank_dword_800CB6A0 = 0xFFFFFFFF;
int rank_dword_800CB6A4 = 0x00000025;
int rank_dword_800CB6A8 = 0x00000018;
int rank_dword_800CB6AC = 0x0000000A;
int rank_dword_800CB6B0 = 0x0000000C;
int rank_dword_800CB6B4 = 0x800E0860;
int rank_dword_800CB6B8 = 0x0000000C;
int rank_dword_800CB6BC = 0xFFFFFFFF;
int rank_dword_800CB6C0 = 0x00000026;
int rank_dword_800CB6C4 = 0x00000019;
int rank_dword_800CB6C8 = 0x0000000B;
int rank_dword_800CB6CC = 0x00000027;
int rank_dword_800CB6D0 = 0x800E085C;
int rank_dword_800CB6D4 = 0x00010000;
int rank_dword_800CB6D8 = 0xFFFFFFFF;
int rank_dword_800CB6DC = 0x00000000;
int rank_dword_800CB6E0 = 0x0000001A;
int rank_dword_800CB6E4 = 0x0000002C;
int rank_dword_800CB6E8 = 0x0000000E;
int rank_dword_800CB6EC = 0x800E0858;
int rank_dword_800CB6F0 = 0x00010001;
int rank_dword_800CB6F4 = 0xFFFFFFFF;
int rank_dword_800CB6F8 = 0x00000001;
int rank_dword_800CB6FC = 0x0000001B;
int rank_dword_800CB700 = 0x0000000D;
int rank_dword_800CB704 = 0x0000000F;
int rank_dword_800CB708 = 0x800E0854;
int rank_dword_800CB70C = 0x00010002;
int rank_dword_800CB710 = 0xFFFFFFFF;
int rank_dword_800CB714 = 0x00000002;
int rank_dword_800CB718 = 0x0000001C;
int rank_dword_800CB71C = 0x0000000E;
int rank_dword_800CB720 = 0x00000010;
int rank_dword_800CB724 = 0x800E0850;
int rank_dword_800CB728 = 0x00010003;
int rank_dword_800CB72C = 0xFFFFFFFF;
int rank_dword_800CB730 = 0x00000003;
int rank_dword_800CB734 = 0x0000001D;
int rank_dword_800CB738 = 0x0000000F;
int rank_dword_800CB73C = 0x00000011;
int rank_dword_800CB740 = 0x800E084C;
int rank_dword_800CB744 = 0x00010004;
int rank_dword_800CB748 = 0xFFFFFFFF;
int rank_dword_800CB74C = 0x00000004;
int rank_dword_800CB750 = 0x0000001E;
int rank_dword_800CB754 = 0x00000010;
int rank_dword_800CB758 = 0x00000012;
int rank_dword_800CB75C = 0x800E0848;
int rank_dword_800CB760 = 0x00010005;
int rank_dword_800CB764 = 0xFFFFFFFF;
int rank_dword_800CB768 = 0x00000005;
int rank_dword_800CB76C = 0x0000001F;
int rank_dword_800CB770 = 0x00000011;
int rank_dword_800CB774 = 0x00000013;
int rank_dword_800CB778 = 0x800E0844;
int rank_dword_800CB77C = 0x00010006;
int rank_dword_800CB780 = 0xFFFFFFFF;
int rank_dword_800CB784 = 0x00000006;
int rank_dword_800CB788 = 0x00000020;
int rank_dword_800CB78C = 0x00000012;
int rank_dword_800CB790 = 0x00000014;
int rank_dword_800CB794 = 0x800E0840;
int rank_dword_800CB798 = 0x00010007;
int rank_dword_800CB79C = 0xFFFFFFFF;
int rank_dword_800CB7A0 = 0x00000007;
int rank_dword_800CB7A4 = 0x00000021;
int rank_dword_800CB7A8 = 0x00000013;
int rank_dword_800CB7AC = 0x00000015;
int rank_dword_800CB7B0 = 0x800E083C;
int rank_dword_800CB7B4 = 0x00010008;
int rank_dword_800CB7B8 = 0xFFFFFFFF;
int rank_dword_800CB7BC = 0x00000008;
int rank_dword_800CB7C0 = 0x00000022;
int rank_dword_800CB7C4 = 0x00000014;
int rank_dword_800CB7C8 = 0x00000016;
int rank_dword_800CB7CC = 0x800E0838;
int rank_dword_800CB7D0 = 0x00010009;
int rank_dword_800CB7D4 = 0xFFFFFFFF;
int rank_dword_800CB7D8 = 0x00000009;
int rank_dword_800CB7DC = 0x00000023;
int rank_dword_800CB7E0 = 0x00000015;
int rank_dword_800CB7E4 = 0x00000017;
int rank_dword_800CB7E8 = 0x800E0834;
int rank_dword_800CB7EC = 0x0001000A;
int rank_dword_800CB7F0 = 0xFFFFFFFF;
int rank_dword_800CB7F4 = 0x0000000A;
int rank_dword_800CB7F8 = 0x00000024;
int rank_dword_800CB7FC = 0x00000016;
int rank_dword_800CB800 = 0x00000018;
int rank_dword_800CB804 = 0x800E0830;
int rank_dword_800CB808 = 0x0001000B;
int rank_dword_800CB80C = 0xFFFFFFFF;
int rank_dword_800CB810 = 0x0000000B;
int rank_dword_800CB814 = 0x00000025;
int rank_dword_800CB818 = 0x00000017;
int rank_dword_800CB81C = 0x00000019;
int rank_dword_800CB820 = 0x800E082C;
int rank_dword_800CB824 = 0x0001000C;
int rank_dword_800CB828 = 0xFFFFFFFF;
int rank_dword_800CB82C = 0x0000000C;
int rank_dword_800CB830 = 0x00000026;
int rank_dword_800CB834 = 0x00000018;
int rank_dword_800CB838 = 0x00000028;
int rank_dword_800CB83C = 0x800E0828;
int rank_dword_800CB840 = 0x00020000;
int rank_dword_800CB844 = 0xFFFFFFFF;
int rank_dword_800CB848 = 0x0000000D;
int rank_dword_800CB84C = 0x00000000;
int rank_dword_800CB850 = 0x0000002D;
int rank_dword_800CB854 = 0x0000001B;
int rank_dword_800CB858 = 0x800E0824;
int rank_dword_800CB85C = 0x00020001;
int rank_dword_800CB860 = 0xFFFFFFFF;
int rank_dword_800CB864 = 0x0000000E;
int rank_dword_800CB868 = 0x00000001;
int rank_dword_800CB86C = 0x0000001A;
int rank_dword_800CB870 = 0x0000001C;
int rank_dword_800CB874 = 0x800E0820;
int rank_dword_800CB878 = 0x00020002;
int rank_dword_800CB87C = 0xFFFFFFFF;
int rank_dword_800CB880 = 0x0000000F;
int rank_dword_800CB884 = 0x00000002;
int rank_dword_800CB888 = 0x0000001B;
int rank_dword_800CB88C = 0x0000001D;
int rank_dword_800CB890 = 0x800E081C;
int rank_dword_800CB894 = 0x00020003;
int rank_dword_800CB898 = 0xFFFFFFFF;
int rank_dword_800CB89C = 0x00000010;
int rank_dword_800CB8A0 = 0x00000003;
int rank_dword_800CB8A4 = 0x0000001C;
int rank_dword_800CB8A8 = 0x0000001E;
int rank_dword_800CB8AC = 0x800E0818;
int rank_dword_800CB8B0 = 0x00020004;
int rank_dword_800CB8B4 = 0xFFFFFFFF;
int rank_dword_800CB8B8 = 0x00000011;
int rank_dword_800CB8BC = 0x00000004;
int rank_dword_800CB8C0 = 0x0000001D;
int rank_dword_800CB8C4 = 0x0000001F;
int rank_dword_800CB8C8 = 0x800E0814;
int rank_dword_800CB8CC = 0x00020005;
int rank_dword_800CB8D0 = 0xFFFFFFFF;
int rank_dword_800CB8D4 = 0x00000012;
int rank_dword_800CB8D8 = 0x00000005;
int rank_dword_800CB8DC = 0x0000001E;
int rank_dword_800CB8E0 = 0x00000020;
int rank_dword_800CB8E4 = 0x800E0810;
int rank_dword_800CB8E8 = 0x00020006;
int rank_dword_800CB8EC = 0xFFFFFFFF;
int rank_dword_800CB8F0 = 0x00000013;
int rank_dword_800CB8F4 = 0x00000006;
int rank_dword_800CB8F8 = 0x0000001F;
int rank_dword_800CB8FC = 0x00000021;
int rank_dword_800CB900 = 0x800E080C;
int rank_dword_800CB904 = 0x00020007;
int rank_dword_800CB908 = 0xFFFFFFFF;
int rank_dword_800CB90C = 0x00000014;
int rank_dword_800CB910 = 0x00000007;
int rank_dword_800CB914 = 0x00000020;
int rank_dword_800CB918 = 0x00000022;
int rank_dword_800CB91C = 0x800E0808;
int rank_dword_800CB920 = 0x00020008;
int rank_dword_800CB924 = 0xFFFFFFFF;
int rank_dword_800CB928 = 0x00000015;
int rank_dword_800CB92C = 0x00000008;
int rank_dword_800CB930 = 0x00000021;
int rank_dword_800CB934 = 0x00000023;
int rank_dword_800CB938 = 0x800E0804;
int rank_dword_800CB93C = 0x00020009;
int rank_dword_800CB940 = 0xFFFFFFFF;
int rank_dword_800CB944 = 0x00000016;
int rank_dword_800CB948 = 0x00000009;
int rank_dword_800CB94C = 0x00000022;
int rank_dword_800CB950 = 0x00000024;
int rank_dword_800CB954 = 0x800E0800;
int rank_dword_800CB958 = 0x0002000A;
int rank_dword_800CB95C = 0xFFFFFFFF;
int rank_dword_800CB960 = 0x00000017;
int rank_dword_800CB964 = 0x0000000A;
int rank_dword_800CB968 = 0x00000023;
int rank_dword_800CB96C = 0x00000025;
int rank_dword_800CB970 = 0x800E07FC;
int rank_dword_800CB974 = 0x0002000B;
int rank_dword_800CB978 = 0xFFFFFFFF;
int rank_dword_800CB97C = 0x00000018;
int rank_dword_800CB980 = 0x0000000B;
int rank_dword_800CB984 = 0x00000024;
int rank_dword_800CB988 = 0x00000026;
int rank_dword_800CB98C = 0x800E07F8;
int rank_dword_800CB990 = 0x0002000C;
int rank_dword_800CB994 = 0xFFFFFFFF;
int rank_dword_800CB998 = 0x00000019;
int rank_dword_800CB99C = 0x0000000C;
int rank_dword_800CB9A0 = 0x00000025;
int rank_dword_800CB9A4 = 0x0000002D;
int rank_dword_800CB9A8 = 0x800E07F4;
int rank_dword_800CB9AC = 0x0000000D;
int rank_dword_800CB9B0 = 0xFFFFFFFF;
int rank_dword_800CB9B4 = 0x0000002D;
int rank_dword_800CB9B8 = 0x00000028;
int rank_dword_800CB9BC = 0x0000000C;
int rank_dword_800CB9C0 = 0x00000029;
int rank_dword_800CB9C4 = 0x800E07F0;
int rank_dword_800CB9C8 = 0x0001000D;
int rank_dword_800CB9CC = 0xFFFFFFFF;
int rank_dword_800CB9D0 = 0x00000027;
int rank_dword_800CB9D4 = 0x0000002D;
int rank_dword_800CB9D8 = 0x00000019;
int rank_dword_800CB9DC = 0x0000002C;
int rank_dword_800CB9E0 = 0x800E07EC;
int rank_dword_800CB9E4 = 0x0000000E;
int rank_dword_800CB9E8 = 0xFFFFFFFF;
int rank_dword_800CB9EC = 0x0000002D;
int rank_dword_800CB9F0 = 0x0000002C;
int rank_dword_800CB9F4 = 0x00000027;
int rank_dword_800CB9F8 = 0x0000002A;
int rank_dword_800CB9FC = 0x800E07E8;
int rank_dword_800CBA00 = 0x001200E1;
int rank_dword_800CBA04 = 0x00080009;
int rank_dword_800CBA08 = 0x0000002D;
int rank_dword_800CBA0C = 0x0000002C;
int rank_dword_800CBA10 = 0x00000029;
int rank_dword_800CBA14 = 0x0000002B;
int rank_dword_800CBA18 = 0x800E07E8;
int rank_dword_800CBA1C = 0x001200EF;
int rank_dword_800CBA20 = 0x00080009;
int rank_dword_800CBA24 = 0x0000002D;
int rank_dword_800CBA28 = 0x0000002C;
int rank_dword_800CBA2C = 0x0000002A;
int rank_dword_800CBA30 = 0x00000000;
int rank_dword_800CBA34 = 0x800E07E8;
int rank_dword_800CBA38 = 0x001D00CA;
int rank_dword_800CBA3C = 0x0008002E;
int rank_dword_800CBA40 = 0x0000002A;
int rank_dword_800CBA44 = 0x0000002D;
int rank_dword_800CBA48 = 0x00000028;
int rank_dword_800CBA4C = 0x0000000D;
int rank_dword_800CBA50 = 0x800E07E8;
int rank_dword_800CBA54 = 0x002800C0;
int rank_dword_800CBA58 = 0x00080038;
int rank_dword_800CBA5C = 0x0000002C;
int rank_dword_800CBA60 = 0x0000002A;
int rank_dword_800CBA64 = 0x00000026;
int rank_dword_800CBA68 = 0x0000001A;
int rank_dword_800CBA6C = 0x71F13223;
int rank_dword_800CBA70 = 0x00000001;
int rank_dword_800CBA74 = 0x00C800A0;
int rank_dword_800CBA78 = 0x00006739;
int rank_dword_800CBA7C = 0x220E2618;
int rank_dword_800CBA80 = 0x18141C1A;
int rank_dword_800CBA84 = 0x1414181E;
int rank_dword_800CBA88 = 0x1820260C;
int rank_dword_800CBA8C = 0x3418140E;
int rank_dword_800CBA90 = 0x30182618;
int rank_dword_800CBA94 = 0x1E1A181E;
int rank_dword_800CBA98 = 0x1C202014;
int rank_dword_800CBA9C = 0x28281A3A;
int rank_dword_800CBAA0 = 0x3C1C1826;
int rank_dword_800CBAA4 = 0x22282A1A;
int rank_dword_800CBAA8 = 0x262A0E3C;
int rank_dword_800CBAAC = 0x000068DD;
int rank_dword_800CBAB0 = 0x00004E55;
int rank_dword_800CBAB4 = 0x0000A659;
int rank_dword_800CBAB8 = 0x0000238F;
int rank_dword_800CBABC = 0x00000914;
int rank_dword_800CBAC0 = 0x00006C96;
int rank_dword_800CBAC4 = 0x00009380;
int rank_dword_800CBAC8 = 0x00003067;
int rank_dword_800CBACC = 0x00001ED0;
int rank_dword_800CBAD0 = 0x00009A10;
int rank_dword_800CBAD4 = 0x00009389;
int rank_dword_800CBAD8 = 0x000054FA;
int rank_dword_800CBADC = 0x0000CD88;
int rank_dword_800CBAE0 = 0x000066AD;
int rank_dword_800CBAE4 = 0x0000540C;
int rank_dword_800CBAE8 = 0x0000998A;
int rank_dword_800CBAEC = 0x00009895;
int rank_dword_800CBAF0 = 0x0000A145;
int rank_dword_800CBAF4 = 0x00001E75;
int rank_dword_800CBAF8 = 0x0000D1CC;
int rank_dword_800CBAFC = 0x000018CA;
int rank_dword_800CBB00 = 0x0000BC94;
int rank_dword_800CBB04 = 0x0000D24F;
int rank_dword_800CBB08 = 0x00000044;
int rank_dword_800CBB0C = 0x0000CFEA;
int rank_dword_800CBB10 = 0x000069CE;
int rank_dword_800CBB14 = 0x00007FD7;
int rank_dword_800CBB18 = 0x00005E5F;
int rank_dword_800CBB1C = 0x0000E23A;
int rank_dword_800CBB20 = 0x000063E9;
int rank_dword_800CBB24 = 0x0000764A;
int rank_dword_800CBB28 = 0x00003AD8;
int rank_dword_800CBB2C = 0x0000FF26;
int rank_dword_800CBB30 = 0x0000EACD;
int rank_dword_800CBB34 = 0x00009B70;
int rank_dword_800CBB38 = 0x0000A5B5;
int rank_dword_800CBB3C = 0x0000F0F2;
int rank_dword_800CBB40 = 0x000028DF;
int rank_dword_800CBB44 = 0x000012D0;
int rank_dword_800CBB48 = 0x0000E58F;
int rank_dword_800CBB4C = 0x00000A49;
int rank_dword_800CBB50 = 0x0000A222;
int rank_dword_800CBB54 = 0x00006B2B;
int rank_dword_800CBB58 = 0x00005B59;
int rank_dword_800CBB5C = 0x00002F91;
int rank_dword_800CBB60 = 0x00009495;
int rank_dword_800CBB64 = 0x0000A8EC;
int rank_dword_800CBB68 = 0x00007321;
int rank_dword_800CBB6C = 0x000100FF;
int rank_dword_800CBB70 = 0xFF000100;
int rank_dword_800CBB74 = 0x000100FF;
int rank_dword_800CBB78 = 0xFF000100;

const char rank_dword_800E03BC[] = "id::%d\n";
const char rank_dword_800E03C4[] = "------------\n";
const char rank_dword_800E03D4[] = "SERIAL:0x%08x=%d(10)\n";
const char rank_dword_800E03EC[] = "------------CHANGE BIGBOSS\n";
const char rank_dword_800E0408[] = "------------%08x\n";
const char rank_dword_800E041C[] = "-----------------------------\n";
const char rank_dword_800E043C[] = "pocket.c";
const char rank_dword_800E0448[] = {0x91, 0xb, 0x90, '\''};
const char rank_dword_800E044C[] = {0x81, 0xd, 0x81, 0x19};
const char rank_dword_800E0450[] = {0x81, 'K', 0x81, '('};
const char rank_dword_800E0454[] = {'F', 'O', 'X', 'D'};
const char rank_dword_800E0458[] = {'I', 'E', 0x81, '/'};
const char rank_dword_800E045C[] = {0x91, 0x10, 0x91, 0x11};
const char rank_dword_800E0460[] = {0x90, 'd', 0x81, 0x15};
const char rank_dword_800E0464[] = {0x81, 'L', 0x81, '>'};
const char rank_dword_800E0468[] = {0x81, 0x19, 0xd0, 0x3};
const char rank_dword_800E046C[] = {0x0, 0x0, 0x0, 0x0};
const char rank_dword_800E0470[] = {0x81, 0x19, 0x81, '\''};
const char rank_dword_800E0474[] = {0x81, '+', 'F', 'O'};
const char rank_dword_800E0478[] = {'X', 'D', 'I', 'E'};
const char rank_dword_800E047C[] = {0x81, 0xc, 0x82, ' '};
const char rank_dword_800E0480[] = {0x82, 0x6, 0x82, 'S'};
const char rank_dword_800E0484[] = {0x82, 'M', 0xd0, 0x6};
const char rank_dword_800E0488[] = {0x82, ')', 0x81, 0x15};
const char rank_dword_800E048C[] = {0x81, 'L', 0x81, '&'};
const char rank_dword_800E0490[] = {0x81, 0x4, 0x81, '>'};
const char rank_dword_800E0494[] = {0x81, 0x19, 0xd0, 0x3};
const char rank_dword_800E0498[] = {0x0, 0x0, 0x0, 0x0};
const char rank_dword_800E049C[] = {0x82, '5', 0xc2, 0x9};
const char rank_dword_800E04A0[] = {0xd0, 0x6, 0x82, '>'};
const char rank_dword_800E04A4[] = {0xc2, '#', 0x82, '('};
const char rank_dword_800E04A8[] = {0x81, 0x17, 0x81, '&'};
const char rank_dword_800E04AC[] = {0x81, 0x4, 0x81, '>'};
const char rank_dword_800E04B0[] = {0x81, 0x19, 0xd0, 0x3};
const char rank_dword_800E04B4[] = {0x0, 0x0, 0x0, 0x0};
const char rank_dword_800E04B8[] = {'P', 'o', 'c', 'k'};
const char rank_dword_800E04BC[] = {'e', 't', 'S', 't'};
const char rank_dword_800E04C0[] = {'a', 't', 'i', 'o'};
const char rank_dword_800E04C4[] = {'n', 0x81, 'R', 0x82};
const char rank_dword_800E04C8[] = {'!', 0xc2, 0x7, 0xc2};
const char rank_dword_800E04CC[] = {'#', 0x82, 0xf, 0x81};
const char rank_dword_800E04D0[] = {0x17, 0x81, '&', 0x81};
const char rank_dword_800E04D4[] = {0x4, 0x81, '>', 0x81};
const char rank_dword_800E04D8[] = {0x19, 0xd0, 0x3, 0x0};
const char rank_dword_800E04DC[] = {0x82, ' ', 0x82, 0x6};
const char rank_dword_800E04E0[] = {0x82, 'S', 0x82, 'M'};
const char rank_dword_800E04E4[] = {0xd0, 0x6, 0x82, ')'};
const char rank_dword_800E04E8[] = {0x90, 0xcd, 0x81, '\''};
const char rank_dword_800E04EC[] = {0x81, 0x19, 0xd0, 0x3};
const char rank_dword_800E04F0[] = {0x0, 0x0, 0x0, 0x0};
const char rank_dword_800E04F4[] = {'P', 'o', 'c', 'k'};
const char rank_dword_800E04F8[] = {'e', 't', 'S', 't'};
const char rank_dword_800E04FC[] = {'a', 't', 'i', 'o'};
const char rank_dword_800E0500[] = {'n', 0x81, 0xc, 0x81};
const char rank_dword_800E0504[] = {0x15, 0x81, 0x15, 0x81};
const char rank_dword_800E0508[] = {'L', 0x81, '&', 0x81};
const char rank_dword_800E050C[] = {0x4, 0x81, '>', 0x81};
const char rank_dword_800E0510[] = {0x1b, 0x81, 'S', 0xd0};
const char rank_dword_800E0514[] = {0x3, 0x0, 0x0, 0x0};
const char rank_dword_800E0518[] = {0x82, '5', 0xc2, 0x9};
const char rank_dword_800E051C[] = {0xd0, 0x6, 0x82, '>'};
const char rank_dword_800E0520[] = {0xc2, '#', 0x82, '('};
const char rank_dword_800E0524[] = {0x81, '+', 0x91, 0x9};
const char rank_dword_800E0528[] = {0x91, '\n', 0x81, 0x17};
const char rank_dword_800E052C[] = {0x81, '>', 0x81, 0x17};
const char rank_dword_800E0530[] = {0x81, 0x1f, 0xd0, 0x3};
const char rank_dword_800E0534[] = {0x0, 0x0, 0x0, 0x0};
const char rank_dword_800E0538[] = {0x82, ' ', 0x82, 0x6};
const char rank_dword_800E053C[] = {0x82, 'S', 0x82, 'M'};
const char rank_dword_800E0540[] = {0xd0, 0x6, 0x82, ')'};
const char rank_dword_800E0544[] = {0x81, 0x17, 0x81, '>'};
const char rank_dword_800E0548[] = {0x81, 0x17, 0x81, 0x1f};
const char rank_dword_800E054C[] = {0xd0, 0x3, 0x0, 0x0};
const char rank_dword_800E0550[] = {'P', 'o', 'c', 'k'};
const char rank_dword_800E0554[] = {'e', 't', 'S', 't'};
const char rank_dword_800E0558[] = {'a', 't', 'i', 'o'};
const char rank_dword_800E055C[] = {'n', 0x81, 0xc, 0x91};
const char rank_dword_800E0560[] = {0x10, 0x91, 0x11, 0x90};
const char rank_dword_800E0564[] = {'d', 0x81, 0x15, 0x81};
const char rank_dword_800E0568[] = {'L', 0x81, '&', 0x81};
const char rank_dword_800E056C[] = {0x4, 0x81, '>', 0x81};
const char rank_dword_800E0570[] = {0x1b, 0x81, 'S', 0xd0};
const char rank_dword_800E0574[] = {0x3, 0x0, 0x0, 0x0};
const char rank_dword_800E0578[] = {0x90, 0x92, 0x81, 0xd};
const char rank_dword_800E057C[] = {0x82, '6', 0x82, 'M'};
const char rank_dword_800E0580[] = {0xc2, '#', 0x82, 0xf};
const char rank_dword_800E0584[] = {0x81, 0xc, 0x81, 0x1f};
const char rank_dword_800E0588[] = {0x81, 'J', 0x81, '>'};
const char rank_dword_800E058C[] = {0x81, 0x1b, 0x81, 'S'};
const char rank_dword_800E0590[] = {0xd0, 0x3, 0x0, 0x0};
const char rank_dword_800E0594[] = {0x82, 0x8, 0x82, 'I'};
const char rank_dword_800E0598[] = {0xd0, 0x6, 0x81, 0xc};
const char rank_dword_800E059C[] = {0x90, '~', 0x90, 0xca};
const char rank_dword_800E05A0[] = {0x81, 0x17, 0x81, '>'};
const char rank_dword_800E05A4[] = {0x81, 0x17, 0x81, 0x1f};
const char rank_dword_800E05A8[] = {0xd0, 0x3, 0x0, 0x0};
const char rank_dword_800E05AC[] = {0x82, ' ', 0x82, 0x6};
const char rank_dword_800E05B0[] = {0x82, 'S', 0x82, 'M'};
const char rank_dword_800E05B4[] = {0xd0, 0x6, 0x82, ')'};
const char rank_dword_800E05B8[] = {0x81, '\'', 0x81, 0xd};
const char rank_dword_800E05BC[] = {0x81, '>', 0x81, 0x1b};
const char rank_dword_800E05C0[] = {0x81, 'S', 0x81, '\''};
const char rank_dword_800E05C4[] = {0x81, 0x17, 0x81, 0x1f};
const char rank_dword_800E05C8[] = {0xd0, 0x3, 0x0, 0x0};
const char rank_dword_800E05CC[] = {0x82, ' ', 0x82, 0x6};
const char rank_dword_800E05D0[] = {0x82, 'S', 0x82, 'M'};
const char rank_dword_800E05D4[] = {0xd0, 0x6, 0x82, ')'};
const char rank_dword_800E05D8[] = {0x81, 0xc, 0x91, 0x7};
const char rank_dword_800E05DC[] = {0x91, 0x8, 0x81, 0x17};
const char rank_dword_800E05E0[] = {0x81, '>', 0x81, 0x17};
const char rank_dword_800E05E4[] = {0x81, 0x1f, 0xd0, 0x3};
const char rank_dword_800E05E8[] = {0x0, 0x0, 0x0, 0x0};
const char rank_dword_800E05EC[] = {0x0, 0x0, 0x0, 0x0};
const char rank_dword_800E05F0[] = {0x82, '!', 0xc2, 0x7};
const char rank_dword_800E05F4[] = {0xc2, '#', 0x82, 0xf};
const char rank_dword_800E05F8[] = {0x90, 0xcd, 0x81, '\''};
const char rank_dword_800E05FC[] = {0x81, 0x19, 0xd0, 0x3};
const char rank_dword_800E0600[] = {0x0, 0x0, 0x0, 0x0};
const char rank_dword_800E0604[] = {0x82, '!', 0xc2, 0x7};
const char rank_dword_800E0608[] = {0xc2, '#', 0x82, 0xf};
const char rank_dword_800E060C[] = {0x81, 0x17, 0x81, '>'};
const char rank_dword_800E0610[] = {0x81, 0x17, 0x81, 0x1f};
const char rank_dword_800E0614[] = {0xd0, 0x3, 0x0, 0x0};
const char rank_dword_800E0618[] = {'F', 'O', 'X', 'D'};
const char rank_dword_800E061C[] = {'I', 'E', 0x81, 0xc};
const char rank_dword_800E0620[] = {0x81, '?', 0x81, '$'};
const char rank_dword_800E0624[] = {0x81, 0xb, 0x81, 'J'};
const char rank_dword_800E0628[] = {0x81, '>', 0x81, 0x1b};
const char rank_dword_800E062C[] = {0x81, 'S', 0xd0, 0x3};
const char rank_dword_800E0630[] = {0x0, 0x0, 0x0, 0x0};
const char rank_dword_800E0634[] = {0x82, '!', 0xc2, 0x7};
const char rank_dword_800E0638[] = {0xc2, '#', 0x82, 0xf};
const char rank_dword_800E063C[] = {0x81, '\'', 0x81, 0xd};
const char rank_dword_800E0640[] = {0x81, '>', 0x81, 0x1b};
const char rank_dword_800E0644[] = {0x81, 'S', 0x81, '\''};
const char rank_dword_800E0648[] = {0x81, 0x17, 0x81, 0x1f};
const char rank_dword_800E064C[] = {0xd0, 0x3, 0x0, 0x0};
const char rank_dword_800E0650[] = {0x82, '!', 0xc2, 0x7};
const char rank_dword_800E0654[] = {0xc2, '#', 0x82, 0xf};
const char rank_dword_800E0658[] = {0x81, 0xc, 0x91, 0x7};
const char rank_dword_800E065C[] = {0x91, 0x8, 0x81, 0x17};
const char rank_dword_800E0660[] = {0x81, '>', 0x81, 0x17};
const char rank_dword_800E0664[] = {0x81, 0x1f, 0xd0, 0x3};
const char rank_dword_800E0668[] = {0x0, 0x0, 0x0, 0x0};
const char rank_dword_800E066C[] = {0x82, '5', 0xc2, 0x9};
const char rank_dword_800E0670[] = {0xd0, 0x6, 0x82, '>'};
const char rank_dword_800E0674[] = {0xc2, '#', 0x82, '('};
const char rank_dword_800E0678[] = {0x81, 0x17, 0x81, '>'};
const char rank_dword_800E067C[] = {0x81, 0x19, 0x81, 0xb};
const char rank_dword_800E0680[] = {0xc0, '?', 0x0, 0x0};
const char rank_dword_800E0684[] = {0x91, 0xb, 0x90, '\''};
const char rank_dword_800E0688[] = {0x81, 0xd, 0x81, 0x17};
const char rank_dword_800E068C[] = {0x81, '&', 0x81, 'H'};
const char rank_dword_800E0690[] = {0x81, 'M', 0x81, 0x17};
const char rank_dword_800E0694[] = {0x81, 0x4, 0x81, '\''};
const char rank_dword_800E0698[] = {0x81, 0x19, 0x81, 0xb};
const char rank_dword_800E069C[] = {0xc0, '?', 0x0, 0x0};
const char rank_dword_800E06A0[] = "FORMAT OK?";
const char rank_dword_800E06AC[] = "OVERWRITE OK?";
const char rank_dword_800E06BC[] = "ERROR";
const char rank_dword_800E06C4[] = "COMPLETE";
const char rank_dword_800E06D0[] = "NO MEMORY FOR OBJ\n";
const char rank_dword_800E06E4[] = "NO MEMORY FOR INFO\n";
const char rank_dword_800E06F8[] = "MEMORY CARD 2";
const char rank_dword_800E0708[] = "MEMORY CARD 1";
const char rank_dword_800E0718[] = "NO CARD";
const char rank_dword_800E0720[] = "DOWNLOAD";
const char rank_dword_800E072C[] = {0x0, 0x0, 0x0, 0x0};
const char rank_dword_800E0730[] = "NO SPACE";
const char rank_dword_800E073C[] = "FOXDIE";
const char rank_dword_800E0744[] = "CHECKING";
const char rank_dword_800E0750[] = "NO FILE";
const char rank_dword_800E0758[] = "SELECT MEMORY CARD";
const char rank_dword_800E076C[] = "NO";
const char rank_dword_800E0770[] = "YES";
const char rank_dword_800E0774[] = "PRESS * TO EXIT";
const char rank_dword_800E0784[] = "Res %d\n";
const char rank_dword_800E078C[] = "%d/100";
const char rank_dword_800E0794[] = "END SAVE MODE\n";
const char rank_dword_800E07A4[] = "END STATE %d\n";
const int rank_dword_800E07B4 = 0x800CE404;
const int rank_dword_800E07B8 = 0x800CE4B4;
const int rank_dword_800E07BC = 0x800CE810;
const int rank_dword_800E07C0 = 0x800CE8AC;
const int rank_dword_800E07C4 = 0x800CEAE0;
const int rank_dword_800E07C8 = 0x800CE97C;
const int rank_dword_800E07CC = 0x800CEA18;
const int rank_dword_800E07D0 = 0x800CEA80;
const char rank_dword_800E07D4[] = "title.c";
const char rank_dword_800E07DC[] = "pkt_back.c";
const char rank_dword_800E07E8[] = {0x0, 0x0, 0x0, 0x0};
const char rank_dword_800E07EC[] = " ";
const char rank_dword_800E07F0[] = "?";
const char rank_dword_800E07F4[] = "!";
const char rank_dword_800E07F8[] = "]";
const char rank_dword_800E07FC[] = "[";
const char rank_dword_800E0800[] = ":";
const char rank_dword_800E0804[] = "9";
const char rank_dword_800E0808[] = "8";
const char rank_dword_800E080C[] = "7";
const char rank_dword_800E0810[] = "6";
const char rank_dword_800E0814[] = "5";
const char rank_dword_800E0818[] = "4";
const char rank_dword_800E081C[] = "3";
const char rank_dword_800E0820[] = "2";
const char rank_dword_800E0824[] = "1";
const char rank_dword_800E0828[] = "0";
const char rank_dword_800E082C[] = "Z";
const char rank_dword_800E0830[] = "Y";
const char rank_dword_800E0834[] = "X";
const char rank_dword_800E0838[] = "W";
const char rank_dword_800E083C[] = "V";
const char rank_dword_800E0840[] = "U";
const char rank_dword_800E0844[] = "T";
const char rank_dword_800E0848[] = "S";
const char rank_dword_800E084C[] = "R";
const char rank_dword_800E0850[] = "Q";
const char rank_dword_800E0854[] = "P";
const char rank_dword_800E0858[] = "O";
const char rank_dword_800E085C[] = "N";
const char rank_dword_800E0860[] = "M";
const char rank_dword_800E0864[] = "L";
const char rank_dword_800E0868[] = "K";
const char rank_dword_800E086C[] = "J";
const char rank_dword_800E0870[] = "I";
const char rank_dword_800E0874[] = "H";
const char rank_dword_800E0878[] = "G";
const char rank_dword_800E087C[] = "F";
const char rank_dword_800E0880[] = "E";
const char rank_dword_800E0884[] = "D";
const char rank_dword_800E0888[] = "C";
const char rank_dword_800E088C[] = "B";
const char rank_dword_800E0890[] = "A";
const char rank_dword_800E0894[] = "texture %d not found\n";
const char rank_dword_800E08AC[] = "cam_name_entry_l";
const char rank_dword_800E08C0[] = "cam_name_entry_r";
const char rank_dword_800E08D4[] = "cam_name";
const char rank_dword_800E08E0[] = "d3_sp_Pocke_head";
const char rank_dword_800E08F4[] = "-";
const char rank_dword_800E08F8[] = "--------";
const char rank_dword_800E0904[] = {0x0, 0x0, 0x0, 0x0};
const int rank_dword_800E0908 = 0x800D2958;
const int rank_dword_800E090C = 0x800D2AF0;
const int rank_dword_800E0910 = 0x800D2D08;
const int rank_dword_800E0914 = 0x800D2D70;
const int rank_dword_800E0918 = 0x800D2D9C;
const int rank_dword_800E091C = 0x800D2ED8;
const int rank_dword_800E0920 = 0x800D31CC;
const int rank_dword_800E0924 = 0x800D32CC;
const int rank_dword_800E0928 = 0x800D345C;
const int rank_dword_800E092C = 0x800D34B4;
const char rank_dword_800E0930[] = "cur_lu";
const char rank_dword_800E0938[] = "cur_ru";
const char rank_dword_800E0940[] = "cur_ld";
const char rank_dword_800E0948[] = "cur_rd";
const char rank_dword_800E0950[] = "cur_u";
const char rank_dword_800E0958[] = "cur_d";
const char rank_dword_800E0960[] = "cur_l";
const char rank_dword_800E0968[] = "cur_r";
const char rank_dword_800E0970[] = "cur_c";
const char rank_dword_800E0978[] = "ft4 = %d, gt4 = %d\n";
const char rank_dword_800E098C[] = "entry.c";
const char rank_dword_800E0994[] = {'f', 'a', 'd', 'e'};
const char rank_dword_800E0998[] = {'i', 'o', '.', 'c'};
const char rank_dword_800E099C[] = {0x0, ' ', ' ', 0x2};
const char rank_dword_800E09A0[] = "PLAY TIME /";
const char rank_dword_800E09AC[] = "%d";
const char rank_dword_800E09B0[] = ":";
const char rank_dword_800E09B4[] = "SAVE /";
const char rank_dword_800E09BC[] = "TIMES";
const char rank_dword_800E09C4[] = "CONTINUE /";
const char rank_dword_800E09D0[] = "BEING FOUND /";
const char rank_dword_800E09E0[] = "ENEMIES /";
const char rank_dword_800E09EC[] = "KILLED";
const char rank_dword_800E09F4[] = "RATIONS /";
const char rank_dword_800E0A00[] = "USED";
const char rank_dword_800E0A08[] = "GAME LEVEL /";
const char rank_dword_800E0A18[] = "VERY EASY";
const char rank_dword_800E0A24[] = "EASY";
const char rank_dword_800E0A2C[] = "NORMAL";
const char rank_dword_800E0A34[] = "HARD";
const char rank_dword_800E0A3C[] = "EXTREME";
const char rank_dword_800E0A44[] = "USED ITEM /";
const char rank_dword_800E0A50[] = "STEALTH";
const char rank_dword_800E0A58[] = "BANDANA";
const char rank_dword_800E0A60[] = "USED ITEMS /";
const char rank_dword_800E0A70[] = "CODE NAME";
const char rank_dword_800E0A7C[] = "SPECIAL ITEMS";
const char rank_dword_800E0A8C[] = {0x0, 0x0, 0x0, 0x0};
const int rank_dword_800E0A90 = 0x800D6BC8;
const int rank_dword_800E0A94 = 0x800D6BD4;
const int rank_dword_800E0A98 = 0x800D6BE0;
const int rank_dword_800E0A9C = 0x800D6BEC;
const int rank_dword_800E0AA0 = 0x800D6BF8;
const char rank_dword_800E0AA4[] = {0x0, 0x0, 0x0, 0x0};
const int rank_dword_800E0AA8 = 0x800D6D3C;
const int rank_dword_800E0AAC = 0x800D6D48;
const int rank_dword_800E0AB0 = 0x800D6D54;
const int rank_dword_800E0AB4 = 0x800D6D60;
const int rank_dword_800E0AB8 = 0x800D6D6C;
const char rank_dword_800E0ABC[] = {0x0, 0x0, 0x0, 0x0};
const int rank_dword_800E0AC0 = 0x800D6EF8;
const int rank_dword_800E0AC4 = 0x800D6F04;
const int rank_dword_800E0AC8 = 0x800D6F10;
const int rank_dword_800E0ACC = 0x800D6F1C;
const int rank_dword_800E0AD0 = 0x800D6F28;
const char rank_dword_800E0AD4[] = {0x0, 0x0, 0x0, 0x0};
const int rank_dword_800E0AD8 = 0x800D89BC;
const int rank_dword_800E0ADC = 0x800D89C8;
const int rank_dword_800E0AE0 = 0x800D89D4;
const int rank_dword_800E0AE4 = 0x800D89E0;
const int rank_dword_800E0AE8 = 0x800D89EC;
const char rank_dword_800E0AEC[] = {0x0, 0x0, 0x0, 0x0};
const int rank_dword_800E0AF0 = 0x800D8B30;
const int rank_dword_800E0AF4 = 0x800D8B3C;
const int rank_dword_800E0AF8 = 0x800D8B48;
const int rank_dword_800E0AFC = 0x800D8B54;
const int rank_dword_800E0B00 = 0x800D8B60;
const char rank_dword_800E0B04[] = {0x0, 0x0, 0x0, 0x0};
const int rank_dword_800E0B08 = 0x800D8CEC;
const int rank_dword_800E0B0C = 0x800D8CF8;
const int rank_dword_800E0B10 = 0x800D8D04;
const int rank_dword_800E0B14 = 0x800D8D10;
const int rank_dword_800E0B18 = 0x800D8D1C;
const char rank_dword_800E0B1C[] = "ERROR!!\n";
const char rank_dword_800E0B28[] = "Your Rank is %d\n";
const char rank_dword_800E0B3C[] = "big_back_l";
const char rank_dword_800E0B48[] = "big_back_r";
const char rank_dword_800E0B54[] = "mc_no = %d\n";
const char rank_dword_800E0B60[] = "radar stealth mugen = %d %d %d\n";
const char rank_dword_800E0B80[] = "spe_no = %d\n";
const char rank_dword_800E0B90[] = "camera stealth mugen = %d %d %d\n";
const char rank_dword_800E0BB4[] = {0x0, 0x0, 0x0, 0x0};
const int rank_dword_800E0BB8 = 0x800D9008;
const int rank_dword_800E0BBC = 0x800D9008;
const int rank_dword_800E0BC0 = 0x800D9010;
const int rank_dword_800E0BC4 = 0x800D9018;
const int rank_dword_800E0BC8 = 0x800D9020;
const char rank_dword_800E0BCC[] = {0x0, 0x0, 0x0, 0x0};
const int rank_dword_800E0BD0 = 0x800D9090;
const int rank_dword_800E0BD4 = 0x800D9090;
const int rank_dword_800E0BD8 = 0x800D9098;
const int rank_dword_800E0BDC = 0x800D90A0;
const int rank_dword_800E0BE0 = 0x800D90A8;
const char rank_dword_800E0BE4[] = {0x0, 0x0, 0x0, 0x0};
const int rank_dword_800E0BE8 = 0x800D9100;
const int rank_dword_800E0BEC = 0x800D9100;
const int rank_dword_800E0BF0 = 0x800D9108;
const int rank_dword_800E0BF4 = 0x800D9110;
const int rank_dword_800E0BF8 = 0x800D9118;
const char rank_dword_800E0BFC[] = {0x0, 0x0, 0x0, 0x0};
const int rank_dword_800E0C00 = 0x800D9180;
const int rank_dword_800E0C04 = 0x800D9180;
const int rank_dword_800E0C08 = 0x800D9188;
const int rank_dword_800E0C0C = 0x800D9190;
const int rank_dword_800E0C10 = 0x800D9198;
const char rank_dword_800E0C14[] = {0x0, 0x0, 0x0, 0x0};
const int rank_dword_800E0C18 = 0x800D91F0;
const int rank_dword_800E0C1C = 0x800D91F0;
const int rank_dword_800E0C20 = 0x800D91F8;
const int rank_dword_800E0C24 = 0x800D9200;
const int rank_dword_800E0C28 = 0x800D9208;
const char rank_dword_800E0C2C[] = {0x0, 0x0, 0x0, 0x0};
const int rank_dword_800E0C30 = 0x800D9264;
const int rank_dword_800E0C34 = 0x800D9264;
const int rank_dword_800E0C38 = 0x800D926C;
const int rank_dword_800E0C3C = 0x800D9274;
const int rank_dword_800E0C40 = 0x800D927C;
const char rank_dword_800E0C44[] = {0x0, 0x0, 0x0, 0x0};
const int rank_dword_800E0C48 = 0x800D92D8;
const int rank_dword_800E0C4C = 0x800D92D8;
const int rank_dword_800E0C50 = 0x800D92E0;
const int rank_dword_800E0C54 = 0x800D92E8;
const int rank_dword_800E0C58 = 0x800D92F0;
const char rank_dword_800E0C5C[] = {0x0, 0x0, 0x0, 0x0};
const int rank_dword_800E0C60 = 0x800D9354;
const int rank_dword_800E0C64 = 0x800D9354;
const int rank_dword_800E0C68 = 0x800D935C;
const int rank_dword_800E0C6C = 0x800D9364;
const int rank_dword_800E0C70 = 0x800D936C;
const char rank_dword_800E0C74[] = {0x0, 0x0, 0x0, 0x0};
const int rank_dword_800E0C78 = 0x800D93BC;
const int rank_dword_800E0C7C = 0x800D93BC;
const int rank_dword_800E0C80 = 0x800D93C4;
const int rank_dword_800E0C84 = 0x800D93CC;
const int rank_dword_800E0C88 = 0x800D93D4;
const char rank_dword_800E0C8C[] = {0x0, 0x0, 0x0, 0x0};
const int rank_dword_800E0C90 = 0x800D9418;
const int rank_dword_800E0C94 = 0x800D9418;
const int rank_dword_800E0C98 = 0x800D9420;
const int rank_dword_800E0C9C = 0x800D9428;
const int rank_dword_800E0CA0 = 0x800D9430;
const char rank_dword_800E0CA4[] = {0x0, 0x0, 0x0, 0x0};
const int rank_dword_800E0CA8 = 0x800D9488;
const int rank_dword_800E0CAC = 0x800D9488;
const int rank_dword_800E0CB0 = 0x800D9490;
const int rank_dword_800E0CB4 = 0x800D9498;
const int rank_dword_800E0CB8 = 0x800D94A0;
const char rank_dword_800E0CBC[] = {0x0, 0x0, 0x0, 0x0};
const int rank_dword_800E0CC0 = 0x800D94F0;
const int rank_dword_800E0CC4 = 0x800D94F0;
const int rank_dword_800E0CC8 = 0x800D94F8;
const int rank_dword_800E0CCC = 0x800D9500;
const int rank_dword_800E0CD0 = 0x800D9508;
const char rank_dword_800E0CD4[] = {0x0, 0x0, 0x0, 0x0};
const int rank_dword_800E0CD8 = 0x800D954C;
const int rank_dword_800E0CDC = 0x800D954C;
const int rank_dword_800E0CE0 = 0x800D9554;
const int rank_dword_800E0CE4 = 0x800D955C;
const int rank_dword_800E0CE8 = 0x800D9688;
const char rank_dword_800E0CEC[] = {0x0, 0x0, 0x0, 0x0};
const int rank_dword_800E0CF0 = 0x800D95AC;
const int rank_dword_800E0CF4 = 0x800D95AC;
const int rank_dword_800E0CF8 = 0x800D95B4;
const int rank_dword_800E0CFC = 0x800D95BC;
const int rank_dword_800E0D00 = 0x800D95C4;
const char rank_dword_800E0D04[] = {0x0, 0x0, 0x0, 0x0};
const int rank_dword_800E0D08 = 0x800D9614;
const int rank_dword_800E0D0C = 0x800D9614;
const int rank_dword_800E0D10 = 0x800D961C;
const int rank_dword_800E0D14 = 0x800D9624;
const int rank_dword_800E0D18 = 0x800D962C;
const char rank_dword_800E0D1C[] = {0x0, 0x0, 0x0, 0x0};
const int rank_dword_800E0D20 = 0x800D9670;
const int rank_dword_800E0D24 = 0x800D9670;
const int rank_dword_800E0D28 = 0x800D9678;
const int rank_dword_800E0D2C = 0x800D9680;
const int rank_dword_800E0D30 = 0x800D9688;
const char rank_dword_800E0D34[] = "SAVE COMPLETED MISSION DATA?";
const char rank_dword_800E0D54[] = "YES";
const char rank_dword_800E0D58[] = "NO";
const char rank_dword_800E0D5C[] = {0x0, 0x0, 0x0, 0x0};
const int rank_dword_800E0D60 = 0x800DABF0;
const int rank_dword_800E0D64 = 0x800DAC00;
const int rank_dword_800E0D68 = 0x800DAC18;
const int rank_dword_800E0D6C = 0x800DAC30;
const int rank_dword_800E0D70 = 0x800DAC40;
const char rank_dword_800E0D74[] = "back_l";
const char rank_dword_800E0D7C[] = "back_r";
const char rank_dword_800E0D84[] = "rank_rank";
const char rank_dword_800E0D90[] = "rank_line1";
const char rank_dword_800E0D9C[] = "rank_line2";
const char rank_dword_800E0DA8[] = "rank_fox";
const char rank_dword_800E0DB4[] = "rank_spe_camera";
const char rank_dword_800E0DC4[] = "rank_spe_stealth";
const char rank_dword_800E0DD8[] = "rank_spe_mugen";
const char rank_dword_800E0DE8[] = "cur_lu";
const char rank_dword_800E0DF0[] = "cur_ru";
const char rank_dword_800E0DF8[] = "cur_ld";
const char rank_dword_800E0E00[] = "cur_rd";
const char rank_dword_800E0E08[] = "cur_u";
const char rank_dword_800E0E10[] = "cur_d";
const char rank_dword_800E0E18[] = "cur_l";
const char rank_dword_800E0E20[] = "cur_r";
const char rank_dword_800E0E28[] = "cur_c";
const char rank_dword_800E0E30[] = "rank.c";

int SECTION(".bss") rank_dword_800E0F50;
int SECTION(".bss") rank_dword_800E0F54;
int SECTION(".bss") rank_dword_800E0F58;
int SECTION(".bss") rank_dword_800E0F5C;
int SECTION(".bss") rank_dword_800E0F60;
int SECTION(".bss") rank_dword_800E0F64;
int SECTION(".bss") rank_dword_800E0F68;
int SECTION(".bss") rank_dword_800E0F6C;
int SECTION(".bss") rank_dword_800E0F70;
int SECTION(".bss") rank_dword_800E0F74;
int SECTION(".bss") rank_dword_800E0F78;
int SECTION(".bss") rank_dword_800E0F7C;
int SECTION(".bss") rank_dword_800E0F80;
int SECTION(".bss") rank_dword_800E0F84;
int SECTION(".bss") rank_dword_800E0F88;
int SECTION(".bss") rank_dword_800E0F8C;
int SECTION(".bss") rank_dword_800E0F90;
int SECTION(".bss") rank_dword_800E0F94;
int SECTION(".bss") rank_dword_800E0F98;
int SECTION(".bss") rank_dword_800E0F9C;
int SECTION(".bss") rank_dword_800E0FA0;
int SECTION(".bss") rank_dword_800E0FA4;
int SECTION(".bss") rank_dword_800E0FA8;
int SECTION(".bss") rank_dword_800E0FAC;
int SECTION(".bss") rank_dword_800E0FB0;
int SECTION(".bss") rank_dword_800E0FB4;
int SECTION(".bss") rank_dword_800E0FB8;
int SECTION(".bss") rank_dword_800E0FBC;
int SECTION(".bss") rank_dword_800E0FC0;
int SECTION(".bss") rank_dword_800E0FC4;
int SECTION(".bss") rank_dword_800E0FC8;
int SECTION(".bss") rank_dword_800E0FCC;
int SECTION(".bss") rank_dword_800E0FD0;
int SECTION(".bss") rank_dword_800E0FD4;
int SECTION(".bss") rank_dword_800E0FD8;
int SECTION(".bss") rank_dword_800E0FDC;
int SECTION(".bss") rank_dword_800E0FE0;
int SECTION(".bss") rank_dword_800E0FE4;
int SECTION(".bss") rank_dword_800E0FE8;
int SECTION(".bss") rank_dword_800E0FEC;
int SECTION(".bss") rank_dword_800E0FF0;
int SECTION(".bss") rank_dword_800E0FF4;
int SECTION(".bss") rank_dword_800E0FF8;
int SECTION(".bss") rank_dword_800E0FFC;
int SECTION(".bss") rank_dword_800E1000;
int SECTION(".bss") rank_dword_800E1004;
int SECTION(".bss") rank_dword_800E1008;
int SECTION(".bss") rank_dword_800E100C;
int SECTION(".bss") rank_dword_800E1010;
int SECTION(".bss") rank_dword_800E1014;
int SECTION(".bss") rank_dword_800E1018;
int SECTION(".bss") rank_dword_800E101C;
int SECTION(".bss") rank_dword_800E1020;
int SECTION(".bss") rank_dword_800E1024;
int SECTION(".bss") rank_dword_800E1028;
int SECTION(".bss") rank_dword_800E102C;
int SECTION(".bss") rank_dword_800E1030;
int SECTION(".bss") rank_dword_800E1034;
int SECTION(".bss") rank_dword_800E1038;
int SECTION(".bss") rank_dword_800E103C;
int SECTION(".bss") rank_dword_800E1040;
int SECTION(".bss") rank_dword_800E1044;
int SECTION(".bss") rank_dword_800E1048;
int SECTION(".bss") rank_dword_800E104C;
int SECTION(".bss") rank_dword_800E1050;
int SECTION(".bss") rank_dword_800E1054;
int SECTION(".bss") rank_dword_800E1058;
int SECTION(".bss") rank_dword_800E105C;
int SECTION(".bss") rank_dword_800E1060;
int SECTION(".bss") rank_dword_800E1064;
int SECTION(".bss") rank_dword_800E1068;
int SECTION(".bss") rank_dword_800E106C;
int SECTION(".bss") rank_dword_800E1070;
int SECTION(".bss") rank_dword_800E1074;
int SECTION(".bss") rank_dword_800E1078;
int SECTION(".bss") rank_dword_800E107C;
int SECTION(".bss") rank_dword_800E1080;
int SECTION(".bss") rank_dword_800E1084;
int SECTION(".bss") rank_dword_800E1088;
int SECTION(".bss") rank_dword_800E108C;
int SECTION(".bss") rank_dword_800E1090;
int SECTION(".bss") rank_dword_800E1094;
int SECTION(".bss") rank_dword_800E1098;
int SECTION(".bss") rank_dword_800E109C;
int SECTION(".bss") rank_dword_800E10A0;
int SECTION(".bss") rank_dword_800E10A4;
int SECTION(".bss") rank_dword_800E10A8;
int SECTION(".bss") rank_dword_800E10AC;
int SECTION(".bss") rank_dword_800E10B0;
int SECTION(".bss") rank_dword_800E10B4;
int SECTION(".bss") rank_dword_800E10B8;
int SECTION(".bss") rank_dword_800E10BC;
int SECTION(".bss") rank_dword_800E10C0;
int SECTION(".bss") rank_dword_800E10C4;
int SECTION(".bss") rank_dword_800E10C8;
int SECTION(".bss") rank_dword_800E10CC;
int SECTION(".bss") rank_dword_800E10D0;
int SECTION(".bss") rank_dword_800E10D4;
int SECTION(".bss") rank_dword_800E10D8;
int SECTION(".bss") rank_dword_800E10DC;
int SECTION(".bss") rank_dword_800E10E0;
int SECTION(".bss") rank_dword_800E10E4;
int SECTION(".bss") rank_dword_800E10E8;
int SECTION(".bss") rank_dword_800E10EC;
int SECTION(".bss") rank_dword_800E10F0;
int SECTION(".bss") rank_dword_800E10F4;
int SECTION(".bss") rank_dword_800E10F8;
int SECTION(".bss") rank_dword_800E10FC;
int SECTION(".bss") rank_dword_800E1100;
int SECTION(".bss") rank_dword_800E1104;
int SECTION(".bss") rank_dword_800E1108;
int SECTION(".bss") rank_dword_800E110C;
int SECTION(".bss") rank_dword_800E1110;
int SECTION(".bss") rank_dword_800E1114;
int SECTION(".bss") rank_dword_800E1118;
int SECTION(".bss") rank_dword_800E111C;
int SECTION(".bss") rank_dword_800E1120;
int SECTION(".bss") rank_dword_800E1124;
int SECTION(".bss") rank_dword_800E1128;
int SECTION(".bss") rank_dword_800E112C;
int SECTION(".bss") rank_dword_800E1130;
int SECTION(".bss") rank_dword_800E1134;
int SECTION(".bss") rank_dword_800E1138;
int SECTION(".bss") rank_dword_800E113C;
int SECTION(".bss") rank_dword_800E1140;
int SECTION(".bss") rank_dword_800E1144;
int SECTION(".bss") rank_dword_800E1148;
int SECTION(".bss") rank_dword_800E114C;
int SECTION(".bss") rank_dword_800E1150;
int SECTION(".bss") rank_dword_800E1154;
int SECTION(".bss") rank_dword_800E1158;
int SECTION(".bss") rank_dword_800E115C;
int SECTION(".bss") rank_dword_800E1160;
int SECTION(".bss") rank_dword_800E1164;
int SECTION(".bss") rank_dword_800E1168;
int SECTION(".bss") rank_dword_800E116C;
int SECTION(".bss") rank_dword_800E1170;
int SECTION(".bss") rank_dword_800E1174;
int SECTION(".bss") rank_dword_800E1178;
int SECTION(".bss") rank_dword_800E117C;
int SECTION(".bss") rank_dword_800E1180;
int SECTION(".bss") rank_dword_800E1184;
int SECTION(".bss") rank_dword_800E1188;
int SECTION(".bss") rank_dword_800E118C;
int SECTION(".bss") rank_dword_800E1190;
int SECTION(".bss") rank_dword_800E1194;
int SECTION(".bss") rank_dword_800E1198;
int SECTION(".bss") rank_dword_800E119C;
int SECTION(".bss") rank_dword_800E11A0;
int SECTION(".bss") rank_dword_800E11A4;
int SECTION(".bss") rank_dword_800E11A8;
int SECTION(".bss") rank_dword_800E11AC;
int SECTION(".bss") rank_dword_800E11B0;
int SECTION(".bss") rank_dword_800E11B4;
int SECTION(".bss") rank_dword_800E11B8;
int SECTION(".bss") rank_dword_800E11BC;
int SECTION(".bss") rank_dword_800E11C0;
int SECTION(".bss") rank_dword_800E11C4;
int SECTION(".bss") rank_dword_800E11C8;
int SECTION(".bss") rank_dword_800E11CC;
int SECTION(".bss") rank_dword_800E11D0;
int SECTION(".bss") rank_dword_800E11D4;
int SECTION(".bss") rank_dword_800E11D8;
int SECTION(".bss") rank_dword_800E11DC;
int SECTION(".bss") rank_dword_800E11E0;
int SECTION(".bss") rank_dword_800E11E4;
int SECTION(".bss") rank_dword_800E11E8;
int SECTION(".bss") rank_dword_800E11EC;
int SECTION(".bss") rank_dword_800E11F0;
int SECTION(".bss") rank_dword_800E11F4;
int SECTION(".bss") rank_dword_800E11F8;
int SECTION(".bss") rank_dword_800E11FC;
int SECTION(".bss") rank_dword_800E1200;
int SECTION(".bss") rank_dword_800E1204;
int SECTION(".bss") rank_dword_800E1208;
int SECTION(".bss") rank_dword_800E120C;
int SECTION(".bss") rank_dword_800E1210;
int SECTION(".bss") rank_dword_800E1214;
int SECTION(".bss") rank_dword_800E1218;
int SECTION(".bss") rank_dword_800E121C;
int SECTION(".bss") rank_dword_800E1220;
int SECTION(".bss") rank_dword_800E1224;
int SECTION(".bss") rank_dword_800E1228;
int SECTION(".bss") rank_dword_800E122C;
int SECTION(".bss") rank_dword_800E1230;
int SECTION(".bss") rank_dword_800E1234;
int SECTION(".bss") rank_dword_800E1238;
int SECTION(".bss") rank_dword_800E123C;
int SECTION(".bss") rank_dword_800E1240;
int SECTION(".bss") rank_dword_800E1244;
int SECTION(".bss") rank_dword_800E1248;
int SECTION(".bss") rank_dword_800E124C;
int SECTION(".bss") rank_dword_800E1250;
int SECTION(".bss") rank_dword_800E1254;
int SECTION(".bss") rank_dword_800E1258;
int SECTION(".bss") rank_dword_800E125C;
int SECTION(".bss") rank_dword_800E1260;
int SECTION(".bss") rank_dword_800E1264;
int SECTION(".bss") rank_dword_800E1268;
int SECTION(".bss") rank_dword_800E126C;
int SECTION(".bss") rank_dword_800E1270;
int SECTION(".bss") rank_dword_800E1274;
int SECTION(".bss") rank_dword_800E1278;
int SECTION(".bss") rank_dword_800E127C;
int SECTION(".bss") rank_dword_800E1280;
int SECTION(".bss") rank_dword_800E1284;
int SECTION(".bss") rank_dword_800E1288;
int SECTION(".bss") rank_dword_800E128C;
int SECTION(".bss") rank_dword_800E1290;
int SECTION(".bss") rank_dword_800E1294;
int SECTION(".bss") rank_dword_800E1298;
int SECTION(".bss") rank_dword_800E129C;
int SECTION(".bss") rank_dword_800E12A0;
int SECTION(".bss") rank_dword_800E12A4;
int SECTION(".bss") rank_dword_800E12A8;
int SECTION(".bss") rank_dword_800E12AC;
int SECTION(".bss") rank_dword_800E12B0;
int SECTION(".bss") rank_dword_800E12B4;
int SECTION(".bss") rank_dword_800E12B8;
int SECTION(".bss") rank_dword_800E12BC;
int SECTION(".bss") rank_dword_800E12C0;
int SECTION(".bss") rank_dword_800E12C4;
int SECTION(".bss") rank_dword_800E12C8;
int SECTION(".bss") rank_dword_800E12CC;
int SECTION(".bss") rank_dword_800E12D0;
int SECTION(".bss") rank_dword_800E12D4;
int SECTION(".bss") rank_dword_800E12D8;
int SECTION(".bss") rank_dword_800E12DC;
int SECTION(".bss") rank_dword_800E12E0;
int SECTION(".bss") rank_dword_800E12E4;
int SECTION(".bss") rank_dword_800E12E8;
int SECTION(".bss") rank_dword_800E12EC;
int SECTION(".bss") rank_dword_800E12F0;
int SECTION(".bss") rank_dword_800E12F4;
int SECTION(".bss") rank_dword_800E12F8;
int SECTION(".bss") rank_dword_800E12FC;
int SECTION(".bss") rank_dword_800E1300;
int SECTION(".bss") rank_dword_800E1304;
int SECTION(".bss") rank_dword_800E1308;
int SECTION(".bss") rank_dword_800E130C;
int SECTION(".bss") rank_dword_800E1310;
int SECTION(".bss") rank_dword_800E1314;
int SECTION(".bss") rank_dword_800E1318;
int SECTION(".bss") rank_dword_800E131C;
int SECTION(".bss") rank_dword_800E1320;
int SECTION(".bss") rank_dword_800E1324;
int SECTION(".bss") rank_dword_800E1328;
int SECTION(".bss") rank_dword_800E132C;
int SECTION(".bss") rank_dword_800E1330;
int SECTION(".bss") rank_dword_800E1334;
int SECTION(".bss") rank_dword_800E1338;
int SECTION(".bss") rank_dword_800E133C;
int SECTION(".bss") rank_dword_800E1340;
int SECTION(".bss") rank_dword_800E1344;
int SECTION(".bss") rank_dword_800E1348;
int SECTION(".bss") rank_dword_800E134C;
int SECTION(".bss") rank_dword_800E1350;
int SECTION(".bss") rank_dword_800E1354;
int SECTION(".bss") rank_dword_800E1358;
int SECTION(".bss") rank_dword_800E135C;
int SECTION(".bss") rank_dword_800E1360;
int SECTION(".bss") rank_dword_800E1364;
int SECTION(".bss") rank_dword_800E1368;
int SECTION(".bss") rank_dword_800E136C;
int SECTION(".bss") rank_dword_800E1370;
int SECTION(".bss") rank_dword_800E1374;
int SECTION(".bss") rank_dword_800E1378;
int SECTION(".bss") rank_dword_800E137C;
int SECTION(".bss") rank_dword_800E1380;
int SECTION(".bss") rank_dword_800E1384;
int SECTION(".bss") rank_dword_800E1388;
int SECTION(".bss") rank_dword_800E138C;
int SECTION(".bss") rank_dword_800E1390;
int SECTION(".bss") rank_dword_800E1394;
int SECTION(".bss") rank_dword_800E1398;
int SECTION(".bss") rank_dword_800E139C;
int SECTION(".bss") rank_dword_800E13A0;
int SECTION(".bss") rank_dword_800E13A4;
int SECTION(".bss") rank_dword_800E13A8;
int SECTION(".bss") rank_dword_800E13AC;
int SECTION(".bss") rank_dword_800E13B0;
int SECTION(".bss") rank_dword_800E13B4;
int SECTION(".bss") rank_dword_800E13B8;
int SECTION(".bss") rank_dword_800E13BC;
int SECTION(".bss") rank_dword_800E13C0;
int SECTION(".bss") rank_dword_800E13C4;
int SECTION(".bss") rank_dword_800E13C8;
int SECTION(".bss") rank_dword_800E13CC;
int SECTION(".bss") rank_dword_800E13D0;
int SECTION(".bss") rank_dword_800E13D4;
int SECTION(".bss") rank_dword_800E13D8;
int SECTION(".bss") rank_dword_800E13DC;
int SECTION(".bss") rank_dword_800E13E0;
int SECTION(".bss") rank_dword_800E13E4;
int SECTION(".bss") rank_dword_800E13E8;
int SECTION(".bss") rank_dword_800E13EC;
int SECTION(".bss") rank_dword_800E13F0;
int SECTION(".bss") rank_dword_800E13F4;
int SECTION(".bss") rank_dword_800E13F8;
int SECTION(".bss") rank_dword_800E13FC;
int SECTION(".bss") rank_dword_800E1400;
int SECTION(".bss") rank_dword_800E1404;
int SECTION(".bss") rank_dword_800E1408;
int SECTION(".bss") rank_dword_800E140C;
int SECTION(".bss") rank_dword_800E1410;
int SECTION(".bss") rank_dword_800E1414;
int SECTION(".bss") rank_dword_800E1418;
int SECTION(".bss") rank_dword_800E141C;
int SECTION(".bss") rank_dword_800E1420;
int SECTION(".bss") rank_dword_800E1424;
int SECTION(".bss") rank_dword_800E1428;
int SECTION(".bss") rank_dword_800E142C;
int SECTION(".bss") rank_dword_800E1430;
int SECTION(".bss") rank_dword_800E1434;
int SECTION(".bss") rank_dword_800E1438;
int SECTION(".bss") rank_dword_800E143C;
int SECTION(".bss") rank_dword_800E1440;
int SECTION(".bss") rank_dword_800E1444;
int SECTION(".bss") rank_dword_800E1448;
int SECTION(".bss") rank_dword_800E144C;
int SECTION(".bss") rank_dword_800E1450;
int SECTION(".bss") rank_dword_800E1454;
int SECTION(".bss") rank_dword_800E1458;
int SECTION(".bss") rank_dword_800E145C;
int SECTION(".bss") rank_dword_800E1460;
int SECTION(".bss") rank_dword_800E1464;
int SECTION(".bss") rank_dword_800E1468;
int SECTION(".bss") rank_dword_800E146C;
int SECTION(".bss") rank_dword_800E1470;
int SECTION(".bss") rank_dword_800E1474;
int SECTION(".bss") rank_dword_800E1478;
int SECTION(".bss") rank_dword_800E147C;
int SECTION(".bss") rank_dword_800E1480;
int SECTION(".bss") rank_dword_800E1484;
int SECTION(".bss") rank_dword_800E1488;
int SECTION(".bss") rank_dword_800E148C;
int SECTION(".bss") rank_dword_800E1490;
int SECTION(".bss") rank_dword_800E1494;
int SECTION(".bss") rank_dword_800E1498;
int SECTION(".bss") rank_dword_800E149C;
int SECTION(".bss") rank_dword_800E14A0;
int SECTION(".bss") rank_dword_800E14A4;
int SECTION(".bss") rank_dword_800E14A8;
int SECTION(".bss") rank_dword_800E14AC;
int SECTION(".bss") rank_dword_800E14B0;
int SECTION(".bss") rank_dword_800E14B4;
int SECTION(".bss") rank_dword_800E14B8;
int SECTION(".bss") rank_dword_800E14BC;
int SECTION(".bss") rank_dword_800E14C0;
int SECTION(".bss") rank_dword_800E14C4;
int SECTION(".bss") rank_dword_800E14C8;
int SECTION(".bss") rank_dword_800E14CC;
int SECTION(".bss") rank_dword_800E14D0;
int SECTION(".bss") rank_dword_800E14D4;
int SECTION(".bss") rank_dword_800E14D8;
int SECTION(".bss") rank_dword_800E14DC;
int SECTION(".bss") rank_dword_800E14E0;
int SECTION(".bss") rank_dword_800E14E4;
int SECTION(".bss") rank_dword_800E14E8;
int SECTION(".bss") rank_dword_800E14EC;
int SECTION(".bss") rank_dword_800E14F0;
int SECTION(".bss") rank_dword_800E14F4;
int SECTION(".bss") rank_dword_800E14F8;
int SECTION(".bss") rank_dword_800E14FC;
int SECTION(".bss") rank_dword_800E1500;
int SECTION(".bss") rank_dword_800E1504;
int SECTION(".bss") rank_dword_800E1508;
int SECTION(".bss") rank_dword_800E150C;
int SECTION(".bss") rank_dword_800E1510;
int SECTION(".bss") rank_dword_800E1514;
int SECTION(".bss") rank_dword_800E1518;
int SECTION(".bss") rank_dword_800E151C;
int SECTION(".bss") rank_dword_800E1520;
int SECTION(".bss") rank_dword_800E1524;
int SECTION(".bss") rank_dword_800E1528;
int SECTION(".bss") rank_dword_800E152C;
int SECTION(".bss") rank_dword_800E1530;
int SECTION(".bss") rank_dword_800E1534;
int SECTION(".bss") rank_dword_800E1538;
int SECTION(".bss") rank_dword_800E153C;
int SECTION(".bss") rank_dword_800E1540;
int SECTION(".bss") rank_dword_800E1544;
int SECTION(".bss") rank_dword_800E1548;
int SECTION(".bss") rank_dword_800E154C;
int SECTION(".bss") rank_dword_800E1550;
int SECTION(".bss") rank_dword_800E1554;
int SECTION(".bss") rank_dword_800E1558;
int SECTION(".bss") rank_dword_800E155C;
int SECTION(".bss") rank_dword_800E1560;
int SECTION(".bss") rank_dword_800E1564;
int SECTION(".bss") rank_dword_800E1568;
int SECTION(".bss") rank_dword_800E156C;
int SECTION(".bss") rank_dword_800E1570;
int SECTION(".bss") rank_dword_800E1574;
int SECTION(".bss") rank_dword_800E1578;
int SECTION(".bss") rank_dword_800E157C;
int SECTION(".bss") rank_dword_800E1580;
int SECTION(".bss") rank_dword_800E1584;
int SECTION(".bss") rank_dword_800E1588;
int SECTION(".bss") rank_dword_800E158C;
int SECTION(".bss") rank_dword_800E1590;
int SECTION(".bss") rank_dword_800E1594;
int SECTION(".bss") rank_dword_800E1598;
int SECTION(".bss") rank_dword_800E159C;
int SECTION(".bss") rank_dword_800E15A0;
int SECTION(".bss") rank_dword_800E15A4;
int SECTION(".bss") rank_dword_800E15A8;
int SECTION(".bss") rank_dword_800E15AC;
int SECTION(".bss") rank_dword_800E15B0;
int SECTION(".bss") rank_dword_800E15B4;
int SECTION(".bss") rank_dword_800E15B8;
int SECTION(".bss") rank_dword_800E15BC;
int SECTION(".bss") rank_dword_800E15C0;
int SECTION(".bss") rank_dword_800E15C4;
int SECTION(".bss") rank_dword_800E15C8;
int SECTION(".bss") rank_dword_800E15CC;
int SECTION(".bss") rank_dword_800E15D0;
int SECTION(".bss") rank_dword_800E15D4;
int SECTION(".bss") rank_dword_800E15D8;
int SECTION(".bss") rank_dword_800E15DC;
int SECTION(".bss") rank_dword_800E15E0;
int SECTION(".bss") rank_dword_800E15E4;
int SECTION(".bss") rank_dword_800E15E8;
int SECTION(".bss") rank_dword_800E15EC;
int SECTION(".bss") rank_dword_800E15F0;
int SECTION(".bss") rank_dword_800E15F4;
int SECTION(".bss") rank_dword_800E15F8;
int SECTION(".bss") rank_dword_800E15FC;
int SECTION(".bss") rank_dword_800E1600;
int SECTION(".bss") rank_dword_800E1604;
int SECTION(".bss") rank_dword_800E1608;
int SECTION(".bss") rank_dword_800E160C;
int SECTION(".bss") rank_dword_800E1610;
int SECTION(".bss") rank_dword_800E1614;
int SECTION(".bss") rank_dword_800E1618;
int SECTION(".bss") rank_dword_800E161C;
int SECTION(".bss") rank_dword_800E1620;
int SECTION(".bss") rank_dword_800E1624;
int SECTION(".bss") rank_dword_800E1628;
int SECTION(".bss") rank_dword_800E162C;
int SECTION(".bss") rank_dword_800E1630;
int SECTION(".bss") rank_dword_800E1634;
int SECTION(".bss") rank_dword_800E1638;
int SECTION(".bss") rank_dword_800E163C;
int SECTION(".bss") rank_dword_800E1640;
int SECTION(".bss") rank_dword_800E1644;
int SECTION(".bss") rank_dword_800E1648;
int SECTION(".bss") rank_dword_800E164C;
int SECTION(".bss") rank_dword_800E1650;
int SECTION(".bss") rank_dword_800E1654;
int SECTION(".bss") rank_dword_800E1658;
int SECTION(".bss") rank_dword_800E165C;
int SECTION(".bss") rank_dword_800E1660;
int SECTION(".bss") rank_dword_800E1664;
int SECTION(".bss") rank_dword_800E1668;
int SECTION(".bss") rank_dword_800E166C;
int SECTION(".bss") rank_dword_800E1670;
int SECTION(".bss") rank_dword_800E1674;
int SECTION(".bss") rank_dword_800E1678;
int SECTION(".bss") rank_dword_800E167C;
int SECTION(".bss") rank_dword_800E1680;
int SECTION(".bss") rank_dword_800E1684;
int SECTION(".bss") rank_dword_800E1688;
int SECTION(".bss") rank_dword_800E168C;
int SECTION(".bss") rank_dword_800E1690;
int SECTION(".bss") rank_dword_800E1694;
int SECTION(".bss") rank_dword_800E1698;
int SECTION(".bss") rank_dword_800E169C;
int SECTION(".bss") rank_dword_800E16A0;
int SECTION(".bss") rank_dword_800E16A4;
int SECTION(".bss") rank_dword_800E16A8;
int SECTION(".bss") rank_dword_800E16AC;
int SECTION(".bss") rank_dword_800E16B0;
int SECTION(".bss") rank_dword_800E16B4;
int SECTION(".bss") rank_dword_800E16B8;
int SECTION(".bss") rank_dword_800E16BC;
int SECTION(".bss") rank_dword_800E16C0;
int SECTION(".bss") rank_dword_800E16C4;
int SECTION(".bss") rank_dword_800E16C8;
int SECTION(".bss") rank_dword_800E16CC;
int SECTION(".bss") rank_dword_800E16D0;
int SECTION(".bss") rank_dword_800E16D4;
int SECTION(".bss") rank_dword_800E16D8;
int SECTION(".bss") rank_dword_800E16DC;
int SECTION(".bss") rank_dword_800E16E0;
int SECTION(".bss") rank_dword_800E16E4;
int SECTION(".bss") rank_dword_800E16E8;
int SECTION(".bss") rank_dword_800E16EC;
int SECTION(".bss") rank_dword_800E16F0;
int SECTION(".bss") rank_dword_800E16F4;
int SECTION(".bss") rank_dword_800E16F8;
int SECTION(".bss") rank_dword_800E16FC;
int SECTION(".bss") rank_dword_800E1700;
int SECTION(".bss") rank_dword_800E1704;
int SECTION(".bss") rank_dword_800E1708;
int SECTION(".bss") rank_dword_800E170C;
int SECTION(".bss") rank_dword_800E1710;
int SECTION(".bss") rank_dword_800E1714;
int SECTION(".bss") rank_dword_800E1718;
int SECTION(".bss") rank_dword_800E171C;
int SECTION(".bss") rank_dword_800E1720;
int SECTION(".bss") rank_dword_800E1724;
int SECTION(".bss") rank_dword_800E1728;
int SECTION(".bss") rank_dword_800E172C;
int SECTION(".bss") rank_dword_800E1730;
int SECTION(".bss") rank_dword_800E1734;
int SECTION(".bss") rank_dword_800E1738;
int SECTION(".bss") rank_dword_800E173C;
int SECTION(".bss") rank_dword_800E1740;
int SECTION(".bss") rank_dword_800E1744;
int SECTION(".bss") rank_dword_800E1748;
int SECTION(".bss") rank_dword_800E174C;
int SECTION(".bss") rank_dword_800E1750;
int SECTION(".bss") rank_dword_800E1754;
int SECTION(".bss") rank_dword_800E1758;
int SECTION(".bss") rank_dword_800E175C;
int SECTION(".bss") rank_dword_800E1760;
int SECTION(".bss") rank_dword_800E1764;
int SECTION(".bss") rank_dword_800E1768;
int SECTION(".bss") rank_dword_800E176C;
int SECTION(".bss") rank_dword_800E1770;
int SECTION(".bss") rank_dword_800E1774;
int SECTION(".bss") rank_dword_800E1778;
int SECTION(".bss") rank_dword_800E177C;
int SECTION(".bss") rank_dword_800E1780;
int SECTION(".bss") rank_dword_800E1784;
int SECTION(".bss") rank_dword_800E1788;
int SECTION(".bss") rank_dword_800E178C;
int SECTION(".bss") rank_dword_800E1790;
int SECTION(".bss") rank_dword_800E1794;
int SECTION(".bss") rank_dword_800E1798;
int SECTION(".bss") rank_dword_800E179C;
int SECTION(".bss") rank_dword_800E17A0;
int SECTION(".bss") rank_dword_800E17A4;
int SECTION(".bss") rank_dword_800E17A8;
int SECTION(".bss") rank_dword_800E17AC;
int SECTION(".bss") rank_dword_800E17B0;
int SECTION(".bss") rank_dword_800E17B4;
int SECTION(".bss") rank_dword_800E17B8;
int SECTION(".bss") rank_dword_800E17BC;
int SECTION(".bss") rank_dword_800E17C0;
int SECTION(".bss") rank_dword_800E17C4;
int SECTION(".bss") rank_dword_800E17C8;
int SECTION(".bss") rank_dword_800E17CC;
int SECTION(".bss") rank_dword_800E17D0;
int SECTION(".bss") rank_dword_800E17D4;
int SECTION(".bss") rank_dword_800E17D8;
int SECTION(".bss") rank_dword_800E17DC;
int SECTION(".bss") rank_dword_800E17E0;
int SECTION(".bss") rank_dword_800E17E4;
int SECTION(".bss") rank_dword_800E17E8;
int SECTION(".bss") rank_dword_800E17EC;
int SECTION(".bss") rank_dword_800E17F0;
int SECTION(".bss") rank_dword_800E17F4;
int SECTION(".bss") rank_dword_800E17F8;
int SECTION(".bss") rank_dword_800E17FC;
int SECTION(".bss") rank_dword_800E1800;
int SECTION(".bss") rank_dword_800E1804;
int SECTION(".bss") rank_dword_800E1808;
int SECTION(".bss") rank_dword_800E180C;
int SECTION(".bss") rank_dword_800E1810;
int SECTION(".bss") rank_dword_800E1814;
int SECTION(".bss") rank_dword_800E1818;
int SECTION(".bss") rank_dword_800E181C;
int SECTION(".bss") rank_dword_800E1820;
int SECTION(".bss") rank_dword_800E1824;
int SECTION(".bss") rank_dword_800E1828;
int SECTION(".bss") rank_dword_800E182C;
int SECTION(".bss") rank_dword_800E1830;
int SECTION(".bss") rank_dword_800E1834;
int SECTION(".bss") rank_dword_800E1838;
int SECTION(".bss") rank_dword_800E183C;
int SECTION(".bss") rank_dword_800E1840;
int SECTION(".bss") rank_dword_800E1844;
int SECTION(".bss") rank_dword_800E1848;
int SECTION(".bss") rank_dword_800E184C;
int SECTION(".bss") rank_dword_800E1850;
int SECTION(".bss") rank_dword_800E1854;
int SECTION(".bss") rank_dword_800E1858;
int SECTION(".bss") rank_dword_800E185C;
int SECTION(".bss") rank_dword_800E1860;
int SECTION(".bss") rank_dword_800E1864;
int SECTION(".bss") rank_dword_800E1868;
int SECTION(".bss") rank_dword_800E186C;
int SECTION(".bss") rank_dword_800E1870;
int SECTION(".bss") rank_dword_800E1874;
int SECTION(".bss") rank_dword_800E1878;
int SECTION(".bss") rank_dword_800E187C;
int SECTION(".bss") rank_dword_800E1880;
int SECTION(".bss") rank_dword_800E1884;
int SECTION(".bss") rank_dword_800E1888;
int SECTION(".bss") rank_dword_800E188C;
int SECTION(".bss") rank_dword_800E1890;
int SECTION(".bss") rank_dword_800E1894;
int SECTION(".bss") rank_dword_800E1898;
int SECTION(".bss") rank_dword_800E189C;
int SECTION(".bss") rank_dword_800E18A0;
int SECTION(".bss") rank_dword_800E18A4;
int SECTION(".bss") rank_dword_800E18A8;
int SECTION(".bss") rank_dword_800E18AC;
int SECTION(".bss") rank_dword_800E18B0;
int SECTION(".bss") rank_dword_800E18B4;
int SECTION(".bss") rank_dword_800E18B8;
int SECTION(".bss") rank_dword_800E18BC;
int SECTION(".bss") rank_dword_800E18C0;
int SECTION(".bss") rank_dword_800E18C4;
int SECTION(".bss") rank_dword_800E18C8;
int SECTION(".bss") rank_dword_800E18CC;
int SECTION(".bss") rank_dword_800E18D0;
int SECTION(".bss") rank_dword_800E18D4;
int SECTION(".bss") rank_dword_800E18D8;
int SECTION(".bss") rank_dword_800E18DC;
int SECTION(".bss") rank_dword_800E18E0;
int SECTION(".bss") rank_dword_800E18E4;
int SECTION(".bss") rank_dword_800E18E8;
int SECTION(".bss") rank_dword_800E18EC;
int SECTION(".bss") rank_dword_800E18F0;
int SECTION(".bss") rank_dword_800E18F4;
int SECTION(".bss") rank_dword_800E18F8;
int SECTION(".bss") rank_dword_800E18FC;
int SECTION(".bss") rank_dword_800E1900;
int SECTION(".bss") rank_dword_800E1904;
int SECTION(".bss") rank_dword_800E1908;
int SECTION(".bss") rank_dword_800E190C;
int SECTION(".bss") rank_dword_800E1910;
int SECTION(".bss") rank_dword_800E1914;
int SECTION(".bss") rank_dword_800E1918;
int SECTION(".bss") rank_dword_800E191C;
int SECTION(".bss") rank_dword_800E1920;
int SECTION(".bss") rank_dword_800E1924;
int SECTION(".bss") rank_dword_800E1928;
int SECTION(".bss") rank_dword_800E192C;
int SECTION(".bss") rank_dword_800E1930;
int SECTION(".bss") rank_dword_800E1934;
int SECTION(".bss") rank_dword_800E1938;
int SECTION(".bss") rank_dword_800E193C;
int SECTION(".bss") rank_dword_800E1940;
int SECTION(".bss") rank_dword_800E1944;
int SECTION(".bss") rank_dword_800E1948;
int SECTION(".bss") rank_dword_800E194C;
int SECTION(".bss") rank_dword_800E1950;
int SECTION(".bss") rank_dword_800E1954;
int SECTION(".bss") rank_dword_800E1958;
int SECTION(".bss") rank_dword_800E195C;
int SECTION(".bss") rank_dword_800E1960;
int SECTION(".bss") rank_dword_800E1964;
int SECTION(".bss") rank_dword_800E1968;
int SECTION(".bss") rank_dword_800E196C;
int SECTION(".bss") rank_dword_800E1970;
int SECTION(".bss") rank_dword_800E1974;
int SECTION(".bss") rank_dword_800E1978;
int SECTION(".bss") rank_dword_800E197C;
int SECTION(".bss") rank_dword_800E1980;
int SECTION(".bss") rank_dword_800E1984;
int SECTION(".bss") rank_dword_800E1988;
int SECTION(".bss") rank_dword_800E198C;
int SECTION(".bss") rank_dword_800E1990;
int SECTION(".bss") rank_dword_800E1994;
int SECTION(".bss") rank_dword_800E1998;
int SECTION(".bss") rank_dword_800E199C;
int SECTION(".bss") rank_dword_800E19A0;
int SECTION(".bss") rank_dword_800E19A4;
int SECTION(".bss") rank_dword_800E19A8;
int SECTION(".bss") rank_dword_800E19AC;
int SECTION(".bss") rank_dword_800E19B0;
int SECTION(".bss") rank_dword_800E19B4;
int SECTION(".bss") rank_dword_800E19B8;
int SECTION(".bss") rank_dword_800E19BC;
int SECTION(".bss") rank_dword_800E19C0;
int SECTION(".bss") rank_dword_800E19C4;
int SECTION(".bss") rank_dword_800E19C8;
int SECTION(".bss") rank_dword_800E19CC;
int SECTION(".bss") rank_dword_800E19D0;
int SECTION(".bss") rank_dword_800E19D4;
int SECTION(".bss") rank_dword_800E19D8;
int SECTION(".bss") rank_dword_800E19DC;
int SECTION(".bss") rank_dword_800E19E0;
int SECTION(".bss") rank_dword_800E19E4;
int SECTION(".bss") rank_dword_800E19E8;
int SECTION(".bss") rank_dword_800E19EC;
int SECTION(".bss") rank_dword_800E19F0;
int SECTION(".bss") rank_dword_800E19F4;
int SECTION(".bss") rank_dword_800E19F8;
int SECTION(".bss") rank_dword_800E19FC;
int SECTION(".bss") rank_dword_800E1A00;
int SECTION(".bss") rank_dword_800E1A04;
int SECTION(".bss") rank_dword_800E1A08;
int SECTION(".bss") rank_dword_800E1A0C;
int SECTION(".bss") rank_dword_800E1A10;
int SECTION(".bss") rank_dword_800E1A14;
int SECTION(".bss") rank_dword_800E1A18;
int SECTION(".bss") rank_dword_800E1A1C;
int SECTION(".bss") rank_dword_800E1A20;
int SECTION(".bss") rank_dword_800E1A24;
int SECTION(".bss") rank_dword_800E1A28;
int SECTION(".bss") rank_dword_800E1A2C;
int SECTION(".bss") rank_dword_800E1A30;
int SECTION(".bss") rank_dword_800E1A34;
int SECTION(".bss") rank_dword_800E1A38;
int SECTION(".bss") rank_dword_800E1A3C;
int SECTION(".bss") rank_dword_800E1A40;
int SECTION(".bss") rank_dword_800E1A44;
int SECTION(".bss") rank_dword_800E1A48;
int SECTION(".bss") rank_dword_800E1A4C;
int SECTION(".bss") rank_dword_800E1A50;
int SECTION(".bss") rank_dword_800E1A54;
int SECTION(".bss") rank_dword_800E1A58;
int SECTION(".bss") rank_dword_800E1A5C;
int SECTION(".bss") rank_dword_800E1A60;
int SECTION(".bss") rank_dword_800E1A64;
int SECTION(".bss") rank_dword_800E1A68;
int SECTION(".bss") rank_dword_800E1A6C;
int SECTION(".bss") rank_dword_800E1A70;
int SECTION(".bss") rank_dword_800E1A74;
int SECTION(".bss") rank_dword_800E1A78;
int SECTION(".bss") rank_dword_800E1A7C;
int SECTION(".bss") rank_dword_800E1A80;
int SECTION(".bss") rank_dword_800E1A84;
int SECTION(".bss") rank_dword_800E1A88;
int SECTION(".bss") rank_dword_800E1A8C;
int SECTION(".bss") rank_dword_800E1A90;
int SECTION(".bss") rank_dword_800E1A94;
int SECTION(".bss") rank_dword_800E1A98;
int SECTION(".bss") rank_dword_800E1A9C;
int SECTION(".bss") rank_dword_800E1AA0;
int SECTION(".bss") rank_dword_800E1AA4;
int SECTION(".bss") rank_dword_800E1AA8;
int SECTION(".bss") rank_dword_800E1AAC;
int SECTION(".bss") rank_dword_800E1AB0;
int SECTION(".bss") rank_dword_800E1AB4;
int SECTION(".bss") rank_dword_800E1AB8;
int SECTION(".bss") rank_dword_800E1ABC;
int SECTION(".bss") rank_dword_800E1AC0;
int SECTION(".bss") rank_dword_800E1AC4;
int SECTION(".bss") rank_dword_800E1AC8;
int SECTION(".bss") rank_dword_800E1ACC;
int SECTION(".bss") rank_dword_800E1AD0;
int SECTION(".bss") rank_dword_800E1AD4;
int SECTION(".bss") rank_dword_800E1AD8;
int SECTION(".bss") rank_dword_800E1ADC;
int SECTION(".bss") rank_dword_800E1AE0;
int SECTION(".bss") rank_dword_800E1AE4;
int SECTION(".bss") rank_dword_800E1AE8;
int SECTION(".bss") rank_dword_800E1AEC;
int SECTION(".bss") rank_dword_800E1AF0;
int SECTION(".bss") rank_dword_800E1AF4;
int SECTION(".bss") rank_dword_800E1AF8;
int SECTION(".bss") rank_dword_800E1AFC;
int SECTION(".bss") rank_dword_800E1B00;
int SECTION(".bss") rank_dword_800E1B04;
int SECTION(".bss") rank_dword_800E1B08;
int SECTION(".bss") rank_dword_800E1B0C;
int SECTION(".bss") rank_dword_800E1B10;
int SECTION(".bss") rank_dword_800E1B14;
int SECTION(".bss") rank_dword_800E1B18;
int SECTION(".bss") rank_dword_800E1B1C;
int SECTION(".bss") rank_dword_800E1B20;
int SECTION(".bss") rank_dword_800E1B24;
int SECTION(".bss") rank_dword_800E1B28;
int SECTION(".bss") rank_dword_800E1B2C;
int SECTION(".bss") rank_dword_800E1B30;
int SECTION(".bss") rank_dword_800E1B34;
int SECTION(".bss") rank_dword_800E1B38;
int SECTION(".bss") rank_dword_800E1B3C;
int SECTION(".bss") rank_dword_800E1B40;
int SECTION(".bss") rank_dword_800E1B44;
int SECTION(".bss") rank_dword_800E1B48;
int SECTION(".bss") rank_dword_800E1B4C;
int SECTION(".bss") rank_dword_800E1B50;
int SECTION(".bss") rank_dword_800E1B54;
int SECTION(".bss") rank_dword_800E1B58;
int SECTION(".bss") rank_dword_800E1B5C;
int SECTION(".bss") rank_dword_800E1B60;
int SECTION(".bss") rank_dword_800E1B64;
int SECTION(".bss") rank_dword_800E1B68;
int SECTION(".bss") rank_dword_800E1B6C;
int SECTION(".bss") rank_dword_800E1B70;
int SECTION(".bss") rank_dword_800E1B74;
int SECTION(".bss") rank_dword_800E1B78;
int SECTION(".bss") rank_dword_800E1B7C;
int SECTION(".bss") rank_dword_800E1B80;
int SECTION(".bss") rank_dword_800E1B84;
int SECTION(".bss") rank_dword_800E1B88;
int SECTION(".bss") rank_dword_800E1B8C;
int SECTION(".bss") rank_dword_800E1B90;
int SECTION(".bss") rank_dword_800E1B94;
int SECTION(".bss") rank_dword_800E1B98;
int SECTION(".bss") rank_dword_800E1B9C;
int SECTION(".bss") rank_dword_800E1BA0;
int SECTION(".bss") rank_dword_800E1BA4;
int SECTION(".bss") rank_dword_800E1BA8;
int SECTION(".bss") rank_dword_800E1BAC;
int SECTION(".bss") rank_dword_800E1BB0;
int SECTION(".bss") rank_dword_800E1BB4;
int SECTION(".bss") rank_dword_800E1BB8;
int SECTION(".bss") rank_dword_800E1BBC;
int SECTION(".bss") rank_dword_800E1BC0;
int SECTION(".bss") rank_dword_800E1BC4;
int SECTION(".bss") rank_dword_800E1BC8;
int SECTION(".bss") rank_dword_800E1BCC;
int SECTION(".bss") rank_dword_800E1BD0;
int SECTION(".bss") rank_dword_800E1BD4;
int SECTION(".bss") rank_dword_800E1BD8;
int SECTION(".bss") rank_dword_800E1BDC;
int SECTION(".bss") rank_dword_800E1BE0;
int SECTION(".bss") rank_dword_800E1BE4;
int SECTION(".bss") rank_dword_800E1BE8;
int SECTION(".bss") rank_dword_800E1BEC;
int SECTION(".bss") rank_dword_800E1BF0;
int SECTION(".bss") rank_dword_800E1BF4;
int SECTION(".bss") rank_dword_800E1BF8;
int SECTION(".bss") rank_dword_800E1BFC;
int SECTION(".bss") rank_dword_800E1C00;
int SECTION(".bss") rank_dword_800E1C04;
int SECTION(".bss") rank_dword_800E1C08;
int SECTION(".bss") rank_dword_800E1C0C;
int SECTION(".bss") rank_dword_800E1C10;
int SECTION(".bss") rank_dword_800E1C14;
int SECTION(".bss") rank_dword_800E1C18;
int SECTION(".bss") rank_dword_800E1C1C;
int SECTION(".bss") rank_dword_800E1C20;
int SECTION(".bss") rank_dword_800E1C24;
int SECTION(".bss") rank_dword_800E1C28;
int SECTION(".bss") rank_dword_800E1C2C;
int SECTION(".bss") rank_dword_800E1C30;
int SECTION(".bss") rank_dword_800E1C34;
int SECTION(".bss") rank_dword_800E1C38;
int SECTION(".bss") rank_dword_800E1C3C;
int SECTION(".bss") rank_dword_800E1C40;
int SECTION(".bss") rank_dword_800E1C44;
int SECTION(".bss") rank_dword_800E1C48;
int SECTION(".bss") rank_dword_800E1C4C;
int SECTION(".bss") rank_dword_800E1C50;
int SECTION(".bss") rank_dword_800E1C54;
int SECTION(".bss") rank_dword_800E1C58;
int SECTION(".bss") rank_dword_800E1C5C;
int SECTION(".bss") rank_dword_800E1C60;
int SECTION(".bss") rank_dword_800E1C64;
int SECTION(".bss") rank_dword_800E1C68;
int SECTION(".bss") rank_dword_800E1C6C;
int SECTION(".bss") rank_dword_800E1C70;
int SECTION(".bss") rank_dword_800E1C74;
int SECTION(".bss") rank_dword_800E1C78;
int SECTION(".bss") rank_dword_800E1C7C;
int SECTION(".bss") rank_dword_800E1C80;
int SECTION(".bss") rank_dword_800E1C84;
int SECTION(".bss") rank_dword_800E1C88;
int SECTION(".bss") rank_dword_800E1C8C;
int SECTION(".bss") rank_dword_800E1C90;
int SECTION(".bss") rank_dword_800E1C94;
int SECTION(".bss") rank_dword_800E1C98;
int SECTION(".bss") rank_dword_800E1C9C;
int SECTION(".bss") rank_dword_800E1CA0;
int SECTION(".bss") rank_dword_800E1CA4;
int SECTION(".bss") rank_dword_800E1CA8;
int SECTION(".bss") rank_dword_800E1CAC;
int SECTION(".bss") rank_dword_800E1CB0;
int SECTION(".bss") rank_dword_800E1CB4;
int SECTION(".bss") rank_dword_800E1CB8;
int SECTION(".bss") rank_dword_800E1CBC;
int SECTION(".bss") rank_dword_800E1CC0;
int SECTION(".bss") rank_dword_800E1CC4;
int SECTION(".bss") rank_dword_800E1CC8;
int SECTION(".bss") rank_dword_800E1CCC;
int SECTION(".bss") rank_dword_800E1CD0;
int SECTION(".bss") rank_dword_800E1CD4;
int SECTION(".bss") rank_dword_800E1CD8;
int SECTION(".bss") rank_dword_800E1CDC;
int SECTION(".bss") rank_dword_800E1CE0;
int SECTION(".bss") rank_dword_800E1CE4;
int SECTION(".bss") rank_dword_800E1CE8;
int SECTION(".bss") rank_dword_800E1CEC;
int SECTION(".bss") rank_dword_800E1CF0;
int SECTION(".bss") rank_dword_800E1CF4;
int SECTION(".bss") rank_dword_800E1CF8;
int SECTION(".bss") rank_dword_800E1CFC;
int SECTION(".bss") rank_dword_800E1D00;
int SECTION(".bss") rank_dword_800E1D04;
int SECTION(".bss") rank_dword_800E1D08;
int SECTION(".bss") rank_dword_800E1D0C;
int SECTION(".bss") rank_dword_800E1D10;
int SECTION(".bss") rank_dword_800E1D14;
int SECTION(".bss") rank_dword_800E1D18;
int SECTION(".bss") rank_dword_800E1D1C;
int SECTION(".bss") rank_dword_800E1D20;
int SECTION(".bss") rank_dword_800E1D24;
int SECTION(".bss") rank_dword_800E1D28;
int SECTION(".bss") rank_dword_800E1D2C;
int SECTION(".bss") rank_dword_800E1D30;
int SECTION(".bss") rank_dword_800E1D34;
int SECTION(".bss") rank_dword_800E1D38;
int SECTION(".bss") rank_dword_800E1D3C;
int SECTION(".bss") rank_dword_800E1D40;
int SECTION(".bss") rank_dword_800E1D44;
int SECTION(".bss") rank_dword_800E1D48;
int SECTION(".bss") rank_dword_800E1D4C;
int SECTION(".bss") rank_dword_800E1D50;
int SECTION(".bss") rank_dword_800E1D54;
int SECTION(".bss") rank_dword_800E1D58;
int SECTION(".bss") rank_dword_800E1D5C;
int SECTION(".bss") rank_dword_800E1D60;
int SECTION(".bss") rank_dword_800E1D64;
int SECTION(".bss") rank_dword_800E1D68;
int SECTION(".bss") rank_dword_800E1D6C;
int SECTION(".bss") rank_dword_800E1D70;
int SECTION(".bss") rank_dword_800E1D74;
int SECTION(".bss") rank_dword_800E1D78;
int SECTION(".bss") rank_dword_800E1D7C;
int SECTION(".bss") rank_dword_800E1D80;
int SECTION(".bss") rank_dword_800E1D84;
int SECTION(".bss") rank_dword_800E1D88;
int SECTION(".bss") rank_dword_800E1D8C;
int SECTION(".bss") rank_dword_800E1D90;
int SECTION(".bss") rank_dword_800E1D94;
int SECTION(".bss") rank_dword_800E1D98;
int SECTION(".bss") rank_dword_800E1D9C;
int SECTION(".bss") rank_dword_800E1DA0;
int SECTION(".bss") rank_dword_800E1DA4;
int SECTION(".bss") rank_dword_800E1DA8;
int SECTION(".bss") rank_dword_800E1DAC;
int SECTION(".bss") rank_dword_800E1DB0;
int SECTION(".bss") rank_dword_800E1DB4;
int SECTION(".bss") rank_dword_800E1DB8;
int SECTION(".bss") rank_dword_800E1DBC;
int SECTION(".bss") rank_dword_800E1DC0;
int SECTION(".bss") rank_dword_800E1DC4;
int SECTION(".bss") rank_dword_800E1DC8;
int SECTION(".bss") rank_dword_800E1DCC;
int SECTION(".bss") rank_dword_800E1DD0;
int SECTION(".bss") rank_dword_800E1DD4;
int SECTION(".bss") rank_dword_800E1DD8;
int SECTION(".bss") rank_dword_800E1DDC;
int SECTION(".bss") rank_dword_800E1DE0;
int SECTION(".bss") rank_dword_800E1DE4;
int SECTION(".bss") rank_dword_800E1DE8;
int SECTION(".bss") rank_dword_800E1DEC;
int SECTION(".bss") rank_dword_800E1DF0;
int SECTION(".bss") rank_dword_800E1DF4;
int SECTION(".bss") rank_dword_800E1DF8;
int SECTION(".bss") rank_dword_800E1DFC;
int SECTION(".bss") rank_dword_800E1E00;
int SECTION(".bss") rank_dword_800E1E04;
int SECTION(".bss") rank_dword_800E1E08;
int SECTION(".bss") rank_dword_800E1E0C;
int SECTION(".bss") rank_dword_800E1E10;
int SECTION(".bss") rank_dword_800E1E14;
int SECTION(".bss") rank_dword_800E1E18;
int SECTION(".bss") rank_dword_800E1E1C;
int SECTION(".bss") rank_dword_800E1E20;
int SECTION(".bss") rank_dword_800E1E24;
int SECTION(".bss") rank_dword_800E1E28;
int SECTION(".bss") rank_dword_800E1E2C;
int SECTION(".bss") rank_dword_800E1E30;
int SECTION(".bss") rank_dword_800E1E34;
int SECTION(".bss") rank_dword_800E1E38;
int SECTION(".bss") rank_dword_800E1E3C;
int SECTION(".bss") rank_dword_800E1E40;
int SECTION(".bss") rank_dword_800E1E44;
int SECTION(".bss") rank_dword_800E1E48;
int SECTION(".bss") rank_dword_800E1E4C;
int SECTION(".bss") rank_dword_800E1E50;
int SECTION(".bss") rank_dword_800E1E54;
int SECTION(".bss") rank_dword_800E1E58;
int SECTION(".bss") rank_dword_800E1E5C;
int SECTION(".bss") rank_dword_800E1E60;
int SECTION(".bss") rank_dword_800E1E64;
int SECTION(".bss") rank_dword_800E1E68;
int SECTION(".bss") rank_dword_800E1E6C;
int SECTION(".bss") rank_dword_800E1E70;
int SECTION(".bss") rank_dword_800E1E74;
int SECTION(".bss") rank_dword_800E1E78;
int SECTION(".bss") rank_dword_800E1E7C;
int SECTION(".bss") rank_dword_800E1E80;
int SECTION(".bss") rank_dword_800E1E84;
int SECTION(".bss") rank_dword_800E1E88;
int SECTION(".bss") rank_dword_800E1E8C;
int SECTION(".bss") rank_dword_800E1E90;
int SECTION(".bss") rank_dword_800E1E94;
int SECTION(".bss") rank_dword_800E1E98;
int SECTION(".bss") rank_dword_800E1E9C;
int SECTION(".bss") rank_dword_800E1EA0;
int SECTION(".bss") rank_dword_800E1EA4;
int SECTION(".bss") rank_dword_800E1EA8;
int SECTION(".bss") rank_dword_800E1EAC;
int SECTION(".bss") rank_dword_800E1EB0;
int SECTION(".bss") rank_dword_800E1EB4;
int SECTION(".bss") rank_dword_800E1EB8;
int SECTION(".bss") rank_dword_800E1EBC;
int SECTION(".bss") rank_dword_800E1EC0;
int SECTION(".bss") rank_dword_800E1EC4;
int SECTION(".bss") rank_dword_800E1EC8;
int SECTION(".bss") rank_dword_800E1ECC;
int SECTION(".bss") rank_dword_800E1ED0;
int SECTION(".bss") rank_dword_800E1ED4;
int SECTION(".bss") rank_dword_800E1ED8;
int SECTION(".bss") rank_dword_800E1EDC;
int SECTION(".bss") rank_dword_800E1EE0;
int SECTION(".bss") rank_dword_800E1EE4;
int SECTION(".bss") rank_dword_800E1EE8;
int SECTION(".bss") rank_dword_800E1EEC;
int SECTION(".bss") rank_dword_800E1EF0;
int SECTION(".bss") rank_dword_800E1EF4;
int SECTION(".bss") rank_dword_800E1EF8;
int SECTION(".bss") rank_dword_800E1EFC;
int SECTION(".bss") rank_dword_800E1F00;
int SECTION(".bss") rank_dword_800E1F04;
int SECTION(".bss") rank_dword_800E1F08;
int SECTION(".bss") rank_dword_800E1F0C;
int SECTION(".bss") rank_dword_800E1F10;
int SECTION(".bss") rank_dword_800E1F14;
int SECTION(".bss") rank_dword_800E1F18;
int SECTION(".bss") rank_dword_800E1F1C;
int SECTION(".bss") rank_dword_800E1F20;
int SECTION(".bss") rank_dword_800E1F24;
int SECTION(".bss") rank_dword_800E1F28;
int SECTION(".bss") rank_dword_800E1F2C;
int SECTION(".bss") rank_dword_800E1F30;
int SECTION(".bss") rank_dword_800E1F34;
int SECTION(".bss") rank_dword_800E1F38;
int SECTION(".bss") rank_dword_800E1F3C;
int SECTION(".bss") rank_dword_800E1F40;
int SECTION(".bss") rank_dword_800E1F44;
int SECTION(".bss") rank_dword_800E1F48;
int SECTION(".bss") rank_dword_800E1F4C;
int SECTION(".bss") rank_dword_800E1F50;
int SECTION(".bss") rank_dword_800E1F54;
int SECTION(".bss") rank_dword_800E1F58;
int SECTION(".bss") rank_dword_800E1F5C;
int SECTION(".bss") rank_dword_800E1F60;
int SECTION(".bss") rank_dword_800E1F64;
int SECTION(".bss") rank_dword_800E1F68;
int SECTION(".bss") rank_dword_800E1F6C;
int SECTION(".bss") rank_dword_800E1F70;
int SECTION(".bss") rank_dword_800E1F74;
int SECTION(".bss") rank_dword_800E1F78;
int SECTION(".bss") rank_dword_800E1F7C;
int SECTION(".bss") rank_dword_800E1F80;
int SECTION(".bss") rank_dword_800E1F84;
int SECTION(".bss") rank_dword_800E1F88;
int SECTION(".bss") rank_dword_800E1F8C;
int SECTION(".bss") rank_dword_800E1F90;
int SECTION(".bss") rank_dword_800E1F94;
int SECTION(".bss") rank_dword_800E1F98;
int SECTION(".bss") rank_dword_800E1F9C;
int SECTION(".bss") rank_dword_800E1FA0;
int SECTION(".bss") rank_dword_800E1FA4;
int SECTION(".bss") rank_dword_800E1FA8;
int SECTION(".bss") rank_dword_800E1FAC;
int SECTION(".bss") rank_dword_800E1FB0;
int SECTION(".bss") rank_dword_800E1FB4;
int SECTION(".bss") rank_dword_800E1FB8;
int SECTION(".bss") rank_dword_800E1FBC;
int SECTION(".bss") rank_dword_800E1FC0;
int SECTION(".bss") rank_dword_800E1FC4;
int SECTION(".bss") rank_dword_800E1FC8;
int SECTION(".bss") rank_dword_800E1FCC;
int SECTION(".bss") rank_dword_800E1FD0;
int SECTION(".bss") rank_dword_800E1FD4;
int SECTION(".bss") rank_dword_800E1FD8;
int SECTION(".bss") rank_dword_800E1FDC;
int SECTION(".bss") rank_dword_800E1FE0;
int SECTION(".bss") rank_dword_800E1FE4;
int SECTION(".bss") rank_dword_800E1FE8;
int SECTION(".bss") rank_dword_800E1FEC;
int SECTION(".bss") rank_dword_800E1FF0;
int SECTION(".bss") rank_dword_800E1FF4;
int SECTION(".bss") rank_dword_800E1FF8;
int SECTION(".bss") rank_dword_800E1FFC;
int SECTION(".bss") rank_dword_800E2000;
int SECTION(".bss") rank_dword_800E2004;
int SECTION(".bss") rank_dword_800E2008;
int SECTION(".bss") rank_dword_800E200C;
int SECTION(".bss") rank_dword_800E2010;
int SECTION(".bss") rank_dword_800E2014;
int SECTION(".bss") rank_dword_800E2018;
int SECTION(".bss") rank_dword_800E201C;
int SECTION(".bss") rank_dword_800E2020;
int SECTION(".bss") rank_dword_800E2024;
int SECTION(".bss") rank_dword_800E2028;
int SECTION(".bss") rank_dword_800E202C;
int SECTION(".bss") rank_dword_800E2030;
int SECTION(".bss") rank_dword_800E2034;
int SECTION(".bss") rank_dword_800E2038;
int SECTION(".bss") rank_dword_800E203C;
int SECTION(".bss") rank_dword_800E2040;
int SECTION(".bss") rank_dword_800E2044;
int SECTION(".bss") rank_dword_800E2048;
int SECTION(".bss") rank_dword_800E204C;
int SECTION(".bss") rank_dword_800E2050;
int SECTION(".bss") rank_dword_800E2054;
int SECTION(".bss") rank_dword_800E2058;
int SECTION(".bss") rank_dword_800E205C;
int SECTION(".bss") rank_dword_800E2060;
int SECTION(".bss") rank_dword_800E2064;
int SECTION(".bss") rank_dword_800E2068;
int SECTION(".bss") rank_dword_800E206C;
int SECTION(".bss") rank_dword_800E2070;
int SECTION(".bss") rank_dword_800E2074;
int SECTION(".bss") rank_dword_800E2078;
int SECTION(".bss") rank_dword_800E207C;
int SECTION(".bss") rank_dword_800E2080;
int SECTION(".bss") rank_dword_800E2084;
int SECTION(".bss") rank_dword_800E2088;
int SECTION(".bss") rank_dword_800E208C;
int SECTION(".bss") rank_dword_800E2090;
int SECTION(".bss") rank_dword_800E2094;
int SECTION(".bss") rank_dword_800E2098;
int SECTION(".bss") rank_dword_800E209C;
int SECTION(".bss") rank_dword_800E20A0;
int SECTION(".bss") rank_dword_800E20A4;
int SECTION(".bss") rank_dword_800E20A8;
int SECTION(".bss") rank_dword_800E20AC;
int SECTION(".bss") rank_dword_800E20B0;
int SECTION(".bss") rank_dword_800E20B4;
int SECTION(".bss") rank_dword_800E20B8;
int SECTION(".bss") rank_dword_800E20BC;
int SECTION(".bss") rank_dword_800E20C0;
int SECTION(".bss") rank_dword_800E20C4;
int SECTION(".bss") rank_dword_800E20C8;
int SECTION(".bss") rank_dword_800E20CC;
int SECTION(".bss") rank_dword_800E20D0;
int SECTION(".bss") rank_dword_800E20D4;
int SECTION(".bss") rank_dword_800E20D8;
int SECTION(".bss") rank_dword_800E20DC;
int SECTION(".bss") rank_dword_800E20E0;
int SECTION(".bss") rank_dword_800E20E4;
int SECTION(".bss") rank_dword_800E20E8;
int SECTION(".bss") rank_dword_800E20EC;
int SECTION(".bss") rank_dword_800E20F0;
int SECTION(".bss") rank_dword_800E20F4;
int SECTION(".bss") rank_dword_800E20F8;
int SECTION(".bss") rank_dword_800E20FC;
int SECTION(".bss") rank_dword_800E2100;
int SECTION(".bss") rank_dword_800E2104;
int SECTION(".bss") rank_dword_800E2108;
int SECTION(".bss") rank_dword_800E210C;
int SECTION(".bss") rank_dword_800E2110;
int SECTION(".bss") rank_dword_800E2114;
int SECTION(".bss") rank_dword_800E2118;
int SECTION(".bss") rank_dword_800E211C;
int SECTION(".bss") rank_dword_800E2120;
int SECTION(".bss") rank_dword_800E2124;
int SECTION(".bss") rank_dword_800E2128;
int SECTION(".bss") rank_dword_800E212C;
int SECTION(".bss") rank_dword_800E2130;
int SECTION(".bss") rank_dword_800E2134;
int SECTION(".bss") rank_dword_800E2138;
int SECTION(".bss") rank_dword_800E213C;
int SECTION(".bss") rank_dword_800E2140;
int SECTION(".bss") rank_dword_800E2144;
int SECTION(".bss") rank_dword_800E2148;
int SECTION(".bss") rank_dword_800E214C;
int SECTION(".bss") rank_dword_800E2150;
int SECTION(".bss") rank_dword_800E2154;
int SECTION(".bss") rank_dword_800E2158;
int SECTION(".bss") rank_dword_800E215C;
int SECTION(".bss") rank_dword_800E2160;
int SECTION(".bss") rank_dword_800E2164;
int SECTION(".bss") rank_dword_800E2168;
int SECTION(".bss") rank_dword_800E216C;
int SECTION(".bss") rank_dword_800E2170;
int SECTION(".bss") rank_dword_800E2174;
int SECTION(".bss") rank_dword_800E2178;
int SECTION(".bss") rank_dword_800E217C;
int SECTION(".bss") rank_dword_800E2180;
int SECTION(".bss") rank_dword_800E2184;
int SECTION(".bss") rank_dword_800E2188;
int SECTION(".bss") rank_dword_800E218C;
int SECTION(".bss") rank_dword_800E2190;
int SECTION(".bss") rank_dword_800E2194;
int SECTION(".bss") rank_dword_800E2198;
int SECTION(".bss") rank_dword_800E219C;
int SECTION(".bss") rank_dword_800E21A0;
int SECTION(".bss") rank_dword_800E21A4;
int SECTION(".bss") rank_dword_800E21A8;
int SECTION(".bss") rank_dword_800E21AC;
int SECTION(".bss") rank_dword_800E21B0;
int SECTION(".bss") rank_dword_800E21B4;
int SECTION(".bss") rank_dword_800E21B8;
int SECTION(".bss") rank_dword_800E21BC;
int SECTION(".bss") rank_dword_800E21C0;
int SECTION(".bss") rank_dword_800E21C4;
int SECTION(".bss") rank_dword_800E21C8;
int SECTION(".bss") rank_dword_800E21CC;
int SECTION(".bss") rank_dword_800E21D0;
int SECTION(".bss") rank_dword_800E21D4;
int SECTION(".bss") rank_dword_800E21D8;
int SECTION(".bss") rank_dword_800E21DC;
int SECTION(".bss") rank_dword_800E21E0;
int SECTION(".bss") rank_dword_800E21E4;
int SECTION(".bss") rank_dword_800E21E8;
int SECTION(".bss") rank_dword_800E21EC;
int SECTION(".bss") rank_dword_800E21F0;
int SECTION(".bss") rank_dword_800E21F4;
int SECTION(".bss") rank_dword_800E21F8;
int SECTION(".bss") rank_dword_800E21FC;
int SECTION(".bss") rank_dword_800E2200;
int SECTION(".bss") rank_dword_800E2204;
int SECTION(".bss") rank_dword_800E2208;
int SECTION(".bss") rank_dword_800E220C;
int SECTION(".bss") rank_dword_800E2210;
int SECTION(".bss") rank_dword_800E2214;
int SECTION(".bss") rank_dword_800E2218;
int SECTION(".bss") rank_dword_800E221C;
int SECTION(".bss") rank_dword_800E2220;
int SECTION(".bss") rank_dword_800E2224;
int SECTION(".bss") rank_dword_800E2228;
int SECTION(".bss") rank_dword_800E222C;
int SECTION(".bss") rank_dword_800E2230;
int SECTION(".bss") rank_dword_800E2234;
int SECTION(".bss") rank_dword_800E2238;
int SECTION(".bss") rank_dword_800E223C;
int SECTION(".bss") rank_dword_800E2240;
int SECTION(".bss") rank_dword_800E2244;
int SECTION(".bss") rank_dword_800E2248;
int SECTION(".bss") rank_dword_800E224C;
int SECTION(".bss") rank_dword_800E2250;
int SECTION(".bss") rank_dword_800E2254;
int SECTION(".bss") rank_dword_800E2258;
int SECTION(".bss") rank_dword_800E225C;
int SECTION(".bss") rank_dword_800E2260;
int SECTION(".bss") rank_dword_800E2264;
int SECTION(".bss") rank_dword_800E2268;
int SECTION(".bss") rank_dword_800E226C;
int SECTION(".bss") rank_dword_800E2270;
int SECTION(".bss") rank_dword_800E2274;
int SECTION(".bss") rank_dword_800E2278;
int SECTION(".bss") rank_dword_800E227C;
int SECTION(".bss") rank_dword_800E2280;
int SECTION(".bss") rank_dword_800E2284;
int SECTION(".bss") rank_dword_800E2288;
int SECTION(".bss") rank_dword_800E228C;
int SECTION(".bss") rank_dword_800E2290;
int SECTION(".bss") rank_dword_800E2294;
int SECTION(".bss") rank_dword_800E2298;
int SECTION(".bss") rank_dword_800E229C;
int SECTION(".bss") rank_dword_800E22A0;
int SECTION(".bss") rank_dword_800E22A4;
int SECTION(".bss") rank_dword_800E22A8;
int SECTION(".bss") rank_dword_800E22AC;
int SECTION(".bss") rank_dword_800E22B0;
int SECTION(".bss") rank_dword_800E22B4;
int SECTION(".bss") rank_dword_800E22B8;
int SECTION(".bss") rank_dword_800E22BC;
int SECTION(".bss") rank_dword_800E22C0;
int SECTION(".bss") rank_dword_800E22C4;
int SECTION(".bss") rank_dword_800E22C8;
int SECTION(".bss") rank_dword_800E22CC;
int SECTION(".bss") rank_dword_800E22D0;
int SECTION(".bss") rank_dword_800E22D4;
int SECTION(".bss") rank_dword_800E22D8;
int SECTION(".bss") rank_dword_800E22DC;
int SECTION(".bss") rank_dword_800E22E0;
int SECTION(".bss") rank_dword_800E22E4;
int SECTION(".bss") rank_dword_800E22E8;
int SECTION(".bss") rank_dword_800E22EC;
int SECTION(".bss") rank_dword_800E22F0;
int SECTION(".bss") rank_dword_800E22F4;
int SECTION(".bss") rank_dword_800E22F8;
int SECTION(".bss") rank_dword_800E22FC;
int SECTION(".bss") rank_dword_800E2300;
int SECTION(".bss") rank_dword_800E2304;
int SECTION(".bss") rank_dword_800E2308;
int SECTION(".bss") rank_dword_800E230C;
int SECTION(".bss") rank_dword_800E2310;
int SECTION(".bss") rank_dword_800E2314;
int SECTION(".bss") rank_dword_800E2318;
int SECTION(".bss") rank_dword_800E231C;
int SECTION(".bss") rank_dword_800E2320;
int SECTION(".bss") rank_dword_800E2324;
int SECTION(".bss") rank_dword_800E2328;
int SECTION(".bss") rank_dword_800E232C;
int SECTION(".bss") rank_dword_800E2330;
int SECTION(".bss") rank_dword_800E2334;
int SECTION(".bss") rank_dword_800E2338;
int SECTION(".bss") rank_dword_800E233C;
int SECTION(".bss") rank_dword_800E2340;
int SECTION(".bss") rank_dword_800E2344;
int SECTION(".bss") rank_dword_800E2348;
int SECTION(".bss") rank_dword_800E234C;
int SECTION(".bss") rank_dword_800E2350;
int SECTION(".bss") rank_dword_800E2354;
int SECTION(".bss") rank_dword_800E2358;
int SECTION(".bss") rank_dword_800E235C;
int SECTION(".bss") rank_dword_800E2360;
int SECTION(".bss") rank_dword_800E2364;
int SECTION(".bss") rank_dword_800E2368;
int SECTION(".bss") rank_dword_800E236C;
int SECTION(".bss") rank_dword_800E2370;
int SECTION(".bss") rank_dword_800E2374;
int SECTION(".bss") rank_dword_800E2378;
int SECTION(".bss") rank_dword_800E237C;
int SECTION(".bss") rank_dword_800E2380;
int SECTION(".bss") rank_dword_800E2384;
int SECTION(".bss") rank_dword_800E2388;
int SECTION(".bss") rank_dword_800E238C;
int SECTION(".bss") rank_dword_800E2390;
int SECTION(".bss") rank_dword_800E2394;
int SECTION(".bss") rank_dword_800E2398;
int SECTION(".bss") rank_dword_800E239C;
int SECTION(".bss") rank_dword_800E23A0;
int SECTION(".bss") rank_dword_800E23A4;
int SECTION(".bss") rank_dword_800E23A8;
int SECTION(".bss") rank_dword_800E23AC;
int SECTION(".bss") rank_dword_800E23B0;
int SECTION(".bss") rank_dword_800E23B4;
int SECTION(".bss") rank_dword_800E23B8;
int SECTION(".bss") rank_dword_800E23BC;
int SECTION(".bss") rank_dword_800E23C0;
int SECTION(".bss") rank_dword_800E23C4;
int SECTION(".bss") rank_dword_800E23C8;
int SECTION(".bss") rank_dword_800E23CC;
int SECTION(".bss") rank_dword_800E23D0;
int SECTION(".bss") rank_dword_800E23D4;
int SECTION(".bss") rank_dword_800E23D8;
int SECTION(".bss") rank_dword_800E23DC;
int SECTION(".bss") rank_dword_800E23E0;
int SECTION(".bss") rank_dword_800E23E4;
int SECTION(".bss") rank_dword_800E23E8;
int SECTION(".bss") rank_dword_800E23EC;
int SECTION(".bss") rank_dword_800E23F0;
int SECTION(".bss") rank_dword_800E23F4;
int SECTION(".bss") rank_dword_800E23F8;
int SECTION(".bss") rank_dword_800E23FC;
int SECTION(".bss") rank_dword_800E2400;
int SECTION(".bss") rank_dword_800E2404;
int SECTION(".bss") rank_dword_800E2408;
int SECTION(".bss") rank_dword_800E240C;
int SECTION(".bss") rank_dword_800E2410;
int SECTION(".bss") rank_dword_800E2414;
int SECTION(".bss") rank_dword_800E2418;
int SECTION(".bss") rank_dword_800E241C;
int SECTION(".bss") rank_dword_800E2420;
int SECTION(".bss") rank_dword_800E2424;
int SECTION(".bss") rank_dword_800E2428;
int SECTION(".bss") rank_dword_800E242C;
int SECTION(".bss") rank_dword_800E2430;
int SECTION(".bss") rank_dword_800E2434;
int SECTION(".bss") rank_dword_800E2438;
int SECTION(".bss") rank_dword_800E243C;
int SECTION(".bss") rank_dword_800E2440;
int SECTION(".bss") rank_dword_800E2444;
int SECTION(".bss") rank_dword_800E2448;
int SECTION(".bss") rank_dword_800E244C;
int SECTION(".bss") rank_dword_800E2450;
int SECTION(".bss") rank_dword_800E2454;
int SECTION(".bss") rank_dword_800E2458;
int SECTION(".bss") rank_dword_800E245C;
int SECTION(".bss") rank_dword_800E2460;
int SECTION(".bss") rank_dword_800E2464;
int SECTION(".bss") rank_dword_800E2468;
int SECTION(".bss") rank_dword_800E246C;
int SECTION(".bss") rank_dword_800E2470;
int SECTION(".bss") rank_dword_800E2474;
int SECTION(".bss") rank_dword_800E2478;
int SECTION(".bss") rank_dword_800E247C;
int SECTION(".bss") rank_dword_800E2480;
int SECTION(".bss") rank_dword_800E2484;
int SECTION(".bss") rank_dword_800E2488;
int SECTION(".bss") rank_dword_800E248C;
int SECTION(".bss") rank_dword_800E2490;
int SECTION(".bss") rank_dword_800E2494;
int SECTION(".bss") rank_dword_800E2498;
int SECTION(".bss") rank_dword_800E249C;
int SECTION(".bss") rank_dword_800E24A0;
int SECTION(".bss") rank_dword_800E24A4;
int SECTION(".bss") rank_dword_800E24A8;
int SECTION(".bss") rank_dword_800E24AC;
int SECTION(".bss") rank_dword_800E24B0;
int SECTION(".bss") rank_dword_800E24B4;
int SECTION(".bss") rank_dword_800E24B8;
int SECTION(".bss") rank_dword_800E24BC;
int SECTION(".bss") rank_dword_800E24C0;
int SECTION(".bss") rank_dword_800E24C4;
int SECTION(".bss") rank_dword_800E24C8;
int SECTION(".bss") rank_dword_800E24CC;
int SECTION(".bss") rank_dword_800E24D0;
int SECTION(".bss") rank_dword_800E24D4;
int SECTION(".bss") rank_dword_800E24D8;
int SECTION(".bss") rank_dword_800E24DC;
int SECTION(".bss") rank_dword_800E24E0;
int SECTION(".bss") rank_dword_800E24E4;
int SECTION(".bss") rank_dword_800E24E8;
int SECTION(".bss") rank_dword_800E24EC;
int SECTION(".bss") rank_dword_800E24F0;
int SECTION(".bss") rank_dword_800E24F4;
int SECTION(".bss") rank_dword_800E24F8;
int SECTION(".bss") rank_dword_800E24FC;
int SECTION(".bss") rank_dword_800E2500;
int SECTION(".bss") rank_dword_800E2504;
int SECTION(".bss") rank_dword_800E2508;
int SECTION(".bss") rank_dword_800E250C;
int SECTION(".bss") rank_dword_800E2510;
int SECTION(".bss") rank_dword_800E2514;
int SECTION(".bss") rank_dword_800E2518;
int SECTION(".bss") rank_dword_800E251C;
int SECTION(".bss") rank_dword_800E2520;
int SECTION(".bss") rank_dword_800E2524;
int SECTION(".bss") rank_dword_800E2528;
int SECTION(".bss") rank_dword_800E252C;
int SECTION(".bss") rank_dword_800E2530;
int SECTION(".bss") rank_dword_800E2534;
int SECTION(".bss") rank_dword_800E2538;
int SECTION(".bss") rank_dword_800E253C;
int SECTION(".bss") rank_dword_800E2540;
int SECTION(".bss") rank_dword_800E2544;
int SECTION(".bss") rank_dword_800E2548;
int SECTION(".bss") rank_dword_800E254C;
int SECTION(".bss") rank_dword_800E2550;
int SECTION(".bss") rank_dword_800E2554;
int SECTION(".bss") rank_dword_800E2558;
int SECTION(".bss") rank_dword_800E255C;
int SECTION(".bss") rank_dword_800E2560;
int SECTION(".bss") rank_dword_800E2564;
int SECTION(".bss") rank_dword_800E2568;
int SECTION(".bss") rank_dword_800E256C;
int SECTION(".bss") rank_dword_800E2570;
int SECTION(".bss") rank_dword_800E2574;
int SECTION(".bss") rank_dword_800E2578;
int SECTION(".bss") rank_dword_800E257C;
int SECTION(".bss") rank_dword_800E2580;
int SECTION(".bss") rank_dword_800E2584;
int SECTION(".bss") rank_dword_800E2588;
int SECTION(".bss") rank_dword_800E258C;
int SECTION(".bss") rank_dword_800E2590;
int SECTION(".bss") rank_dword_800E2594;
int SECTION(".bss") rank_dword_800E2598;
int SECTION(".bss") rank_dword_800E259C;
int SECTION(".bss") rank_dword_800E25A0;
int SECTION(".bss") rank_dword_800E25A4;
int SECTION(".bss") rank_dword_800E25A8;
int SECTION(".bss") rank_dword_800E25AC;
int SECTION(".bss") rank_dword_800E25B0;
int SECTION(".bss") rank_dword_800E25B4;
int SECTION(".bss") rank_dword_800E25B8;
int SECTION(".bss") rank_dword_800E25BC;
int SECTION(".bss") rank_dword_800E25C0;
int SECTION(".bss") rank_dword_800E25C4;
int SECTION(".bss") rank_dword_800E25C8;
int SECTION(".bss") rank_dword_800E25CC;
int SECTION(".bss") rank_dword_800E25D0;
int SECTION(".bss") rank_dword_800E25D4;
int SECTION(".bss") rank_dword_800E25D8;
int SECTION(".bss") rank_dword_800E25DC;
int SECTION(".bss") rank_dword_800E25E0;
int SECTION(".bss") rank_dword_800E25E4;
int SECTION(".bss") rank_dword_800E25E8;
int SECTION(".bss") rank_dword_800E25EC;
int SECTION(".bss") rank_dword_800E25F0;
int SECTION(".bss") rank_dword_800E25F4;
int SECTION(".bss") rank_dword_800E25F8;
int SECTION(".bss") rank_dword_800E25FC;
int SECTION(".bss") rank_dword_800E2600;
int SECTION(".bss") rank_dword_800E2604;
int SECTION(".bss") rank_dword_800E2608;
int SECTION(".bss") rank_dword_800E260C;
int SECTION(".bss") rank_dword_800E2610;
int SECTION(".bss") rank_dword_800E2614;
int SECTION(".bss") rank_dword_800E2618;
int SECTION(".bss") rank_dword_800E261C;
int SECTION(".bss") rank_dword_800E2620;
int SECTION(".bss") rank_dword_800E2624;
int SECTION(".bss") rank_dword_800E2628;
int SECTION(".bss") rank_dword_800E262C;
int SECTION(".bss") rank_dword_800E2630;
int SECTION(".bss") rank_dword_800E2634;
int SECTION(".bss") rank_dword_800E2638;
int SECTION(".bss") rank_dword_800E263C;
int SECTION(".bss") rank_dword_800E2640;
int SECTION(".bss") rank_dword_800E2644;
int SECTION(".bss") rank_dword_800E2648;
int SECTION(".bss") rank_dword_800E264C;
int SECTION(".bss") rank_dword_800E2650;
int SECTION(".bss") rank_dword_800E2654;
int SECTION(".bss") rank_dword_800E2658;
int SECTION(".bss") rank_dword_800E265C;
int SECTION(".bss") rank_dword_800E2660;
int SECTION(".bss") rank_dword_800E2664;
int SECTION(".bss") rank_dword_800E2668;
int SECTION(".bss") rank_dword_800E266C;
int SECTION(".bss") rank_dword_800E2670;
int SECTION(".bss") rank_dword_800E2674;
int SECTION(".bss") rank_dword_800E2678;
int SECTION(".bss") rank_dword_800E267C;
int SECTION(".bss") rank_dword_800E2680;
int SECTION(".bss") rank_dword_800E2684;
int SECTION(".bss") rank_dword_800E2688;
int SECTION(".bss") rank_dword_800E268C;
int SECTION(".bss") rank_dword_800E2690;
int SECTION(".bss") rank_dword_800E2694;
int SECTION(".bss") rank_dword_800E2698;
int SECTION(".bss") rank_dword_800E269C;
int SECTION(".bss") rank_dword_800E26A0;
int SECTION(".bss") rank_dword_800E26A4;
int SECTION(".bss") rank_dword_800E26A8;
int SECTION(".bss") rank_dword_800E26AC;
int SECTION(".bss") rank_dword_800E26B0;
int SECTION(".bss") rank_dword_800E26B4;
int SECTION(".bss") rank_dword_800E26B8;
int SECTION(".bss") rank_dword_800E26BC;
int SECTION(".bss") rank_dword_800E26C0;
int SECTION(".bss") rank_dword_800E26C4;
int SECTION(".bss") rank_dword_800E26C8;
int SECTION(".bss") rank_dword_800E26CC;
int SECTION(".bss") rank_dword_800E26D0;
int SECTION(".bss") rank_dword_800E26D4;
int SECTION(".bss") rank_dword_800E26D8;
int SECTION(".bss") rank_dword_800E26DC;
int SECTION(".bss") rank_dword_800E26E0;
int SECTION(".bss") rank_dword_800E26E4;
int SECTION(".bss") rank_dword_800E26E8;
int SECTION(".bss") rank_dword_800E26EC;
int SECTION(".bss") rank_dword_800E26F0;
int SECTION(".bss") rank_dword_800E26F4;
int SECTION(".bss") rank_dword_800E26F8;
int SECTION(".bss") rank_dword_800E26FC;
int SECTION(".bss") rank_dword_800E2700;
int SECTION(".bss") rank_dword_800E2704;
int SECTION(".bss") rank_dword_800E2708;
int SECTION(".bss") rank_dword_800E270C;
int SECTION(".bss") rank_dword_800E2710;
int SECTION(".bss") rank_dword_800E2714;
int SECTION(".bss") rank_dword_800E2718;
int SECTION(".bss") rank_dword_800E271C;
int SECTION(".bss") rank_dword_800E2720;
int SECTION(".bss") rank_dword_800E2724;
int SECTION(".bss") rank_dword_800E2728;
int SECTION(".bss") rank_dword_800E272C;
int SECTION(".bss") rank_dword_800E2730;
int SECTION(".bss") rank_dword_800E2734;
int SECTION(".bss") rank_dword_800E2738;
int SECTION(".bss") rank_dword_800E273C;
int SECTION(".bss") rank_dword_800E2740;
int SECTION(".bss") rank_dword_800E2744;
int SECTION(".bss") rank_dword_800E2748;
int SECTION(".bss") rank_dword_800E274C;
int SECTION(".bss") rank_dword_800E2750;
int SECTION(".bss") rank_dword_800E2754;
int SECTION(".bss") rank_dword_800E2758;
int SECTION(".bss") rank_dword_800E275C;
int SECTION(".bss") rank_dword_800E2760;
int SECTION(".bss") rank_dword_800E2764;
int SECTION(".bss") rank_dword_800E2768;
int SECTION(".bss") rank_dword_800E276C;
int SECTION(".bss") rank_dword_800E2770;
int SECTION(".bss") rank_dword_800E2774;
int SECTION(".bss") rank_dword_800E2778;
int SECTION(".bss") rank_dword_800E277C;
int SECTION(".bss") rank_dword_800E2780;
int SECTION(".bss") rank_dword_800E2784;
int SECTION(".bss") rank_dword_800E2788;
int SECTION(".bss") rank_dword_800E278C;
int SECTION(".bss") rank_dword_800E2790;
int SECTION(".bss") rank_dword_800E2794;
int SECTION(".bss") rank_dword_800E2798;
int SECTION(".bss") rank_dword_800E279C;
int SECTION(".bss") rank_dword_800E27A0;
int SECTION(".bss") rank_dword_800E27A4;
int SECTION(".bss") rank_dword_800E27A8;
int SECTION(".bss") rank_dword_800E27AC;
int SECTION(".bss") rank_dword_800E27B0;
int SECTION(".bss") rank_dword_800E27B4;
int SECTION(".bss") rank_dword_800E27B8;
int SECTION(".bss") rank_dword_800E27BC;
int SECTION(".bss") rank_dword_800E27C0;
int SECTION(".bss") rank_dword_800E27C4;
int SECTION(".bss") rank_dword_800E27C8;
int SECTION(".bss") rank_dword_800E27CC;
int SECTION(".bss") rank_dword_800E27D0;
int SECTION(".bss") rank_dword_800E27D4;
int SECTION(".bss") rank_dword_800E27D8;
int SECTION(".bss") rank_dword_800E27DC;
int SECTION(".bss") rank_dword_800E27E0;
int SECTION(".bss") rank_dword_800E27E4;
int SECTION(".bss") rank_dword_800E27E8;
int SECTION(".bss") rank_dword_800E27EC;
int SECTION(".bss") rank_dword_800E27F0;
int SECTION(".bss") rank_dword_800E27F4;
int SECTION(".bss") rank_dword_800E27F8;
int SECTION(".bss") rank_dword_800E27FC;
int SECTION(".bss") rank_dword_800E2800;
int SECTION(".bss") rank_dword_800E2804;
int SECTION(".bss") rank_dword_800E2808;
int SECTION(".bss") rank_dword_800E280C;
int SECTION(".bss") rank_dword_800E2810;
int SECTION(".bss") rank_dword_800E2814;
int SECTION(".bss") rank_dword_800E2818;
int SECTION(".bss") rank_dword_800E281C;
int SECTION(".bss") rank_dword_800E2820;
int SECTION(".bss") rank_dword_800E2824;
int SECTION(".bss") rank_dword_800E2828;
int SECTION(".bss") rank_dword_800E282C;
int SECTION(".bss") rank_dword_800E2830;
int SECTION(".bss") rank_dword_800E2834;
int SECTION(".bss") rank_dword_800E2838;
int SECTION(".bss") rank_dword_800E283C;
int SECTION(".bss") rank_dword_800E2840;
int SECTION(".bss") rank_dword_800E2844;
int SECTION(".bss") rank_dword_800E2848;
int SECTION(".bss") rank_dword_800E284C;
int SECTION(".bss") rank_dword_800E2850;
int SECTION(".bss") rank_dword_800E2854;
int SECTION(".bss") rank_dword_800E2858;
int SECTION(".bss") rank_dword_800E285C;
int SECTION(".bss") rank_dword_800E2860;
int SECTION(".bss") rank_dword_800E2864;
int SECTION(".bss") rank_dword_800E2868;
int SECTION(".bss") rank_dword_800E286C;
int SECTION(".bss") rank_dword_800E2870;
int SECTION(".bss") rank_dword_800E2874;
int SECTION(".bss") rank_dword_800E2878;
int SECTION(".bss") rank_dword_800E287C;
int SECTION(".bss") rank_dword_800E2880;
int SECTION(".bss") rank_dword_800E2884;
int SECTION(".bss") rank_dword_800E2888;
int SECTION(".bss") rank_dword_800E288C;
int SECTION(".bss") rank_dword_800E2890;
int SECTION(".bss") rank_dword_800E2894;
int SECTION(".bss") rank_dword_800E2898;
int SECTION(".bss") rank_dword_800E289C;
int SECTION(".bss") rank_dword_800E28A0;
int SECTION(".bss") rank_dword_800E28A4;
int SECTION(".bss") rank_dword_800E28A8;
int SECTION(".bss") rank_dword_800E28AC;
int SECTION(".bss") rank_dword_800E28B0;
int SECTION(".bss") rank_dword_800E28B4;
int SECTION(".bss") rank_dword_800E28B8;
int SECTION(".bss") rank_dword_800E28BC;
int SECTION(".bss") rank_dword_800E28C0;
int SECTION(".bss") rank_dword_800E28C4;
int SECTION(".bss") rank_dword_800E28C8;
int SECTION(".bss") rank_dword_800E28CC;
int SECTION(".bss") rank_dword_800E28D0;
int SECTION(".bss") rank_dword_800E28D4;
int SECTION(".bss") rank_dword_800E28D8;
int SECTION(".bss") rank_dword_800E28DC;
int SECTION(".bss") rank_dword_800E28E0;
int SECTION(".bss") rank_dword_800E28E4;
int SECTION(".bss") rank_dword_800E28E8;
int SECTION(".bss") rank_dword_800E28EC;
int SECTION(".bss") rank_dword_800E28F0;
int SECTION(".bss") rank_dword_800E28F4;
int SECTION(".bss") rank_dword_800E28F8;
int SECTION(".bss") rank_dword_800E28FC;
int SECTION(".bss") rank_dword_800E2900;
int SECTION(".bss") rank_dword_800E2904;
int SECTION(".bss") rank_dword_800E2908;
int SECTION(".bss") rank_dword_800E290C;
int SECTION(".bss") rank_dword_800E2910;
int SECTION(".bss") rank_dword_800E2914;
int SECTION(".bss") rank_dword_800E2918;
int SECTION(".bss") rank_dword_800E291C;
int SECTION(".bss") rank_dword_800E2920;
int SECTION(".bss") rank_dword_800E2924;
int SECTION(".bss") rank_dword_800E2928;
int SECTION(".bss") rank_dword_800E292C;
int SECTION(".bss") rank_dword_800E2930;
int SECTION(".bss") rank_dword_800E2934;
int SECTION(".bss") rank_dword_800E2938;
int SECTION(".bss") rank_dword_800E293C;
int SECTION(".bss") rank_dword_800E2940;
int SECTION(".bss") rank_dword_800E2944;
int SECTION(".bss") rank_dword_800E2948;
int SECTION(".bss") rank_dword_800E294C;
int SECTION(".bss") rank_dword_800E2950;
int SECTION(".bss") rank_dword_800E2954;
int SECTION(".bss") rank_dword_800E2958;
int SECTION(".bss") rank_dword_800E295C;
int SECTION(".bss") rank_dword_800E2960;
int SECTION(".bss") rank_dword_800E2964;
int SECTION(".bss") rank_dword_800E2968;
int SECTION(".bss") rank_dword_800E296C;
int SECTION(".bss") rank_dword_800E2970;
int SECTION(".bss") rank_dword_800E2974;
int SECTION(".bss") rank_dword_800E2978;
int SECTION(".bss") rank_dword_800E297C;
int SECTION(".bss") rank_dword_800E2980;
int SECTION(".bss") rank_dword_800E2984;
int SECTION(".bss") rank_dword_800E2988;
int SECTION(".bss") rank_dword_800E298C;
int SECTION(".bss") rank_dword_800E2990;
int SECTION(".bss") rank_dword_800E2994;
int SECTION(".bss") rank_dword_800E2998;
int SECTION(".bss") rank_dword_800E299C;
int SECTION(".bss") rank_dword_800E29A0;
int SECTION(".bss") rank_dword_800E29A4;
int SECTION(".bss") rank_dword_800E29A8;
int SECTION(".bss") rank_dword_800E29AC;
int SECTION(".bss") rank_dword_800E29B0;
int SECTION(".bss") rank_dword_800E29B4;
int SECTION(".bss") rank_dword_800E29B8;
int SECTION(".bss") rank_dword_800E29BC;
int SECTION(".bss") rank_dword_800E29C0;
int SECTION(".bss") rank_dword_800E29C4;
int SECTION(".bss") rank_dword_800E29C8;
int SECTION(".bss") rank_dword_800E29CC;
int SECTION(".bss") rank_dword_800E29D0;
int SECTION(".bss") rank_dword_800E29D4;
int SECTION(".bss") rank_dword_800E29D8;
int SECTION(".bss") rank_dword_800E29DC;
int SECTION(".bss") rank_dword_800E29E0;
int SECTION(".bss") rank_dword_800E29E4;
int SECTION(".bss") rank_dword_800E29E8;
int SECTION(".bss") rank_dword_800E29EC;
int SECTION(".bss") rank_dword_800E29F0;
int SECTION(".bss") rank_dword_800E29F4;
int SECTION(".bss") rank_dword_800E29F8;
int SECTION(".bss") rank_dword_800E29FC;
int SECTION(".bss") rank_dword_800E2A00;
int SECTION(".bss") rank_dword_800E2A04;
int SECTION(".bss") rank_dword_800E2A08;
int SECTION(".bss") rank_dword_800E2A0C;
int SECTION(".bss") rank_dword_800E2A10;
int SECTION(".bss") rank_dword_800E2A14;
int SECTION(".bss") rank_dword_800E2A18;
int SECTION(".bss") rank_dword_800E2A1C;
int SECTION(".bss") rank_dword_800E2A20;
int SECTION(".bss") rank_dword_800E2A24;
int SECTION(".bss") rank_dword_800E2A28;
int SECTION(".bss") rank_dword_800E2A2C;
int SECTION(".bss") rank_dword_800E2A30;
int SECTION(".bss") rank_dword_800E2A34;
int SECTION(".bss") rank_dword_800E2A38;
int SECTION(".bss") rank_dword_800E2A3C;
int SECTION(".bss") rank_dword_800E2A40;
int SECTION(".bss") rank_dword_800E2A44;
int SECTION(".bss") rank_dword_800E2A48;
int SECTION(".bss") rank_dword_800E2A4C;
int SECTION(".bss") rank_dword_800E2A50;
int SECTION(".bss") rank_dword_800E2A54;
int SECTION(".bss") rank_dword_800E2A58;
int SECTION(".bss") rank_dword_800E2A5C;
int SECTION(".bss") rank_dword_800E2A60;
int SECTION(".bss") rank_dword_800E2A64;
int SECTION(".bss") rank_dword_800E2A68;
int SECTION(".bss") rank_dword_800E2A6C;
int SECTION(".bss") rank_dword_800E2A70;
int SECTION(".bss") rank_dword_800E2A74;
int SECTION(".bss") rank_dword_800E2A78;
int SECTION(".bss") rank_dword_800E2A7C;
int SECTION(".bss") rank_dword_800E2A80;
int SECTION(".bss") rank_dword_800E2A84;
int SECTION(".bss") rank_dword_800E2A88;
int SECTION(".bss") rank_dword_800E2A8C;
int SECTION(".bss") rank_dword_800E2A90;
int SECTION(".bss") rank_dword_800E2A94;
int SECTION(".bss") rank_dword_800E2A98;
int SECTION(".bss") rank_dword_800E2A9C;
int SECTION(".bss") rank_dword_800E2AA0;
int SECTION(".bss") rank_dword_800E2AA4;
int SECTION(".bss") rank_dword_800E2AA8;
int SECTION(".bss") rank_dword_800E2AAC;
int SECTION(".bss") rank_dword_800E2AB0;
int SECTION(".bss") rank_dword_800E2AB4;
int SECTION(".bss") rank_dword_800E2AB8;
int SECTION(".bss") rank_dword_800E2ABC;
int SECTION(".bss") rank_dword_800E2AC0;
int SECTION(".bss") rank_dword_800E2AC4;
int SECTION(".bss") rank_dword_800E2AC8;
int SECTION(".bss") rank_dword_800E2ACC;
int SECTION(".bss") rank_dword_800E2AD0;
int SECTION(".bss") rank_dword_800E2AD4;
int SECTION(".bss") rank_dword_800E2AD8;
int SECTION(".bss") rank_dword_800E2ADC;
int SECTION(".bss") rank_dword_800E2AE0;
int SECTION(".bss") rank_dword_800E2AE4;
int SECTION(".bss") rank_dword_800E2AE8;
int SECTION(".bss") rank_dword_800E2AEC;
int SECTION(".bss") rank_dword_800E2AF0;
int SECTION(".bss") rank_dword_800E2AF4;
int SECTION(".bss") rank_dword_800E2AF8;
int SECTION(".bss") rank_dword_800E2AFC;
int SECTION(".bss") rank_dword_800E2B00;
int SECTION(".bss") rank_dword_800E2B04;
int SECTION(".bss") rank_dword_800E2B08;
int SECTION(".bss") rank_dword_800E2B0C;
int SECTION(".bss") rank_dword_800E2B10;
int SECTION(".bss") rank_dword_800E2B14;
int SECTION(".bss") rank_dword_800E2B18;
int SECTION(".bss") rank_dword_800E2B1C;
int SECTION(".bss") rank_dword_800E2B20;
int SECTION(".bss") rank_dword_800E2B24;
int SECTION(".bss") rank_dword_800E2B28;
int SECTION(".bss") rank_dword_800E2B2C;
int SECTION(".bss") rank_dword_800E2B30;
int SECTION(".bss") rank_dword_800E2B34;
int SECTION(".bss") rank_dword_800E2B38;
int SECTION(".bss") rank_dword_800E2B3C;
int SECTION(".bss") rank_dword_800E2B40;
int SECTION(".bss") rank_dword_800E2B44;
int SECTION(".bss") rank_dword_800E2B48;
int SECTION(".bss") rank_dword_800E2B4C;
int SECTION(".bss") rank_dword_800E2B50;
int SECTION(".bss") rank_dword_800E2B54;
int SECTION(".bss") rank_dword_800E2B58;
int SECTION(".bss") rank_dword_800E2B5C;
int SECTION(".bss") rank_dword_800E2B60;
int SECTION(".bss") rank_dword_800E2B64;
int SECTION(".bss") rank_dword_800E2B68;
int SECTION(".bss") rank_dword_800E2B6C;
int SECTION(".bss") rank_dword_800E2B70;
int SECTION(".bss") rank_dword_800E2B74;
int SECTION(".bss") rank_dword_800E2B78;
int SECTION(".bss") rank_dword_800E2B7C;
int SECTION(".bss") rank_dword_800E2B80;
int SECTION(".bss") rank_dword_800E2B84;
int SECTION(".bss") rank_dword_800E2B88;
int SECTION(".bss") rank_dword_800E2B8C;
int SECTION(".bss") rank_dword_800E2B90;
int SECTION(".bss") rank_dword_800E2B94;
int SECTION(".bss") rank_dword_800E2B98;
int SECTION(".bss") rank_dword_800E2B9C;
int SECTION(".bss") rank_dword_800E2BA0;
int SECTION(".bss") rank_dword_800E2BA4;
int SECTION(".bss") rank_dword_800E2BA8;
int SECTION(".bss") rank_dword_800E2BAC;
int SECTION(".bss") rank_dword_800E2BB0;
int SECTION(".bss") rank_dword_800E2BB4;
int SECTION(".bss") rank_dword_800E2BB8;
int SECTION(".bss") rank_dword_800E2BBC;
int SECTION(".bss") rank_dword_800E2BC0;
int SECTION(".bss") rank_dword_800E2BC4;
int SECTION(".bss") rank_dword_800E2BC8;
int SECTION(".bss") rank_dword_800E2BCC;
int SECTION(".bss") rank_dword_800E2BD0;
int SECTION(".bss") rank_dword_800E2BD4;
int SECTION(".bss") rank_dword_800E2BD8;
int SECTION(".bss") rank_dword_800E2BDC;
int SECTION(".bss") rank_dword_800E2BE0;
int SECTION(".bss") rank_dword_800E2BE4;
int SECTION(".bss") rank_dword_800E2BE8;
int SECTION(".bss") rank_dword_800E2BEC;
int SECTION(".bss") rank_dword_800E2BF0;
int SECTION(".bss") rank_dword_800E2BF4;
int SECTION(".bss") rank_dword_800E2BF8;
int SECTION(".bss") rank_dword_800E2BFC;
int SECTION(".bss") rank_dword_800E2C00;
int SECTION(".bss") rank_dword_800E2C04;
int SECTION(".bss") rank_dword_800E2C08;
int SECTION(".bss") rank_dword_800E2C0C;
int SECTION(".bss") rank_dword_800E2C10;
int SECTION(".bss") rank_dword_800E2C14;
int SECTION(".bss") rank_dword_800E2C18;
int SECTION(".bss") rank_dword_800E2C1C;
int SECTION(".bss") rank_dword_800E2C20;
int SECTION(".bss") rank_dword_800E2C24;
int SECTION(".bss") rank_dword_800E2C28;
int SECTION(".bss") rank_dword_800E2C2C;
int SECTION(".bss") rank_dword_800E2C30;
int SECTION(".bss") rank_dword_800E2C34;
int SECTION(".bss") rank_dword_800E2C38;
int SECTION(".bss") rank_dword_800E2C3C;
int SECTION(".bss") rank_dword_800E2C40;
int SECTION(".bss") rank_dword_800E2C44;
int SECTION(".bss") rank_dword_800E2C48;
int SECTION(".bss") rank_dword_800E2C4C;
int SECTION(".bss") rank_dword_800E2C50;
int SECTION(".bss") rank_dword_800E2C54;
int SECTION(".bss") rank_dword_800E2C58;
int SECTION(".bss") rank_dword_800E2C5C;
int SECTION(".bss") rank_dword_800E2C60;
int SECTION(".bss") rank_dword_800E2C64;
int SECTION(".bss") rank_dword_800E2C68;
int SECTION(".bss") rank_dword_800E2C6C;
int SECTION(".bss") rank_dword_800E2C70;
int SECTION(".bss") rank_dword_800E2C74;
int SECTION(".bss") rank_dword_800E2C78;
int SECTION(".bss") rank_dword_800E2C7C;
int SECTION(".bss") rank_dword_800E2C80;
int SECTION(".bss") rank_dword_800E2C84;
int SECTION(".bss") rank_dword_800E2C88;
int SECTION(".bss") rank_dword_800E2C8C;
int SECTION(".bss") rank_dword_800E2C90;
int SECTION(".bss") rank_dword_800E2C94;
int SECTION(".bss") rank_dword_800E2C98;
int SECTION(".bss") rank_dword_800E2C9C;
int SECTION(".bss") rank_dword_800E2CA0;
int SECTION(".bss") rank_dword_800E2CA4;
int SECTION(".bss") rank_dword_800E2CA8;
int SECTION(".bss") rank_dword_800E2CAC;
int SECTION(".bss") rank_dword_800E2CB0;
int SECTION(".bss") rank_dword_800E2CB4;
int SECTION(".bss") rank_dword_800E2CB8;
int SECTION(".bss") rank_dword_800E2CBC;
int SECTION(".bss") rank_dword_800E2CC0;
int SECTION(".bss") rank_dword_800E2CC4;
int SECTION(".bss") rank_dword_800E2CC8;
int SECTION(".bss") rank_dword_800E2CCC;
int SECTION(".bss") rank_dword_800E2CD0;
int SECTION(".bss") rank_dword_800E2CD4;
int SECTION(".bss") rank_dword_800E2CD8;
int SECTION(".bss") rank_dword_800E2CDC;
int SECTION(".bss") rank_dword_800E2CE0;
int SECTION(".bss") rank_dword_800E2CE4;
int SECTION(".bss") rank_dword_800E2CE8;
int SECTION(".bss") rank_dword_800E2CEC;
int SECTION(".bss") rank_dword_800E2CF0;
int SECTION(".bss") rank_dword_800E2CF4;
int SECTION(".bss") rank_dword_800E2CF8;
int SECTION(".bss") rank_dword_800E2CFC;
int SECTION(".bss") rank_dword_800E2D00;
int SECTION(".bss") rank_dword_800E2D04;
int SECTION(".bss") rank_dword_800E2D08;
int SECTION(".bss") rank_dword_800E2D0C;
int SECTION(".bss") rank_dword_800E2D10;
int SECTION(".bss") rank_dword_800E2D14;
int SECTION(".bss") rank_dword_800E2D18;
int SECTION(".bss") rank_dword_800E2D1C;
int SECTION(".bss") rank_dword_800E2D20;
int SECTION(".bss") rank_dword_800E2D24;
int SECTION(".bss") rank_dword_800E2D28;
int SECTION(".bss") rank_dword_800E2D2C;
int SECTION(".bss") rank_dword_800E2D30;
int SECTION(".bss") rank_dword_800E2D34;
int SECTION(".bss") rank_dword_800E2D38;
int SECTION(".bss") rank_dword_800E2D3C;
int SECTION(".bss") rank_dword_800E2D40;
int SECTION(".bss") rank_dword_800E2D44;
int SECTION(".bss") rank_dword_800E2D48;
int SECTION(".bss") rank_dword_800E2D4C;
int SECTION(".bss") rank_dword_800E2D50;
int SECTION(".bss") rank_dword_800E2D54;
int SECTION(".bss") rank_dword_800E2D58;
int SECTION(".bss") rank_dword_800E2D5C;
int SECTION(".bss") rank_dword_800E2D60;
int SECTION(".bss") rank_dword_800E2D64;
int SECTION(".bss") rank_dword_800E2D68;
int SECTION(".bss") rank_dword_800E2D6C;
int SECTION(".bss") rank_dword_800E2D70;
int SECTION(".bss") rank_dword_800E2D74;
int SECTION(".bss") rank_dword_800E2D78;
int SECTION(".bss") rank_dword_800E2D7C;
int SECTION(".bss") rank_dword_800E2D80;
int SECTION(".bss") rank_dword_800E2D84;
int SECTION(".bss") rank_dword_800E2D88;
int SECTION(".bss") rank_dword_800E2D8C;
int SECTION(".bss") rank_dword_800E2D90;
int SECTION(".bss") rank_dword_800E2D94;
int SECTION(".bss") rank_dword_800E2D98;
int SECTION(".bss") rank_dword_800E2D9C;
int SECTION(".bss") rank_dword_800E2DA0;
int SECTION(".bss") rank_dword_800E2DA4;
int SECTION(".bss") rank_dword_800E2DA8;
int SECTION(".bss") rank_dword_800E2DAC;
int SECTION(".bss") rank_dword_800E2DB0;
int SECTION(".bss") rank_dword_800E2DB4;
int SECTION(".bss") rank_dword_800E2DB8;
int SECTION(".bss") rank_dword_800E2DBC;
int SECTION(".bss") rank_dword_800E2DC0;
int SECTION(".bss") rank_dword_800E2DC4;
int SECTION(".bss") rank_dword_800E2DC8;
int SECTION(".bss") rank_dword_800E2DCC;
int SECTION(".bss") rank_dword_800E2DD0;
int SECTION(".bss") rank_dword_800E2DD4;
int SECTION(".bss") rank_dword_800E2DD8;
int SECTION(".bss") rank_dword_800E2DDC;
int SECTION(".bss") rank_dword_800E2DE0;
int SECTION(".bss") rank_dword_800E2DE4;
int SECTION(".bss") rank_dword_800E2DE8;
int SECTION(".bss") rank_dword_800E2DEC;
int SECTION(".bss") rank_dword_800E2DF0;
int SECTION(".bss") rank_dword_800E2DF4;
int SECTION(".bss") rank_dword_800E2DF8;
int SECTION(".bss") rank_dword_800E2DFC;
int SECTION(".bss") rank_dword_800E2E00;
int SECTION(".bss") rank_dword_800E2E04;
int SECTION(".bss") rank_dword_800E2E08;
int SECTION(".bss") rank_dword_800E2E0C;
int SECTION(".bss") rank_dword_800E2E10;
int SECTION(".bss") rank_dword_800E2E14;
int SECTION(".bss") rank_dword_800E2E18;
int SECTION(".bss") rank_dword_800E2E1C;
int SECTION(".bss") rank_dword_800E2E20;
int SECTION(".bss") rank_dword_800E2E24;
int SECTION(".bss") rank_dword_800E2E28;
int SECTION(".bss") rank_dword_800E2E2C;
int SECTION(".bss") rank_dword_800E2E30;
int SECTION(".bss") rank_dword_800E2E34;
int SECTION(".bss") rank_dword_800E2E38;
int SECTION(".bss") rank_dword_800E2E3C;
int SECTION(".bss") rank_dword_800E2E40;
int SECTION(".bss") rank_dword_800E2E44;
int SECTION(".bss") rank_dword_800E2E48;
int SECTION(".bss") rank_dword_800E2E4C;
int SECTION(".bss") rank_dword_800E2E50;
int SECTION(".bss") rank_dword_800E2E54;
int SECTION(".bss") rank_dword_800E2E58;
int SECTION(".bss") rank_dword_800E2E5C;
int SECTION(".bss") rank_dword_800E2E60;
int SECTION(".bss") rank_dword_800E2E64;
int SECTION(".bss") rank_dword_800E2E68;
int SECTION(".bss") rank_dword_800E2E6C;
int SECTION(".bss") rank_dword_800E2E70;
int SECTION(".bss") rank_dword_800E2E74;
int SECTION(".bss") rank_dword_800E2E78;
int SECTION(".bss") rank_dword_800E2E7C;
int SECTION(".bss") rank_dword_800E2E80;
int SECTION(".bss") rank_dword_800E2E84;
int SECTION(".bss") rank_dword_800E2E88;
int SECTION(".bss") rank_dword_800E2E8C;
int SECTION(".bss") rank_dword_800E2E90;
int SECTION(".bss") rank_dword_800E2E94;
int SECTION(".bss") rank_dword_800E2E98;
int SECTION(".bss") rank_dword_800E2E9C;
int SECTION(".bss") rank_dword_800E2EA0;
int SECTION(".bss") rank_dword_800E2EA4;
int SECTION(".bss") rank_dword_800E2EA8;
int SECTION(".bss") rank_dword_800E2EAC;
int SECTION(".bss") rank_dword_800E2EB0;
int SECTION(".bss") rank_dword_800E2EB4;
int SECTION(".bss") rank_dword_800E2EB8;
int SECTION(".bss") rank_dword_800E2EBC;
int SECTION(".bss") rank_dword_800E2EC0;
int SECTION(".bss") rank_dword_800E2EC4;
int SECTION(".bss") rank_dword_800E2EC8;
int SECTION(".bss") rank_dword_800E2ECC;
int SECTION(".bss") rank_dword_800E2ED0;
int SECTION(".bss") rank_dword_800E2ED4;
int SECTION(".bss") rank_dword_800E2ED8;
int SECTION(".bss") rank_dword_800E2EDC;
int SECTION(".bss") rank_dword_800E2EE0;
int SECTION(".bss") rank_dword_800E2EE4;
int SECTION(".bss") rank_dword_800E2EE8;
int SECTION(".bss") rank_dword_800E2EEC;
int SECTION(".bss") rank_dword_800E2EF0;
int SECTION(".bss") rank_dword_800E2EF4;
int SECTION(".bss") rank_dword_800E2EF8;
int SECTION(".bss") rank_dword_800E2EFC;
int SECTION(".bss") rank_dword_800E2F00;
int SECTION(".bss") rank_dword_800E2F04;
int SECTION(".bss") rank_dword_800E2F08;
int SECTION(".bss") rank_dword_800E2F0C;
int SECTION(".bss") rank_dword_800E2F10;
int SECTION(".bss") rank_dword_800E2F14;
int SECTION(".bss") rank_dword_800E2F18;
int SECTION(".bss") rank_dword_800E2F1C;
int SECTION(".bss") rank_dword_800E2F20;
int SECTION(".bss") rank_dword_800E2F24;
int SECTION(".bss") rank_dword_800E2F28;
int SECTION(".bss") rank_dword_800E2F2C;
int SECTION(".bss") rank_dword_800E2F30;
int SECTION(".bss") rank_dword_800E2F34;
int SECTION(".bss") rank_dword_800E2F38;
int SECTION(".bss") rank_dword_800E2F3C;
int SECTION(".bss") rank_dword_800E2F40;
int SECTION(".bss") rank_dword_800E2F44;
int SECTION(".bss") rank_dword_800E2F48;
int SECTION(".bss") rank_dword_800E2F4C;
int SECTION(".bss") rank_dword_800E2F50;
int SECTION(".bss") rank_dword_800E2F54;
int SECTION(".bss") rank_dword_800E2F58;
int SECTION(".bss") rank_dword_800E2F5C;
int SECTION(".bss") rank_dword_800E2F60;
int SECTION(".bss") rank_dword_800E2F64;
int SECTION(".bss") rank_dword_800E2F68;
int SECTION(".bss") rank_dword_800E2F6C;
int SECTION(".bss") rank_dword_800E2F70;
int SECTION(".bss") rank_dword_800E2F74;
int SECTION(".bss") rank_dword_800E2F78;
int SECTION(".bss") rank_dword_800E2F7C;
int SECTION(".bss") rank_dword_800E2F80;
int SECTION(".bss") rank_dword_800E2F84;
int SECTION(".bss") rank_dword_800E2F88;
int SECTION(".bss") rank_dword_800E2F8C;
int SECTION(".bss") rank_dword_800E2F90;
int SECTION(".bss") rank_dword_800E2F94;
int SECTION(".bss") rank_dword_800E2F98;
int SECTION(".bss") rank_dword_800E2F9C;
int SECTION(".bss") rank_dword_800E2FA0;
int SECTION(".bss") rank_dword_800E2FA4;
int SECTION(".bss") rank_dword_800E2FA8;
int SECTION(".bss") rank_dword_800E2FAC;
int SECTION(".bss") rank_dword_800E2FB0;
int SECTION(".bss") rank_dword_800E2FB4;
int SECTION(".bss") rank_dword_800E2FB8;
int SECTION(".bss") rank_dword_800E2FBC;
int SECTION(".bss") rank_dword_800E2FC0;
int SECTION(".bss") rank_dword_800E2FC4;
int SECTION(".bss") rank_dword_800E2FC8;
int SECTION(".bss") rank_dword_800E2FCC;
int SECTION(".bss") rank_dword_800E2FD0;
int SECTION(".bss") rank_dword_800E2FD4;
int SECTION(".bss") rank_dword_800E2FD8;
int SECTION(".bss") rank_dword_800E2FDC;
int SECTION(".bss") rank_dword_800E2FE0;
int SECTION(".bss") rank_dword_800E2FE4;
int SECTION(".bss") rank_dword_800E2FE8;
int SECTION(".bss") rank_dword_800E2FEC;
int SECTION(".bss") rank_dword_800E2FF0;
int SECTION(".bss") rank_dword_800E2FF4;
int SECTION(".bss") rank_dword_800E2FF8;
int SECTION(".bss") rank_dword_800E2FFC;
int SECTION(".bss") rank_dword_800E3000;
int SECTION(".bss") rank_dword_800E3004;
int SECTION(".bss") rank_dword_800E3008;
int SECTION(".bss") rank_dword_800E300C;
int SECTION(".bss") rank_dword_800E3010;
int SECTION(".bss") rank_dword_800E3014;
int SECTION(".bss") rank_dword_800E3018;
int SECTION(".bss") rank_dword_800E301C;
int SECTION(".bss") rank_dword_800E3020;
int SECTION(".bss") rank_dword_800E3024;
int SECTION(".bss") rank_dword_800E3028;
int SECTION(".bss") rank_dword_800E302C;
int SECTION(".bss") rank_dword_800E3030;
int SECTION(".bss") rank_dword_800E3034;
int SECTION(".bss") rank_dword_800E3038;
int SECTION(".bss") rank_dword_800E303C;
int SECTION(".bss") rank_dword_800E3040;
int SECTION(".bss") rank_dword_800E3044;
int SECTION(".bss") rank_dword_800E3048;
int SECTION(".bss") rank_dword_800E304C;
int SECTION(".bss") rank_dword_800E3050;
int SECTION(".bss") rank_dword_800E3054;
int SECTION(".bss") rank_dword_800E3058;
int SECTION(".bss") rank_dword_800E305C;
int SECTION(".bss") rank_dword_800E3060;
int SECTION(".bss") rank_dword_800E3064;
int SECTION(".bss") rank_dword_800E3068;
int SECTION(".bss") rank_dword_800E306C;
int SECTION(".bss") rank_dword_800E3070;
int SECTION(".bss") rank_dword_800E3074;
int SECTION(".bss") rank_dword_800E3078;
int SECTION(".bss") rank_dword_800E307C;
int SECTION(".bss") rank_dword_800E3080;
int SECTION(".bss") rank_dword_800E3084;
int SECTION(".bss") rank_dword_800E3088;
int SECTION(".bss") rank_dword_800E308C;
int SECTION(".bss") rank_dword_800E3090;
int SECTION(".bss") rank_dword_800E3094;
int SECTION(".bss") rank_dword_800E3098;
int SECTION(".bss") rank_dword_800E309C;
int SECTION(".bss") rank_dword_800E30A0;
int SECTION(".bss") rank_dword_800E30A4;
int SECTION(".bss") rank_dword_800E30A8;
int SECTION(".bss") rank_dword_800E30AC;
int SECTION(".bss") rank_dword_800E30B0;
int SECTION(".bss") rank_dword_800E30B4;
int SECTION(".bss") rank_dword_800E30B8;
int SECTION(".bss") rank_dword_800E30BC;
int SECTION(".bss") rank_dword_800E30C0;
int SECTION(".bss") rank_dword_800E30C4;
int SECTION(".bss") rank_dword_800E30C8;
int SECTION(".bss") rank_dword_800E30CC;
int SECTION(".bss") rank_dword_800E30D0;
int SECTION(".bss") rank_dword_800E30D4;
int SECTION(".bss") rank_dword_800E30D8;
int SECTION(".bss") rank_dword_800E30DC;
int SECTION(".bss") rank_dword_800E30E0;
int SECTION(".bss") rank_dword_800E30E4;
int SECTION(".bss") rank_dword_800E30E8;
int SECTION(".bss") rank_dword_800E30EC;
int SECTION(".bss") rank_dword_800E30F0;
int SECTION(".bss") rank_dword_800E30F4;
int SECTION(".bss") rank_dword_800E30F8;
int SECTION(".bss") rank_dword_800E30FC;
int SECTION(".bss") rank_dword_800E3100;
int SECTION(".bss") rank_dword_800E3104;
int SECTION(".bss") rank_dword_800E3108;
int SECTION(".bss") rank_dword_800E310C;
int SECTION(".bss") rank_dword_800E3110;
int SECTION(".bss") rank_dword_800E3114;
int SECTION(".bss") rank_dword_800E3118;
int SECTION(".bss") rank_dword_800E311C;
int SECTION(".bss") rank_dword_800E3120;
int SECTION(".bss") rank_dword_800E3124;
int SECTION(".bss") rank_dword_800E3128;
int SECTION(".bss") rank_dword_800E312C;
int SECTION(".bss") rank_dword_800E3130;
int SECTION(".bss") rank_dword_800E3134;
int SECTION(".bss") rank_dword_800E3138;
int SECTION(".bss") rank_dword_800E313C;
int SECTION(".bss") rank_dword_800E3140;
int SECTION(".bss") rank_dword_800E3144;
int SECTION(".bss") rank_dword_800E3148;
int SECTION(".bss") rank_dword_800E314C;
int SECTION(".bss") rank_dword_800E3150;
int SECTION(".bss") rank_dword_800E3154;
int SECTION(".bss") rank_dword_800E3158;
int SECTION(".bss") rank_dword_800E315C;
int SECTION(".bss") rank_dword_800E3160;
int SECTION(".bss") rank_dword_800E3164;
int SECTION(".bss") rank_dword_800E3168;
int SECTION(".bss") rank_dword_800E316C;
int SECTION(".bss") rank_dword_800E3170;
int SECTION(".bss") rank_dword_800E3174;
int SECTION(".bss") rank_dword_800E3178;
int SECTION(".bss") rank_dword_800E317C;
int SECTION(".bss") rank_dword_800E3180;
int SECTION(".bss") rank_dword_800E3184;
int SECTION(".bss") rank_dword_800E3188;
int SECTION(".bss") rank_dword_800E318C;
int SECTION(".bss") rank_dword_800E3190;
int SECTION(".bss") rank_dword_800E3194;
int SECTION(".bss") rank_dword_800E3198;
int SECTION(".bss") rank_dword_800E319C;
int SECTION(".bss") rank_dword_800E31A0;
int SECTION(".bss") rank_dword_800E31A4;
int SECTION(".bss") rank_dword_800E31A8;
int SECTION(".bss") rank_dword_800E31AC;
int SECTION(".bss") rank_dword_800E31B0;
int SECTION(".bss") rank_dword_800E31B4;
int SECTION(".bss") rank_dword_800E31B8;
int SECTION(".bss") rank_dword_800E31BC;
int SECTION(".bss") rank_dword_800E31C0;
int SECTION(".bss") rank_dword_800E31C4;
int SECTION(".bss") rank_dword_800E31C8;
int SECTION(".bss") rank_dword_800E31CC;
int SECTION(".bss") rank_dword_800E31D0;
int SECTION(".bss") rank_dword_800E31D4;
int SECTION(".bss") rank_dword_800E31D8;
int SECTION(".bss") rank_dword_800E31DC;
int SECTION(".bss") rank_dword_800E31E0;
int SECTION(".bss") rank_dword_800E31E4;
int SECTION(".bss") rank_dword_800E31E8;
int SECTION(".bss") rank_dword_800E31EC;
int SECTION(".bss") rank_dword_800E31F0;
int SECTION(".bss") rank_dword_800E31F4;
int SECTION(".bss") rank_dword_800E31F8;
int SECTION(".bss") rank_dword_800E31FC;
int SECTION(".bss") rank_dword_800E3200;
int SECTION(".bss") rank_dword_800E3204;
int SECTION(".bss") rank_dword_800E3208;
int SECTION(".bss") rank_dword_800E320C;
int SECTION(".bss") rank_dword_800E3210;
int SECTION(".bss") rank_dword_800E3214;
int SECTION(".bss") rank_dword_800E3218;
int SECTION(".bss") rank_dword_800E321C;
int SECTION(".bss") rank_dword_800E3220;
int SECTION(".bss") rank_dword_800E3224;
int SECTION(".bss") rank_dword_800E3228;
int SECTION(".bss") rank_dword_800E322C;
int SECTION(".bss") rank_dword_800E3230;
int SECTION(".bss") rank_dword_800E3234;
int SECTION(".bss") rank_dword_800E3238;
int SECTION(".bss") rank_dword_800E323C;
int SECTION(".bss") rank_dword_800E3240;
int SECTION(".bss") rank_dword_800E3244;
int SECTION(".bss") rank_dword_800E3248;
int SECTION(".bss") rank_dword_800E324C;
int SECTION(".bss") rank_dword_800E3250;
int SECTION(".bss") rank_dword_800E3254;
int SECTION(".bss") rank_dword_800E3258;
int SECTION(".bss") rank_dword_800E325C;
int SECTION(".bss") rank_dword_800E3260;
int SECTION(".bss") rank_dword_800E3264;
int SECTION(".bss") rank_dword_800E3268;
int SECTION(".bss") rank_dword_800E326C;
int SECTION(".bss") rank_dword_800E3270;
int SECTION(".bss") rank_dword_800E3274;
int SECTION(".bss") rank_dword_800E3278;
int SECTION(".bss") rank_dword_800E327C;
int SECTION(".bss") rank_dword_800E3280;
int SECTION(".bss") rank_dword_800E3284;
int SECTION(".bss") rank_dword_800E3288;
int SECTION(".bss") rank_dword_800E328C;
int SECTION(".bss") rank_dword_800E3290;
int SECTION(".bss") rank_dword_800E3294;
int SECTION(".bss") rank_dword_800E3298;
int SECTION(".bss") rank_dword_800E329C;
int SECTION(".bss") rank_dword_800E32A0;
int SECTION(".bss") rank_dword_800E32A4;
int SECTION(".bss") rank_dword_800E32A8;
int SECTION(".bss") rank_dword_800E32AC;
int SECTION(".bss") rank_dword_800E32B0;
int SECTION(".bss") rank_dword_800E32B4;
int SECTION(".bss") rank_dword_800E32B8;
int SECTION(".bss") rank_dword_800E32BC;
int SECTION(".bss") rank_dword_800E32C0;
int SECTION(".bss") rank_dword_800E32C4;
int SECTION(".bss") rank_dword_800E32C8;
int SECTION(".bss") rank_dword_800E32CC;
int SECTION(".bss") rank_dword_800E32D0;
int SECTION(".bss") rank_dword_800E32D4;
int SECTION(".bss") rank_dword_800E32D8;
int SECTION(".bss") rank_dword_800E32DC;
int SECTION(".bss") rank_dword_800E32E0;
int SECTION(".bss") rank_dword_800E32E4;
int SECTION(".bss") rank_dword_800E32E8;
int SECTION(".bss") rank_dword_800E32EC;
int SECTION(".bss") rank_dword_800E32F0;
int SECTION(".bss") rank_dword_800E32F4;
int SECTION(".bss") rank_dword_800E32F8;
int SECTION(".bss") rank_dword_800E32FC;
int SECTION(".bss") rank_dword_800E3300;
int SECTION(".bss") rank_dword_800E3304;
int SECTION(".bss") rank_dword_800E3308;
int SECTION(".bss") rank_dword_800E330C;
int SECTION(".bss") rank_dword_800E3310;
int SECTION(".bss") rank_dword_800E3314;
int SECTION(".bss") rank_dword_800E3318;
int SECTION(".bss") rank_dword_800E331C;
int SECTION(".bss") rank_dword_800E3320;
int SECTION(".bss") rank_dword_800E3324;
int SECTION(".bss") rank_dword_800E3328;
int SECTION(".bss") rank_dword_800E332C;
int SECTION(".bss") rank_dword_800E3330;
int SECTION(".bss") rank_dword_800E3334;
int SECTION(".bss") rank_dword_800E3338;
int SECTION(".bss") rank_dword_800E333C;
int SECTION(".bss") rank_dword_800E3340;
int SECTION(".bss") rank_dword_800E3344;
int SECTION(".bss") rank_dword_800E3348;
int SECTION(".bss") rank_dword_800E334C;
int SECTION(".bss") rank_dword_800E3350;
int SECTION(".bss") rank_dword_800E3354;
int SECTION(".bss") rank_dword_800E3358;
int SECTION(".bss") rank_dword_800E335C;
int SECTION(".bss") rank_dword_800E3360;
int SECTION(".bss") rank_dword_800E3364;
int SECTION(".bss") rank_dword_800E3368;
int SECTION(".bss") rank_dword_800E336C;
int SECTION(".bss") rank_dword_800E3370;
int SECTION(".bss") rank_dword_800E3374;
int SECTION(".bss") rank_dword_800E3378;
int SECTION(".bss") rank_dword_800E337C;
int SECTION(".bss") rank_dword_800E3380;
int SECTION(".bss") rank_dword_800E3384;
int SECTION(".bss") rank_dword_800E3388;
int SECTION(".bss") rank_dword_800E338C;
int SECTION(".bss") rank_dword_800E3390;
int SECTION(".bss") rank_dword_800E3394;
int SECTION(".bss") rank_dword_800E3398;
int SECTION(".bss") rank_dword_800E339C;
int SECTION(".bss") rank_dword_800E33A0;
int SECTION(".bss") rank_dword_800E33A4;
int SECTION(".bss") rank_dword_800E33A8;
int SECTION(".bss") rank_dword_800E33AC;
int SECTION(".bss") rank_dword_800E33B0;
int SECTION(".bss") rank_dword_800E33B4;
int SECTION(".bss") rank_dword_800E33B8;
int SECTION(".bss") rank_dword_800E33BC;
int SECTION(".bss") rank_dword_800E33C0;
int SECTION(".bss") rank_dword_800E33C4;
int SECTION(".bss") rank_dword_800E33C8;
int SECTION(".bss") rank_dword_800E33CC;
int SECTION(".bss") rank_dword_800E33D0;
int SECTION(".bss") rank_dword_800E33D4;
int SECTION(".bss") rank_dword_800E33D8;
int SECTION(".bss") rank_dword_800E33DC;
int SECTION(".bss") rank_dword_800E33E0;
int SECTION(".bss") rank_dword_800E33E4;
int SECTION(".bss") rank_dword_800E33E8;
int SECTION(".bss") rank_dword_800E33EC;
int SECTION(".bss") rank_dword_800E33F0;
int SECTION(".bss") rank_dword_800E33F4;
int SECTION(".bss") rank_dword_800E33F8;
int SECTION(".bss") rank_dword_800E33FC;
int SECTION(".bss") rank_dword_800E3400;
int SECTION(".bss") rank_dword_800E3404;
int SECTION(".bss") rank_dword_800E3408;
int SECTION(".bss") rank_dword_800E340C;
int SECTION(".bss") rank_dword_800E3410;
int SECTION(".bss") rank_dword_800E3414;
int SECTION(".bss") rank_dword_800E3418;
int SECTION(".bss") rank_dword_800E341C;
int SECTION(".bss") rank_dword_800E3420;
int SECTION(".bss") rank_dword_800E3424;
int SECTION(".bss") rank_dword_800E3428;
int SECTION(".bss") rank_dword_800E342C;
int SECTION(".bss") rank_dword_800E3430;
int SECTION(".bss") rank_dword_800E3434;
int SECTION(".bss") rank_dword_800E3438;
int SECTION(".bss") rank_dword_800E343C;
int SECTION(".bss") rank_dword_800E3440;
int SECTION(".bss") rank_dword_800E3444;
int SECTION(".bss") rank_dword_800E3448;
int SECTION(".bss") rank_dword_800E344C;
int SECTION(".bss") rank_dword_800E3450;
int SECTION(".bss") rank_dword_800E3454;
int SECTION(".bss") rank_dword_800E3458;
int SECTION(".bss") rank_dword_800E345C;
int SECTION(".bss") rank_dword_800E3460;
int SECTION(".bss") rank_dword_800E3464;
int SECTION(".bss") rank_dword_800E3468;
int SECTION(".bss") rank_dword_800E346C;
int SECTION(".bss") rank_dword_800E3470;
int SECTION(".bss") rank_dword_800E3474;
int SECTION(".bss") rank_dword_800E3478;
int SECTION(".bss") rank_dword_800E347C;
int SECTION(".bss") rank_dword_800E3480;
int SECTION(".bss") rank_dword_800E3484;
int SECTION(".bss") rank_dword_800E3488;
int SECTION(".bss") rank_dword_800E348C;
int SECTION(".bss") rank_dword_800E3490;
int SECTION(".bss") rank_dword_800E3494;
int SECTION(".bss") rank_dword_800E3498;
int SECTION(".bss") rank_dword_800E349C;
int SECTION(".bss") rank_dword_800E34A0;
int SECTION(".bss") rank_dword_800E34A4;
int SECTION(".bss") rank_dword_800E34A8;
int SECTION(".bss") rank_dword_800E34AC;
int SECTION(".bss") rank_dword_800E34B0;
int SECTION(".bss") rank_dword_800E34B4;
int SECTION(".bss") rank_dword_800E34B8;
int SECTION(".bss") rank_dword_800E34BC;
int SECTION(".bss") rank_dword_800E34C0;
int SECTION(".bss") rank_dword_800E34C4;
int SECTION(".bss") rank_dword_800E34C8;
int SECTION(".bss") rank_dword_800E34CC;
int SECTION(".bss") rank_dword_800E34D0;
int SECTION(".bss") rank_dword_800E34D4;
int SECTION(".bss") rank_dword_800E34D8;
int SECTION(".bss") rank_dword_800E34DC;
int SECTION(".bss") rank_dword_800E34E0;
int SECTION(".bss") rank_dword_800E34E4;
int SECTION(".bss") rank_dword_800E34E8;
int SECTION(".bss") rank_dword_800E34EC;
int SECTION(".bss") rank_dword_800E34F0;
int SECTION(".bss") rank_dword_800E34F4;
int SECTION(".bss") rank_dword_800E34F8;
int SECTION(".bss") rank_dword_800E34FC;
int SECTION(".bss") rank_dword_800E3500;
int SECTION(".bss") rank_dword_800E3504;
int SECTION(".bss") rank_dword_800E3508;
int SECTION(".bss") rank_dword_800E350C;
int SECTION(".bss") rank_dword_800E3510;
int SECTION(".bss") rank_dword_800E3514;
int SECTION(".bss") rank_dword_800E3518;
int SECTION(".bss") rank_dword_800E351C;
int SECTION(".bss") rank_dword_800E3520;
int SECTION(".bss") rank_dword_800E3524;
int SECTION(".bss") rank_dword_800E3528;
int SECTION(".bss") rank_dword_800E352C;
int SECTION(".bss") rank_dword_800E3530;
int SECTION(".bss") rank_dword_800E3534;
int SECTION(".bss") rank_dword_800E3538;
int SECTION(".bss") rank_dword_800E353C;
int SECTION(".bss") rank_dword_800E3540;
int SECTION(".bss") rank_dword_800E3544;
int SECTION(".bss") rank_dword_800E3548;
int SECTION(".bss") rank_dword_800E354C;
int SECTION(".bss") rank_dword_800E3550;
int SECTION(".bss") rank_dword_800E3554;
int SECTION(".bss") rank_dword_800E3558;
int SECTION(".bss") rank_dword_800E355C;
int SECTION(".bss") rank_dword_800E3560;
int SECTION(".bss") rank_dword_800E3564;
int SECTION(".bss") rank_dword_800E3568;
int SECTION(".bss") rank_dword_800E356C;
int SECTION(".bss") rank_dword_800E3570;
int SECTION(".bss") rank_dword_800E3574;
int SECTION(".bss") rank_dword_800E3578;
int SECTION(".bss") rank_dword_800E357C;
int SECTION(".bss") rank_dword_800E3580;
int SECTION(".bss") rank_dword_800E3584;
int SECTION(".bss") rank_dword_800E3588;
int SECTION(".bss") rank_dword_800E358C;
int SECTION(".bss") rank_dword_800E3590;
int SECTION(".bss") rank_dword_800E3594;
int SECTION(".bss") rank_dword_800E3598;
int SECTION(".bss") rank_dword_800E359C;
int SECTION(".bss") rank_dword_800E35A0;
int SECTION(".bss") rank_dword_800E35A4;
int SECTION(".bss") rank_dword_800E35A8;
int SECTION(".bss") rank_dword_800E35AC;
int SECTION(".bss") rank_dword_800E35B0;
int SECTION(".bss") rank_dword_800E35B4;
int SECTION(".bss") rank_dword_800E35B8;
int SECTION(".bss") rank_dword_800E35BC;
int SECTION(".bss") rank_dword_800E35C0;
int SECTION(".bss") rank_dword_800E35C4;
int SECTION(".bss") rank_dword_800E35C8;
int SECTION(".bss") rank_dword_800E35CC;
int SECTION(".bss") rank_dword_800E35D0;
int SECTION(".bss") rank_dword_800E35D4;
int SECTION(".bss") rank_dword_800E35D8;
int SECTION(".bss") rank_dword_800E35DC;
int SECTION(".bss") rank_dword_800E35E0;
int SECTION(".bss") rank_dword_800E35E4;
int SECTION(".bss") rank_dword_800E35E8;
int SECTION(".bss") rank_dword_800E35EC;
int SECTION(".bss") rank_dword_800E35F0;
int SECTION(".bss") rank_dword_800E35F4;
int SECTION(".bss") rank_dword_800E35F8;
int SECTION(".bss") rank_dword_800E35FC;
int SECTION(".bss") rank_dword_800E3600;
int SECTION(".bss") rank_dword_800E3604;
int SECTION(".bss") rank_dword_800E3608;
int SECTION(".bss") rank_dword_800E360C;
int SECTION(".bss") rank_dword_800E3610;
int SECTION(".bss") rank_dword_800E3614;
int SECTION(".bss") rank_dword_800E3618;
int SECTION(".bss") rank_dword_800E361C;
int SECTION(".bss") rank_dword_800E3620;
int SECTION(".bss") rank_dword_800E3624;
int SECTION(".bss") rank_dword_800E3628;
int SECTION(".bss") rank_dword_800E362C;
int SECTION(".bss") rank_dword_800E3630;
int SECTION(".bss") rank_dword_800E3634;
int SECTION(".bss") rank_dword_800E3638;
int SECTION(".bss") rank_dword_800E363C;
int SECTION(".bss") rank_dword_800E3640;
int SECTION(".bss") rank_dword_800E3644;
int SECTION(".bss") rank_dword_800E3648;
int SECTION(".bss") rank_dword_800E364C;
int SECTION(".bss") rank_dword_800E3650;
int SECTION(".bss") rank_dword_800E3654;
int SECTION(".bss") rank_dword_800E3658;
int SECTION(".bss") rank_dword_800E365C;
int SECTION(".bss") rank_dword_800E3660;
int SECTION(".bss") rank_dword_800E3664;
int SECTION(".bss") rank_dword_800E3668;
int SECTION(".bss") rank_dword_800E366C;
int SECTION(".bss") rank_dword_800E3670;
int SECTION(".bss") rank_dword_800E3674;
int SECTION(".bss") rank_dword_800E3678;
int SECTION(".bss") rank_dword_800E367C;
int SECTION(".bss") rank_dword_800E3680;
int SECTION(".bss") rank_dword_800E3684;
int SECTION(".bss") rank_dword_800E3688;
int SECTION(".bss") rank_dword_800E368C;
int SECTION(".bss") rank_dword_800E3690;
int SECTION(".bss") rank_dword_800E3694;
int SECTION(".bss") rank_dword_800E3698;
int SECTION(".bss") rank_dword_800E369C;
int SECTION(".bss") rank_dword_800E36A0;
int SECTION(".bss") rank_dword_800E36A4;
int SECTION(".bss") rank_dword_800E36A8;
int SECTION(".bss") rank_dword_800E36AC;
int SECTION(".bss") rank_dword_800E36B0;
int SECTION(".bss") rank_dword_800E36B4;
int SECTION(".bss") rank_dword_800E36B8;
int SECTION(".bss") rank_dword_800E36BC;
int SECTION(".bss") rank_dword_800E36C0;
int SECTION(".bss") rank_dword_800E36C4;
int SECTION(".bss") rank_dword_800E36C8;
int SECTION(".bss") rank_dword_800E36CC;
int SECTION(".bss") rank_dword_800E36D0;
int SECTION(".bss") rank_dword_800E36D4;
int SECTION(".bss") rank_dword_800E36D8;
int SECTION(".bss") rank_dword_800E36DC;
int SECTION(".bss") rank_dword_800E36E0;
int SECTION(".bss") rank_dword_800E36E4;
int SECTION(".bss") rank_dword_800E36E8;
int SECTION(".bss") rank_dword_800E36EC;
int SECTION(".bss") rank_dword_800E36F0;
int SECTION(".bss") rank_dword_800E36F4;
int SECTION(".bss") rank_dword_800E36F8;
int SECTION(".bss") rank_dword_800E36FC;
int SECTION(".bss") rank_dword_800E3700;
int SECTION(".bss") rank_dword_800E3704;
int SECTION(".bss") rank_dword_800E3708;
int SECTION(".bss") rank_dword_800E370C;
int SECTION(".bss") rank_dword_800E3710;
int SECTION(".bss") rank_dword_800E3714;
int SECTION(".bss") rank_dword_800E3718;
int SECTION(".bss") rank_dword_800E371C;
int SECTION(".bss") rank_dword_800E3720;
int SECTION(".bss") rank_dword_800E3724;
int SECTION(".bss") rank_dword_800E3728;
int SECTION(".bss") rank_dword_800E372C;
int SECTION(".bss") rank_dword_800E3730;
int SECTION(".bss") rank_dword_800E3734;
int SECTION(".bss") rank_dword_800E3738;
int SECTION(".bss") rank_dword_800E373C;
int SECTION(".bss") rank_dword_800E3740;
int SECTION(".bss") rank_dword_800E3744;
int SECTION(".bss") rank_dword_800E3748;
int SECTION(".bss") rank_dword_800E374C;
int SECTION(".bss") rank_dword_800E3750;
int SECTION(".bss") rank_dword_800E3754;
int SECTION(".bss") rank_dword_800E3758;
int SECTION(".bss") rank_dword_800E375C;
int SECTION(".bss") rank_dword_800E3760;
int SECTION(".bss") rank_dword_800E3764;
int SECTION(".bss") rank_dword_800E3768;
int SECTION(".bss") rank_dword_800E376C;
int SECTION(".bss") rank_dword_800E3770;
int SECTION(".bss") rank_dword_800E3774;
int SECTION(".bss") rank_dword_800E3778;
int SECTION(".bss") rank_dword_800E377C;
int SECTION(".bss") rank_dword_800E3780;
int SECTION(".bss") rank_dword_800E3784;
int SECTION(".bss") rank_dword_800E3788;
int SECTION(".bss") rank_dword_800E378C;
int SECTION(".bss") rank_dword_800E3790;
int SECTION(".bss") rank_dword_800E3794;
int SECTION(".bss") rank_dword_800E3798;
int SECTION(".bss") rank_dword_800E379C;
int SECTION(".bss") rank_dword_800E37A0;
int SECTION(".bss") rank_dword_800E37A4;
int SECTION(".bss") rank_dword_800E37A8;
int SECTION(".bss") rank_dword_800E37AC;
int SECTION(".bss") rank_dword_800E37B0;
int SECTION(".bss") rank_dword_800E37B4;
int SECTION(".bss") rank_dword_800E37B8;
int SECTION(".bss") rank_dword_800E37BC;
int SECTION(".bss") rank_dword_800E37C0;
int SECTION(".bss") rank_dword_800E37C4;
int SECTION(".bss") rank_dword_800E37C8;
int SECTION(".bss") rank_dword_800E37CC;
int SECTION(".bss") rank_dword_800E37D0;
int SECTION(".bss") rank_dword_800E37D4;
int SECTION(".bss") rank_dword_800E37D8;
int SECTION(".bss") rank_dword_800E37DC;
int SECTION(".bss") rank_dword_800E37E0;
int SECTION(".bss") rank_dword_800E37E4;
int SECTION(".bss") rank_dword_800E37E8;
int SECTION(".bss") rank_dword_800E37EC;
int SECTION(".bss") rank_dword_800E37F0;
int SECTION(".bss") rank_dword_800E37F4;
int SECTION(".bss") rank_dword_800E37F8;
int SECTION(".bss") rank_dword_800E37FC;
int SECTION(".bss") rank_dword_800E3800;
int SECTION(".bss") rank_dword_800E3804;
int SECTION(".bss") rank_dword_800E3808;
int SECTION(".bss") rank_dword_800E380C;
int SECTION(".bss") rank_dword_800E3810;
int SECTION(".bss") rank_dword_800E3814;
int SECTION(".bss") rank_dword_800E3818;
int SECTION(".bss") rank_dword_800E381C;
int SECTION(".bss") rank_dword_800E3820;
int SECTION(".bss") rank_dword_800E3824;
int SECTION(".bss") rank_dword_800E3828;
int SECTION(".bss") rank_dword_800E382C;
int SECTION(".bss") rank_dword_800E3830;
int SECTION(".bss") rank_dword_800E3834;
int SECTION(".bss") rank_dword_800E3838;
int SECTION(".bss") rank_dword_800E383C;
int SECTION(".bss") rank_dword_800E3840;
int SECTION(".bss") rank_dword_800E3844;
int SECTION(".bss") rank_dword_800E3848;
int SECTION(".bss") rank_dword_800E384C;
int SECTION(".bss") rank_dword_800E3850;
int SECTION(".bss") rank_dword_800E3854;
int SECTION(".bss") rank_dword_800E3858;
int SECTION(".bss") rank_dword_800E385C;
int SECTION(".bss") rank_dword_800E3860;
int SECTION(".bss") rank_dword_800E3864;
int SECTION(".bss") rank_dword_800E3868;
int SECTION(".bss") rank_dword_800E386C;
int SECTION(".bss") rank_dword_800E3870;
int SECTION(".bss") rank_dword_800E3874;
int SECTION(".bss") rank_dword_800E3878;
int SECTION(".bss") rank_dword_800E387C;
int SECTION(".bss") rank_dword_800E3880;
int SECTION(".bss") rank_dword_800E3884;
int SECTION(".bss") rank_dword_800E3888;
int SECTION(".bss") rank_dword_800E388C;
int SECTION(".bss") rank_dword_800E3890;
int SECTION(".bss") rank_dword_800E3894;
int SECTION(".bss") rank_dword_800E3898;
int SECTION(".bss") rank_dword_800E389C;
int SECTION(".bss") rank_dword_800E38A0;
int SECTION(".bss") rank_dword_800E38A4;
int SECTION(".bss") rank_dword_800E38A8;
int SECTION(".bss") rank_dword_800E38AC;
int SECTION(".bss") rank_dword_800E38B0;
int SECTION(".bss") rank_dword_800E38B4;
int SECTION(".bss") rank_dword_800E38B8;
int SECTION(".bss") rank_dword_800E38BC;
int SECTION(".bss") rank_dword_800E38C0;
int SECTION(".bss") rank_dword_800E38C4;
int SECTION(".bss") rank_dword_800E38C8;
int SECTION(".bss") rank_dword_800E38CC;
int SECTION(".bss") rank_dword_800E38D0;
int SECTION(".bss") rank_dword_800E38D4;
int SECTION(".bss") rank_dword_800E38D8;
int SECTION(".bss") rank_dword_800E38DC;
int SECTION(".bss") rank_dword_800E38E0;
int SECTION(".bss") rank_dword_800E38E4;
int SECTION(".bss") rank_dword_800E38E8;
int SECTION(".bss") rank_dword_800E38EC;
int SECTION(".bss") rank_dword_800E38F0;
int SECTION(".bss") rank_dword_800E38F4;
int SECTION(".bss") rank_dword_800E38F8;
int SECTION(".bss") rank_dword_800E38FC;
int SECTION(".bss") rank_dword_800E3900;
int SECTION(".bss") rank_dword_800E3904;
int SECTION(".bss") rank_dword_800E3908;
int SECTION(".bss") rank_dword_800E390C;
int SECTION(".bss") rank_dword_800E3910;
int SECTION(".bss") rank_dword_800E3914;
int SECTION(".bss") rank_dword_800E3918;
int SECTION(".bss") rank_dword_800E391C;
int SECTION(".bss") rank_dword_800E3920;
int SECTION(".bss") rank_dword_800E3924;
int SECTION(".bss") rank_dword_800E3928;
int SECTION(".bss") rank_dword_800E392C;
int SECTION(".bss") rank_dword_800E3930;
int SECTION(".bss") rank_dword_800E3934;
int SECTION(".bss") rank_dword_800E3938;
int SECTION(".bss") rank_dword_800E393C;
int SECTION(".bss") rank_dword_800E3940;
int SECTION(".bss") rank_dword_800E3944;
int SECTION(".bss") rank_dword_800E3948;
int SECTION(".bss") rank_dword_800E394C;
int SECTION(".bss") rank_dword_800E3950;
int SECTION(".bss") rank_dword_800E3954;
int SECTION(".bss") rank_dword_800E3958;
int SECTION(".bss") rank_dword_800E395C;
int SECTION(".bss") rank_dword_800E3960;
int SECTION(".bss") rank_dword_800E3964;
int SECTION(".bss") rank_dword_800E3968;
int SECTION(".bss") rank_dword_800E396C;
int SECTION(".bss") rank_dword_800E3970;
int SECTION(".bss") rank_dword_800E3974;
int SECTION(".bss") rank_dword_800E3978;
int SECTION(".bss") rank_dword_800E397C;
int SECTION(".bss") rank_dword_800E3980;
int SECTION(".bss") rank_dword_800E3984;
int SECTION(".bss") rank_dword_800E3988;
int SECTION(".bss") rank_dword_800E398C;
int SECTION(".bss") rank_dword_800E3990;
int SECTION(".bss") rank_dword_800E3994;
int SECTION(".bss") rank_dword_800E3998;
int SECTION(".bss") rank_dword_800E399C;
int SECTION(".bss") rank_dword_800E39A0;
int SECTION(".bss") rank_dword_800E39A4;
int SECTION(".bss") rank_dword_800E39A8;
int SECTION(".bss") rank_dword_800E39AC;
int SECTION(".bss") rank_dword_800E39B0;
int SECTION(".bss") rank_dword_800E39B4;
int SECTION(".bss") rank_dword_800E39B8;
int SECTION(".bss") rank_dword_800E39BC;
int SECTION(".bss") rank_dword_800E39C0;
int SECTION(".bss") rank_dword_800E39C4;
int SECTION(".bss") rank_dword_800E39C8;
int SECTION(".bss") rank_dword_800E39CC;
int SECTION(".bss") rank_dword_800E39D0;
int SECTION(".bss") rank_dword_800E39D4;
int SECTION(".bss") rank_dword_800E39D8;
int SECTION(".bss") rank_dword_800E39DC;
int SECTION(".bss") rank_dword_800E39E0;
int SECTION(".bss") rank_dword_800E39E4;
int SECTION(".bss") rank_dword_800E39E8;
int SECTION(".bss") rank_dword_800E39EC;
int SECTION(".bss") rank_dword_800E39F0;
int SECTION(".bss") rank_dword_800E39F4;
int SECTION(".bss") rank_dword_800E39F8;
int SECTION(".bss") rank_dword_800E39FC;
int SECTION(".bss") rank_dword_800E3A00;
int SECTION(".bss") rank_dword_800E3A04;
int SECTION(".bss") rank_dword_800E3A08;
int SECTION(".bss") rank_dword_800E3A0C;
int SECTION(".bss") rank_dword_800E3A10;
int SECTION(".bss") rank_dword_800E3A14;
int SECTION(".bss") rank_dword_800E3A18;
int SECTION(".bss") rank_dword_800E3A1C;
int SECTION(".bss") rank_dword_800E3A20;
int SECTION(".bss") rank_dword_800E3A24;
int SECTION(".bss") rank_dword_800E3A28;
int SECTION(".bss") rank_dword_800E3A2C;
int SECTION(".bss") rank_dword_800E3A30;
int SECTION(".bss") rank_dword_800E3A34;
int SECTION(".bss") rank_dword_800E3A38;
int SECTION(".bss") rank_dword_800E3A3C;
int SECTION(".bss") rank_dword_800E3A40;
int SECTION(".bss") rank_dword_800E3A44;
int SECTION(".bss") rank_dword_800E3A48;
int SECTION(".bss") rank_dword_800E3A4C;
int SECTION(".bss") rank_dword_800E3A50;
int SECTION(".bss") rank_dword_800E3A54;
int SECTION(".bss") rank_dword_800E3A58;
int SECTION(".bss") rank_dword_800E3A5C;
int SECTION(".bss") rank_dword_800E3A60;
int SECTION(".bss") rank_dword_800E3A64;
int SECTION(".bss") rank_dword_800E3A68;
int SECTION(".bss") rank_dword_800E3A6C;
int SECTION(".bss") rank_dword_800E3A70;
int SECTION(".bss") rank_dword_800E3A74;
int SECTION(".bss") rank_dword_800E3A78;
int SECTION(".bss") rank_dword_800E3A7C;
int SECTION(".bss") rank_dword_800E3A80;
int SECTION(".bss") rank_dword_800E3A84;
int SECTION(".bss") rank_dword_800E3A88;
int SECTION(".bss") rank_dword_800E3A8C;
int SECTION(".bss") rank_dword_800E3A90;
int SECTION(".bss") rank_dword_800E3A94;
int SECTION(".bss") rank_dword_800E3A98;
int SECTION(".bss") rank_dword_800E3A9C;
int SECTION(".bss") rank_dword_800E3AA0;
int SECTION(".bss") rank_dword_800E3AA4;
int SECTION(".bss") rank_dword_800E3AA8;
int SECTION(".bss") rank_dword_800E3AAC;
int SECTION(".bss") rank_dword_800E3AB0;
int SECTION(".bss") rank_dword_800E3AB4;
int SECTION(".bss") rank_dword_800E3AB8;
int SECTION(".bss") rank_dword_800E3ABC;
int SECTION(".bss") rank_dword_800E3AC0;
int SECTION(".bss") rank_dword_800E3AC4;
int SECTION(".bss") rank_dword_800E3AC8;
int SECTION(".bss") rank_dword_800E3ACC;
int SECTION(".bss") rank_dword_800E3AD0;
int SECTION(".bss") rank_dword_800E3AD4;
int SECTION(".bss") rank_dword_800E3AD8;
int SECTION(".bss") rank_dword_800E3ADC;
int SECTION(".bss") rank_dword_800E3AE0;
int SECTION(".bss") rank_dword_800E3AE4;
int SECTION(".bss") rank_dword_800E3AE8;
int SECTION(".bss") rank_dword_800E3AEC;
int SECTION(".bss") rank_dword_800E3AF0;
int SECTION(".bss") rank_dword_800E3AF4;
int SECTION(".bss") rank_dword_800E3AF8;
int SECTION(".bss") rank_dword_800E3AFC;
int SECTION(".bss") rank_dword_800E3B00;
int SECTION(".bss") rank_dword_800E3B04;
int SECTION(".bss") rank_dword_800E3B08;
int SECTION(".bss") rank_dword_800E3B0C;
int SECTION(".bss") rank_dword_800E3B10;
int SECTION(".bss") rank_dword_800E3B14;
int SECTION(".bss") rank_dword_800E3B18;
int SECTION(".bss") rank_dword_800E3B1C;
int SECTION(".bss") rank_dword_800E3B20;
int SECTION(".bss") rank_dword_800E3B24;
int SECTION(".bss") rank_dword_800E3B28;
int SECTION(".bss") rank_dword_800E3B2C;
int SECTION(".bss") rank_dword_800E3B30;
int SECTION(".bss") rank_dword_800E3B34;
int SECTION(".bss") rank_dword_800E3B38;
int SECTION(".bss") rank_dword_800E3B3C;
int SECTION(".bss") rank_dword_800E3B40;
int SECTION(".bss") rank_dword_800E3B44;
int SECTION(".bss") rank_dword_800E3B48;
int SECTION(".bss") rank_dword_800E3B4C;
int SECTION(".bss") rank_dword_800E3B50;
int SECTION(".bss") rank_dword_800E3B54;
int SECTION(".bss") rank_dword_800E3B58;
int SECTION(".bss") rank_dword_800E3B5C;
int SECTION(".bss") rank_dword_800E3B60;
int SECTION(".bss") rank_dword_800E3B64;
int SECTION(".bss") rank_dword_800E3B68;
int SECTION(".bss") rank_dword_800E3B6C;
int SECTION(".bss") rank_dword_800E3B70;
int SECTION(".bss") rank_dword_800E3B74;
int SECTION(".bss") rank_dword_800E3B78;
int SECTION(".bss") rank_dword_800E3B7C;
int SECTION(".bss") rank_dword_800E3B80;
int SECTION(".bss") rank_dword_800E3B84;
int SECTION(".bss") rank_dword_800E3B88;
int SECTION(".bss") rank_dword_800E3B8C;
int SECTION(".bss") rank_dword_800E3B90;
int SECTION(".bss") rank_dword_800E3B94;
int SECTION(".bss") rank_dword_800E3B98;
int SECTION(".bss") rank_dword_800E3B9C;
int SECTION(".bss") rank_dword_800E3BA0;
int SECTION(".bss") rank_dword_800E3BA4;
int SECTION(".bss") rank_dword_800E3BA8;
int SECTION(".bss") rank_dword_800E3BAC;
int SECTION(".bss") rank_dword_800E3BB0;
int SECTION(".bss") rank_dword_800E3BB4;
int SECTION(".bss") rank_dword_800E3BB8;
int SECTION(".bss") rank_dword_800E3BBC;
int SECTION(".bss") rank_dword_800E3BC0;
int SECTION(".bss") rank_dword_800E3BC4;
int SECTION(".bss") rank_dword_800E3BC8;
int SECTION(".bss") rank_dword_800E3BCC;
int SECTION(".bss") rank_dword_800E3BD0;
int SECTION(".bss") rank_dword_800E3BD4;
int SECTION(".bss") rank_dword_800E3BD8;
int SECTION(".bss") rank_dword_800E3BDC;
int SECTION(".bss") rank_dword_800E3BE0;
int SECTION(".bss") rank_dword_800E3BE4;
int SECTION(".bss") rank_dword_800E3BE8;
int SECTION(".bss") rank_dword_800E3BEC;
int SECTION(".bss") rank_dword_800E3BF0;
int SECTION(".bss") rank_dword_800E3BF4;
int SECTION(".bss") rank_dword_800E3BF8;
int SECTION(".bss") rank_dword_800E3BFC;
int SECTION(".bss") rank_dword_800E3C00;
int SECTION(".bss") rank_dword_800E3C04;
int SECTION(".bss") rank_dword_800E3C08;
int SECTION(".bss") rank_dword_800E3C0C;
int SECTION(".bss") rank_dword_800E3C10;
int SECTION(".bss") rank_dword_800E3C14;
int SECTION(".bss") rank_dword_800E3C18;
int SECTION(".bss") rank_dword_800E3C1C;
int SECTION(".bss") rank_dword_800E3C20;
int SECTION(".bss") rank_dword_800E3C24;
int SECTION(".bss") rank_dword_800E3C28;
int SECTION(".bss") rank_dword_800E3C2C;
int SECTION(".bss") rank_dword_800E3C30;
int SECTION(".bss") rank_dword_800E3C34;
int SECTION(".bss") rank_dword_800E3C38;
int SECTION(".bss") rank_dword_800E3C3C;
int SECTION(".bss") rank_dword_800E3C40;
int SECTION(".bss") rank_dword_800E3C44;
int SECTION(".bss") rank_dword_800E3C48;
int SECTION(".bss") rank_dword_800E3C4C;
int SECTION(".bss") rank_dword_800E3C50;
int SECTION(".bss") rank_dword_800E3C54;
int SECTION(".bss") rank_dword_800E3C58;
int SECTION(".bss") rank_dword_800E3C5C;
int SECTION(".bss") rank_dword_800E3C60;
int SECTION(".bss") rank_dword_800E3C64;
int SECTION(".bss") rank_dword_800E3C68;
int SECTION(".bss") rank_dword_800E3C6C;
int SECTION(".bss") rank_dword_800E3C70;
int SECTION(".bss") rank_dword_800E3C74;
int SECTION(".bss") rank_dword_800E3C78;
int SECTION(".bss") rank_dword_800E3C7C;
int SECTION(".bss") rank_dword_800E3C80;
int SECTION(".bss") rank_dword_800E3C84;
int SECTION(".bss") rank_dword_800E3C88;
int SECTION(".bss") rank_dword_800E3C8C;
int SECTION(".bss") rank_dword_800E3C90;
int SECTION(".bss") rank_dword_800E3C94;
int SECTION(".bss") rank_dword_800E3C98;
int SECTION(".bss") rank_dword_800E3C9C;
int SECTION(".bss") rank_dword_800E3CA0;
int SECTION(".bss") rank_dword_800E3CA4;
int SECTION(".bss") rank_dword_800E3CA8;
int SECTION(".bss") rank_dword_800E3CAC;
int SECTION(".bss") rank_dword_800E3CB0;
int SECTION(".bss") rank_dword_800E3CB4;
int SECTION(".bss") rank_dword_800E3CB8;
int SECTION(".bss") rank_dword_800E3CBC;
int SECTION(".bss") rank_dword_800E3CC0;
int SECTION(".bss") rank_dword_800E3CC4;
int SECTION(".bss") rank_dword_800E3CC8;
int SECTION(".bss") rank_dword_800E3CCC;
int SECTION(".bss") rank_dword_800E3CD0;
int SECTION(".bss") rank_dword_800E3CD4;
int SECTION(".bss") rank_dword_800E3CD8;
int SECTION(".bss") rank_dword_800E3CDC;
int SECTION(".bss") rank_dword_800E3CE0;
int SECTION(".bss") rank_dword_800E3CE4;
int SECTION(".bss") rank_dword_800E3CE8;
int SECTION(".bss") rank_dword_800E3CEC;
int SECTION(".bss") rank_dword_800E3CF0;
int SECTION(".bss") rank_dword_800E3CF4;
int SECTION(".bss") rank_dword_800E3CF8;
int SECTION(".bss") rank_dword_800E3CFC;
int SECTION(".bss") rank_dword_800E3D00;
int SECTION(".bss") rank_dword_800E3D04;
int SECTION(".bss") rank_dword_800E3D08;
int SECTION(".bss") rank_dword_800E3D0C;
int SECTION(".bss") rank_dword_800E3D10;
int SECTION(".bss") rank_dword_800E3D14;
int SECTION(".bss") rank_dword_800E3D18;
int SECTION(".bss") rank_dword_800E3D1C;
int SECTION(".bss") rank_dword_800E3D20;
int SECTION(".bss") rank_dword_800E3D24;
int SECTION(".bss") rank_dword_800E3D28;
int SECTION(".bss") rank_dword_800E3D2C;
int SECTION(".bss") rank_dword_800E3D30;
int SECTION(".bss") rank_dword_800E3D34;
int SECTION(".bss") rank_dword_800E3D38;
int SECTION(".bss") rank_dword_800E3D3C;
int SECTION(".bss") rank_dword_800E3D40;
int SECTION(".bss") rank_dword_800E3D44;
int SECTION(".bss") rank_dword_800E3D48;
int SECTION(".bss") rank_dword_800E3D4C;
int SECTION(".bss") rank_dword_800E3D50;
int SECTION(".bss") rank_dword_800E3D54;
int SECTION(".bss") rank_dword_800E3D58;
int SECTION(".bss") rank_dword_800E3D5C;
int SECTION(".bss") rank_dword_800E3D60;
int SECTION(".bss") rank_dword_800E3D64;
int SECTION(".bss") rank_dword_800E3D68;
int SECTION(".bss") rank_dword_800E3D6C;
int SECTION(".bss") rank_dword_800E3D70;
int SECTION(".bss") rank_dword_800E3D74;
int SECTION(".bss") rank_dword_800E3D78;
int SECTION(".bss") rank_dword_800E3D7C;
int SECTION(".bss") rank_dword_800E3D80;
int SECTION(".bss") rank_dword_800E3D84;
int SECTION(".bss") rank_dword_800E3D88;
int SECTION(".bss") rank_dword_800E3D8C;
int SECTION(".bss") rank_dword_800E3D90;
int SECTION(".bss") rank_dword_800E3D94;
int SECTION(".bss") rank_dword_800E3D98;
int SECTION(".bss") rank_dword_800E3D9C;
int SECTION(".bss") rank_dword_800E3DA0;
int SECTION(".bss") rank_dword_800E3DA4;
int SECTION(".bss") rank_dword_800E3DA8;
int SECTION(".bss") rank_dword_800E3DAC;
int SECTION(".bss") rank_dword_800E3DB0;
int SECTION(".bss") rank_dword_800E3DB4;
int SECTION(".bss") rank_dword_800E3DB8;
int SECTION(".bss") rank_dword_800E3DBC;
int SECTION(".bss") rank_dword_800E3DC0;
int SECTION(".bss") rank_dword_800E3DC4;
int SECTION(".bss") rank_dword_800E3DC8;
int SECTION(".bss") rank_dword_800E3DCC;
int SECTION(".bss") rank_dword_800E3DD0;
int SECTION(".bss") rank_dword_800E3DD4;
int SECTION(".bss") rank_dword_800E3DD8;
int SECTION(".bss") rank_dword_800E3DDC;
int SECTION(".bss") rank_dword_800E3DE0;
int SECTION(".bss") rank_dword_800E3DE4;
int SECTION(".bss") rank_dword_800E3DE8;
int SECTION(".bss") rank_dword_800E3DEC;
int SECTION(".bss") rank_dword_800E3DF0;
int SECTION(".bss") rank_dword_800E3DF4;
int SECTION(".bss") rank_dword_800E3DF8;
int SECTION(".bss") rank_dword_800E3DFC;
int SECTION(".bss") rank_dword_800E3E00;
int SECTION(".bss") rank_dword_800E3E04;
int SECTION(".bss") rank_dword_800E3E08;
int SECTION(".bss") rank_dword_800E3E0C;
int SECTION(".bss") rank_dword_800E3E10;
int SECTION(".bss") rank_dword_800E3E14;
int SECTION(".bss") rank_dword_800E3E18;
int SECTION(".bss") rank_dword_800E3E1C;
int SECTION(".bss") rank_dword_800E3E20;
int SECTION(".bss") rank_dword_800E3E24;
int SECTION(".bss") rank_dword_800E3E28;
int SECTION(".bss") rank_dword_800E3E2C;
int SECTION(".bss") rank_dword_800E3E30;
int SECTION(".bss") rank_dword_800E3E34;
int SECTION(".bss") rank_dword_800E3E38;
int SECTION(".bss") rank_dword_800E3E3C;
int SECTION(".bss") rank_dword_800E3E40;
int SECTION(".bss") rank_dword_800E3E44;
int SECTION(".bss") rank_dword_800E3E48;
int SECTION(".bss") rank_dword_800E3E4C;
int SECTION(".bss") rank_dword_800E3E50;
int SECTION(".bss") rank_dword_800E3E54;
int SECTION(".bss") rank_dword_800E3E58;
int SECTION(".bss") rank_dword_800E3E5C;
int SECTION(".bss") rank_dword_800E3E60;
int SECTION(".bss") rank_dword_800E3E64;
int SECTION(".bss") rank_dword_800E3E68;
int SECTION(".bss") rank_dword_800E3E6C;
int SECTION(".bss") rank_dword_800E3E70;
int SECTION(".bss") rank_dword_800E3E74;
int SECTION(".bss") rank_dword_800E3E78;
int SECTION(".bss") rank_dword_800E3E7C;
int SECTION(".bss") rank_dword_800E3E80;
int SECTION(".bss") rank_dword_800E3E84;
int SECTION(".bss") rank_dword_800E3E88;
int SECTION(".bss") rank_dword_800E3E8C;
int SECTION(".bss") rank_dword_800E3E90;
int SECTION(".bss") rank_dword_800E3E94;
int SECTION(".bss") rank_dword_800E3E98;
int SECTION(".bss") rank_dword_800E3E9C;
int SECTION(".bss") rank_dword_800E3EA0;
int SECTION(".bss") rank_dword_800E3EA4;
int SECTION(".bss") rank_dword_800E3EA8;
int SECTION(".bss") rank_dword_800E3EAC;
int SECTION(".bss") rank_dword_800E3EB0;
int SECTION(".bss") rank_dword_800E3EB4;
int SECTION(".bss") rank_dword_800E3EB8;
int SECTION(".bss") rank_dword_800E3EBC;
int SECTION(".bss") rank_dword_800E3EC0;
int SECTION(".bss") rank_dword_800E3EC4;
int SECTION(".bss") rank_dword_800E3EC8;
int SECTION(".bss") rank_dword_800E3ECC;
int SECTION(".bss") rank_dword_800E3ED0;
int SECTION(".bss") rank_dword_800E3ED4;
int SECTION(".bss") rank_dword_800E3ED8;
int SECTION(".bss") rank_dword_800E3EDC;
int SECTION(".bss") rank_dword_800E3EE0;
int SECTION(".bss") rank_dword_800E3EE4;
int SECTION(".bss") rank_dword_800E3EE8;
int SECTION(".bss") rank_dword_800E3EEC;
int SECTION(".bss") rank_dword_800E3EF0;
int SECTION(".bss") rank_dword_800E3EF4;
int SECTION(".bss") rank_dword_800E3EF8;
int SECTION(".bss") rank_dword_800E3EFC;
int SECTION(".bss") rank_dword_800E3F00;
int SECTION(".bss") rank_dword_800E3F04;
int SECTION(".bss") rank_dword_800E3F08;
int SECTION(".bss") rank_dword_800E3F0C;
int SECTION(".bss") rank_dword_800E3F10;
int SECTION(".bss") rank_dword_800E3F14;
int SECTION(".bss") rank_dword_800E3F18;
int SECTION(".bss") rank_dword_800E3F1C;
int SECTION(".bss") rank_dword_800E3F20;
int SECTION(".bss") rank_dword_800E3F24;
int SECTION(".bss") rank_dword_800E3F28;
int SECTION(".bss") rank_dword_800E3F2C;
int SECTION(".bss") rank_dword_800E3F30;
int SECTION(".bss") rank_dword_800E3F34;
int SECTION(".bss") rank_dword_800E3F38;
int SECTION(".bss") rank_dword_800E3F3C;
int SECTION(".bss") rank_dword_800E3F40;
int SECTION(".bss") rank_dword_800E3F44;
int SECTION(".bss") rank_dword_800E3F48;
int SECTION(".bss") rank_dword_800E3F4C;
int SECTION(".bss") rank_dword_800E3F50;
int SECTION(".bss") rank_dword_800E3F54;
int SECTION(".bss") rank_dword_800E3F58;
int SECTION(".bss") rank_dword_800E3F5C;
int SECTION(".bss") rank_dword_800E3F60;
int SECTION(".bss") rank_dword_800E3F64;
int SECTION(".bss") rank_dword_800E3F68;
int SECTION(".bss") rank_dword_800E3F6C;
int SECTION(".bss") rank_dword_800E3F70;
int SECTION(".bss") rank_dword_800E3F74;
int SECTION(".bss") rank_dword_800E3F78;
int SECTION(".bss") rank_dword_800E3F7C;
int SECTION(".bss") rank_dword_800E3F80;
int SECTION(".bss") rank_dword_800E3F84;
int SECTION(".bss") rank_dword_800E3F88;
int SECTION(".bss") rank_dword_800E3F8C;
int SECTION(".bss") rank_dword_800E3F90;
int SECTION(".bss") rank_dword_800E3F94;
int SECTION(".bss") rank_dword_800E3F98;
int SECTION(".bss") rank_dword_800E3F9C;
int SECTION(".bss") rank_dword_800E3FA0;
int SECTION(".bss") rank_dword_800E3FA4;
int SECTION(".bss") rank_dword_800E3FA8;
int SECTION(".bss") rank_dword_800E3FAC;
int SECTION(".bss") rank_dword_800E3FB0;
int SECTION(".bss") rank_dword_800E3FB4;
int SECTION(".bss") rank_dword_800E3FB8;
int SECTION(".bss") rank_dword_800E3FBC;
int SECTION(".bss") rank_dword_800E3FC0;
int SECTION(".bss") rank_dword_800E3FC4;
int SECTION(".bss") rank_dword_800E3FC8;
int SECTION(".bss") rank_dword_800E3FCC;
int SECTION(".bss") rank_dword_800E3FD0;
int SECTION(".bss") rank_dword_800E3FD4;
int SECTION(".bss") rank_dword_800E3FD8;
int SECTION(".bss") rank_dword_800E3FDC;
int SECTION(".bss") rank_dword_800E3FE0;
int SECTION(".bss") rank_dword_800E3FE4;
int SECTION(".bss") rank_dword_800E3FE8;
int SECTION(".bss") rank_dword_800E3FEC;
int SECTION(".bss") rank_dword_800E3FF0;
int SECTION(".bss") rank_dword_800E3FF4;
int SECTION(".bss") rank_dword_800E3FF8;
int SECTION(".bss") rank_dword_800E3FFC;
int SECTION(".bss") rank_dword_800E4000;
int SECTION(".bss") rank_dword_800E4004;
int SECTION(".bss") rank_dword_800E4008;
int SECTION(".bss") rank_dword_800E400C;
int SECTION(".bss") rank_dword_800E4010;
int SECTION(".bss") rank_dword_800E4014;
int SECTION(".bss") rank_dword_800E4018;
int SECTION(".bss") rank_dword_800E401C;
int SECTION(".bss") rank_dword_800E4020;
int SECTION(".bss") rank_dword_800E4024;
int SECTION(".bss") rank_dword_800E4028;
int SECTION(".bss") rank_dword_800E402C;
int SECTION(".bss") rank_dword_800E4030;
int SECTION(".bss") rank_dword_800E4034;
int SECTION(".bss") rank_dword_800E4038;
int SECTION(".bss") rank_dword_800E403C;
int SECTION(".bss") rank_dword_800E4040;
int SECTION(".bss") rank_dword_800E4044;
int SECTION(".bss") rank_dword_800E4048;
int SECTION(".bss") rank_dword_800E404C;
int SECTION(".bss") rank_dword_800E4050;
int SECTION(".bss") rank_dword_800E4054;
int SECTION(".bss") rank_dword_800E4058;
int SECTION(".bss") rank_dword_800E405C;
int SECTION(".bss") rank_dword_800E4060;
int SECTION(".bss") rank_dword_800E4064;
int SECTION(".bss") rank_dword_800E4068;
int SECTION(".bss") rank_dword_800E406C;
int SECTION(".bss") rank_dword_800E4070;
int SECTION(".bss") rank_dword_800E4074;
int SECTION(".bss") rank_dword_800E4078;
int SECTION(".bss") rank_dword_800E407C;
int SECTION(".bss") rank_dword_800E4080;
int SECTION(".bss") rank_dword_800E4084;
int SECTION(".bss") rank_dword_800E4088;
int SECTION(".bss") rank_dword_800E408C;
int SECTION(".bss") rank_dword_800E4090;
int SECTION(".bss") rank_dword_800E4094;
int SECTION(".bss") rank_dword_800E4098;
int SECTION(".bss") rank_dword_800E409C;
int SECTION(".bss") rank_dword_800E40A0;
int SECTION(".bss") rank_dword_800E40A4;
int SECTION(".bss") rank_dword_800E40A8;
int SECTION(".bss") rank_dword_800E40AC;
int SECTION(".bss") rank_dword_800E40B0;
int SECTION(".bss") rank_dword_800E40B4;
int SECTION(".bss") rank_dword_800E40B8;
int SECTION(".bss") rank_dword_800E40BC;
int SECTION(".bss") rank_dword_800E40C0;
int SECTION(".bss") rank_dword_800E40C4;
int SECTION(".bss") rank_dword_800E40C8;
int SECTION(".bss") rank_dword_800E40CC;
int SECTION(".bss") rank_dword_800E40D0;
int SECTION(".bss") rank_dword_800E40D4;
int SECTION(".bss") rank_dword_800E40D8;
int SECTION(".bss") rank_dword_800E40DC;
int SECTION(".bss") rank_dword_800E40E0;
int SECTION(".bss") rank_dword_800E40E4;
int SECTION(".bss") rank_dword_800E40E8;
int SECTION(".bss") rank_dword_800E40EC;
int SECTION(".bss") rank_dword_800E40F0;
int SECTION(".bss") rank_dword_800E40F4;
int SECTION(".bss") rank_dword_800E40F8;
int SECTION(".bss") rank_dword_800E40FC;
int SECTION(".bss") rank_dword_800E4100;
int SECTION(".bss") rank_dword_800E4104;
int SECTION(".bss") rank_dword_800E4108;
int SECTION(".bss") rank_dword_800E410C;
int SECTION(".bss") rank_dword_800E4110;
int SECTION(".bss") rank_dword_800E4114;
int SECTION(".bss") rank_dword_800E4118;
int SECTION(".bss") rank_dword_800E411C;
int SECTION(".bss") rank_dword_800E4120;
int SECTION(".bss") rank_dword_800E4124;
int SECTION(".bss") rank_dword_800E4128;
int SECTION(".bss") rank_dword_800E412C;
int SECTION(".bss") rank_dword_800E4130;
int SECTION(".bss") rank_dword_800E4134;
int SECTION(".bss") rank_dword_800E4138;
int SECTION(".bss") rank_dword_800E413C;
int SECTION(".bss") rank_dword_800E4140;
int SECTION(".bss") rank_dword_800E4144;
int SECTION(".bss") rank_dword_800E4148;
int SECTION(".bss") rank_dword_800E414C;
int SECTION(".bss") rank_dword_800E4150;
int SECTION(".bss") rank_dword_800E4154;
int SECTION(".bss") rank_dword_800E4158;
int SECTION(".bss") rank_dword_800E415C;
int SECTION(".bss") rank_dword_800E4160;
int SECTION(".bss") rank_dword_800E4164;
int SECTION(".bss") rank_dword_800E4168;
int SECTION(".bss") rank_dword_800E416C;
int SECTION(".bss") rank_dword_800E4170;
int SECTION(".bss") rank_dword_800E4174;
int SECTION(".bss") rank_dword_800E4178;
int SECTION(".bss") rank_dword_800E417C;
int SECTION(".bss") rank_dword_800E4180;
int SECTION(".bss") rank_dword_800E4184;
int SECTION(".bss") rank_dword_800E4188;
int SECTION(".bss") rank_dword_800E418C;
int SECTION(".bss") rank_dword_800E4190;
int SECTION(".bss") rank_dword_800E4194;
int SECTION(".bss") rank_dword_800E4198;
int SECTION(".bss") rank_dword_800E419C;
int SECTION(".bss") rank_dword_800E41A0;
int SECTION(".bss") rank_dword_800E41A4;
int SECTION(".bss") rank_dword_800E41A8;
int SECTION(".bss") rank_dword_800E41AC;
int SECTION(".bss") rank_dword_800E41B0;
int SECTION(".bss") rank_dword_800E41B4;
int SECTION(".bss") rank_dword_800E41B8;
int SECTION(".bss") rank_dword_800E41BC;
int SECTION(".bss") rank_dword_800E41C0;
int SECTION(".bss") rank_dword_800E41C4;
int SECTION(".bss") rank_dword_800E41C8;
int SECTION(".bss") rank_dword_800E41CC;
int SECTION(".bss") rank_dword_800E41D0;
int SECTION(".bss") rank_dword_800E41D4;
int SECTION(".bss") rank_dword_800E41D8;
int SECTION(".bss") rank_dword_800E41DC;
int SECTION(".bss") rank_dword_800E41E0;
int SECTION(".bss") rank_dword_800E41E4;
int SECTION(".bss") rank_dword_800E41E8;
int SECTION(".bss") rank_dword_800E41EC;
int SECTION(".bss") rank_dword_800E41F0;
int SECTION(".bss") rank_dword_800E41F4;
int SECTION(".bss") rank_dword_800E41F8;
int SECTION(".bss") rank_dword_800E41FC;
int SECTION(".bss") rank_dword_800E4200;
int SECTION(".bss") rank_dword_800E4204;
int SECTION(".bss") rank_dword_800E4208;
int SECTION(".bss") rank_dword_800E420C;
int SECTION(".bss") rank_dword_800E4210;
int SECTION(".bss") rank_dword_800E4214;
int SECTION(".bss") rank_dword_800E4218;
int SECTION(".bss") rank_dword_800E421C;
int SECTION(".bss") rank_dword_800E4220;
int SECTION(".bss") rank_dword_800E4224;
int SECTION(".bss") rank_dword_800E4228;
int SECTION(".bss") rank_dword_800E422C;
int SECTION(".bss") rank_dword_800E4230;
int SECTION(".bss") rank_dword_800E4234;
int SECTION(".bss") rank_dword_800E4238;
int SECTION(".bss") rank_dword_800E423C;
int SECTION(".bss") rank_dword_800E4240;
int SECTION(".bss") rank_dword_800E4244;
int SECTION(".bss") rank_dword_800E4248;
int SECTION(".bss") rank_dword_800E424C;
int SECTION(".bss") rank_dword_800E4250;
int SECTION(".bss") rank_dword_800E4254;
int SECTION(".bss") rank_dword_800E4258;
int SECTION(".bss") rank_dword_800E425C;
int SECTION(".bss") rank_dword_800E4260;
int SECTION(".bss") rank_dword_800E4264;
int SECTION(".bss") rank_dword_800E4268;
int SECTION(".bss") rank_dword_800E426C;
int SECTION(".bss") rank_dword_800E4270;
int SECTION(".bss") rank_dword_800E4274;
int SECTION(".bss") rank_dword_800E4278;
int SECTION(".bss") rank_dword_800E427C;
int SECTION(".bss") rank_dword_800E4280;
int SECTION(".bss") rank_dword_800E4284;
int SECTION(".bss") rank_dword_800E4288;
int SECTION(".bss") rank_dword_800E428C;
int SECTION(".bss") rank_dword_800E4290;
int SECTION(".bss") rank_dword_800E4294;
int SECTION(".bss") rank_dword_800E4298;
int SECTION(".bss") rank_dword_800E429C;
int SECTION(".bss") rank_dword_800E42A0;
int SECTION(".bss") rank_dword_800E42A4;
int SECTION(".bss") rank_dword_800E42A8;
int SECTION(".bss") rank_dword_800E42AC;
int SECTION(".bss") rank_dword_800E42B0;
int SECTION(".bss") rank_dword_800E42B4;
int SECTION(".bss") rank_dword_800E42B8;
int SECTION(".bss") rank_dword_800E42BC;
int SECTION(".bss") rank_dword_800E42C0;
int SECTION(".bss") rank_dword_800E42C4;
int SECTION(".bss") rank_dword_800E42C8;
int SECTION(".bss") rank_dword_800E42CC;
int SECTION(".bss") rank_dword_800E42D0;
int SECTION(".bss") rank_dword_800E42D4;
int SECTION(".bss") rank_dword_800E42D8;
int SECTION(".bss") rank_dword_800E42DC;
int SECTION(".bss") rank_dword_800E42E0;
int SECTION(".bss") rank_dword_800E42E4;
int SECTION(".bss") rank_dword_800E42E8;
int SECTION(".bss") rank_dword_800E42EC;
int SECTION(".bss") rank_dword_800E42F0;
int SECTION(".bss") rank_dword_800E42F4;
int SECTION(".bss") rank_dword_800E42F8;
int SECTION(".bss") rank_dword_800E42FC;
int SECTION(".bss") rank_dword_800E4300;
int SECTION(".bss") rank_dword_800E4304;
int SECTION(".bss") rank_dword_800E4308;
int SECTION(".bss") rank_dword_800E430C;
int SECTION(".bss") rank_dword_800E4310;
int SECTION(".bss") rank_dword_800E4314;
int SECTION(".bss") rank_dword_800E4318;
int SECTION(".bss") rank_dword_800E431C;
int SECTION(".bss") rank_dword_800E4320;
int SECTION(".bss") rank_dword_800E4324;
int SECTION(".bss") rank_dword_800E4328;
int SECTION(".bss") rank_dword_800E432C;
int SECTION(".bss") rank_dword_800E4330;
int SECTION(".bss") rank_dword_800E4334;
int SECTION(".bss") rank_dword_800E4338;
int SECTION(".bss") rank_dword_800E433C;
int SECTION(".bss") rank_dword_800E4340;
int SECTION(".bss") rank_dword_800E4344;
int SECTION(".bss") rank_dword_800E4348;
int SECTION(".bss") rank_dword_800E434C;
int SECTION(".bss") rank_dword_800E4350;
int SECTION(".bss") rank_dword_800E4354;
int SECTION(".bss") rank_dword_800E4358;
int SECTION(".bss") rank_dword_800E435C;
int SECTION(".bss") rank_dword_800E4360;
int SECTION(".bss") rank_dword_800E4364;
int SECTION(".bss") rank_dword_800E4368;
int SECTION(".bss") rank_dword_800E436C;
int SECTION(".bss") rank_dword_800E4370;
int SECTION(".bss") rank_dword_800E4374;
int SECTION(".bss") rank_dword_800E4378;
int SECTION(".bss") rank_dword_800E437C;
int SECTION(".bss") rank_dword_800E4380;
int SECTION(".bss") rank_dword_800E4384;
int SECTION(".bss") rank_dword_800E4388;
int SECTION(".bss") rank_dword_800E438C;
int SECTION(".bss") rank_dword_800E4390;
int SECTION(".bss") rank_dword_800E4394;
int SECTION(".bss") rank_dword_800E4398;
int SECTION(".bss") rank_dword_800E439C;
int SECTION(".bss") rank_dword_800E43A0;
int SECTION(".bss") rank_dword_800E43A4;
int SECTION(".bss") rank_dword_800E43A8;
int SECTION(".bss") rank_dword_800E43AC;
int SECTION(".bss") rank_dword_800E43B0;
int SECTION(".bss") rank_dword_800E43B4;
int SECTION(".bss") rank_dword_800E43B8;
int SECTION(".bss") rank_dword_800E43BC;
int SECTION(".bss") rank_dword_800E43C0;
int SECTION(".bss") rank_dword_800E43C4;
int SECTION(".bss") rank_dword_800E43C8;
int SECTION(".bss") rank_dword_800E43CC;
int SECTION(".bss") rank_dword_800E43D0;
int SECTION(".bss") rank_dword_800E43D4;
int SECTION(".bss") rank_dword_800E43D8;
int SECTION(".bss") rank_dword_800E43DC;
int SECTION(".bss") rank_dword_800E43E0;
int SECTION(".bss") rank_dword_800E43E4;
int SECTION(".bss") rank_dword_800E43E8;
int SECTION(".bss") rank_dword_800E43EC;
int SECTION(".bss") rank_dword_800E43F0;
int SECTION(".bss") rank_dword_800E43F4;
int SECTION(".bss") rank_dword_800E43F8;
int SECTION(".bss") rank_dword_800E43FC;
int SECTION(".bss") rank_dword_800E4400;
int SECTION(".bss") rank_dword_800E4404;
int SECTION(".bss") rank_dword_800E4408;
int SECTION(".bss") rank_dword_800E440C;
int SECTION(".bss") rank_dword_800E4410;
int SECTION(".bss") rank_dword_800E4414;
int SECTION(".bss") rank_dword_800E4418;
int SECTION(".bss") rank_dword_800E441C;
int SECTION(".bss") rank_dword_800E4420;
int SECTION(".bss") rank_dword_800E4424;
int SECTION(".bss") rank_dword_800E4428;
int SECTION(".bss") rank_dword_800E442C;
int SECTION(".bss") rank_dword_800E4430;
int SECTION(".bss") rank_dword_800E4434;
int SECTION(".bss") rank_dword_800E4438;
int SECTION(".bss") rank_dword_800E443C;
int SECTION(".bss") rank_dword_800E4440;
int SECTION(".bss") rank_dword_800E4444;
int SECTION(".bss") rank_dword_800E4448;
int SECTION(".bss") rank_dword_800E444C;
int SECTION(".bss") rank_dword_800E4450;
int SECTION(".bss") rank_dword_800E4454;
int SECTION(".bss") rank_dword_800E4458;
int SECTION(".bss") rank_dword_800E445C;
int SECTION(".bss") rank_dword_800E4460;
int SECTION(".bss") rank_dword_800E4464;
int SECTION(".bss") rank_dword_800E4468;
int SECTION(".bss") rank_dword_800E446C;
int SECTION(".bss") rank_dword_800E4470;
int SECTION(".bss") rank_dword_800E4474;
int SECTION(".bss") rank_dword_800E4478;
int SECTION(".bss") rank_dword_800E447C;
int SECTION(".bss") rank_dword_800E4480;
int SECTION(".bss") rank_dword_800E4484;
int SECTION(".bss") rank_dword_800E4488;
int SECTION(".bss") rank_dword_800E448C;
int SECTION(".bss") rank_dword_800E4490;
int SECTION(".bss") rank_dword_800E4494;
int SECTION(".bss") rank_dword_800E4498;
int SECTION(".bss") rank_dword_800E449C;
int SECTION(".bss") rank_dword_800E44A0;
int SECTION(".bss") rank_dword_800E44A4;
int SECTION(".bss") rank_dword_800E44A8;
int SECTION(".bss") rank_dword_800E44AC;
int SECTION(".bss") rank_dword_800E44B0;
int SECTION(".bss") rank_dword_800E44B4;
int SECTION(".bss") rank_dword_800E44B8;
int SECTION(".bss") rank_dword_800E44BC;
int SECTION(".bss") rank_dword_800E44C0;
int SECTION(".bss") rank_dword_800E44C4;
int SECTION(".bss") rank_dword_800E44C8;
int SECTION(".bss") rank_dword_800E44CC;
int SECTION(".bss") rank_dword_800E44D0;
int SECTION(".bss") rank_dword_800E44D4;
int SECTION(".bss") rank_dword_800E44D8;
int SECTION(".bss") rank_dword_800E44DC;
int SECTION(".bss") rank_dword_800E44E0;
int SECTION(".bss") rank_dword_800E44E4;
int SECTION(".bss") rank_dword_800E44E8;
int SECTION(".bss") rank_dword_800E44EC;
int SECTION(".bss") rank_dword_800E44F0;
int SECTION(".bss") rank_dword_800E44F4;
int SECTION(".bss") rank_dword_800E44F8;
int SECTION(".bss") rank_dword_800E44FC;
int SECTION(".bss") rank_dword_800E4500;
int SECTION(".bss") rank_dword_800E4504;
int SECTION(".bss") rank_dword_800E4508;
int SECTION(".bss") rank_dword_800E450C;
int SECTION(".bss") rank_dword_800E4510;
int SECTION(".bss") rank_dword_800E4514;
int SECTION(".bss") rank_dword_800E4518;
int SECTION(".bss") rank_dword_800E451C;
int SECTION(".bss") rank_dword_800E4520;
int SECTION(".bss") rank_dword_800E4524;
int SECTION(".bss") rank_dword_800E4528;
int SECTION(".bss") rank_dword_800E452C;
int SECTION(".bss") rank_dword_800E4530;
int SECTION(".bss") rank_dword_800E4534;
int SECTION(".bss") rank_dword_800E4538;
int SECTION(".bss") rank_dword_800E453C;
int SECTION(".bss") rank_dword_800E4540;
int SECTION(".bss") rank_dword_800E4544;
int SECTION(".bss") rank_dword_800E4548;
int SECTION(".bss") rank_dword_800E454C;
int SECTION(".bss") rank_dword_800E4550;
int SECTION(".bss") rank_dword_800E4554;
int SECTION(".bss") rank_dword_800E4558;
int SECTION(".bss") rank_dword_800E455C;
int SECTION(".bss") rank_dword_800E4560;
int SECTION(".bss") rank_dword_800E4564;
int SECTION(".bss") rank_dword_800E4568;
int SECTION(".bss") rank_dword_800E456C;
int SECTION(".bss") rank_dword_800E4570;
int SECTION(".bss") rank_dword_800E4574;
int SECTION(".bss") rank_dword_800E4578;
int SECTION(".bss") rank_dword_800E457C;
int SECTION(".bss") rank_dword_800E4580;
int SECTION(".bss") rank_dword_800E4584;
int SECTION(".bss") rank_dword_800E4588;
int SECTION(".bss") rank_dword_800E458C;
int SECTION(".bss") rank_dword_800E4590;
int SECTION(".bss") rank_dword_800E4594;
int SECTION(".bss") rank_dword_800E4598;
int SECTION(".bss") rank_dword_800E459C;
int SECTION(".bss") rank_dword_800E45A0;
int SECTION(".bss") rank_dword_800E45A4;
int SECTION(".bss") rank_dword_800E45A8;
int SECTION(".bss") rank_dword_800E45AC;
int SECTION(".bss") rank_dword_800E45B0;
int SECTION(".bss") rank_dword_800E45B4;
int SECTION(".bss") rank_dword_800E45B8;
int SECTION(".bss") rank_dword_800E45BC;
int SECTION(".bss") rank_dword_800E45C0;
int SECTION(".bss") rank_dword_800E45C4;
int SECTION(".bss") rank_dword_800E45C8;
int SECTION(".bss") rank_dword_800E45CC;
int SECTION(".bss") rank_dword_800E45D0;
int SECTION(".bss") rank_dword_800E45D4;
int SECTION(".bss") rank_dword_800E45D8;
int SECTION(".bss") rank_dword_800E45DC;
int SECTION(".bss") rank_dword_800E45E0;
int SECTION(".bss") rank_dword_800E45E4;
int SECTION(".bss") rank_dword_800E45E8;
int SECTION(".bss") rank_dword_800E45EC;
int SECTION(".bss") rank_dword_800E45F0;
int SECTION(".bss") rank_dword_800E45F4;
int SECTION(".bss") rank_dword_800E45F8;
int SECTION(".bss") rank_dword_800E45FC;
int SECTION(".bss") rank_dword_800E4600;
int SECTION(".bss") rank_dword_800E4604;
int SECTION(".bss") rank_dword_800E4608;
int SECTION(".bss") rank_dword_800E460C;
int SECTION(".bss") rank_dword_800E4610;
int SECTION(".bss") rank_dword_800E4614;
int SECTION(".bss") rank_dword_800E4618;
int SECTION(".bss") rank_dword_800E461C;
int SECTION(".bss") rank_dword_800E4620;
int SECTION(".bss") rank_dword_800E4624;
int SECTION(".bss") rank_dword_800E4628;
int SECTION(".bss") rank_dword_800E462C;
int SECTION(".bss") rank_dword_800E4630;
int SECTION(".bss") rank_dword_800E4634;
int SECTION(".bss") rank_dword_800E4638;
int SECTION(".bss") rank_dword_800E463C;
int SECTION(".bss") rank_dword_800E4640;
int SECTION(".bss") rank_dword_800E4644;
int SECTION(".bss") rank_dword_800E4648;
int SECTION(".bss") rank_dword_800E464C;
int SECTION(".bss") rank_dword_800E4650;
int SECTION(".bss") rank_dword_800E4654;
int SECTION(".bss") rank_dword_800E4658;
int SECTION(".bss") rank_dword_800E465C;
int SECTION(".bss") rank_dword_800E4660;
int SECTION(".bss") rank_dword_800E4664;
int SECTION(".bss") rank_dword_800E4668;
int SECTION(".bss") rank_dword_800E466C;
int SECTION(".bss") rank_dword_800E4670;
int SECTION(".bss") rank_dword_800E4674;
int SECTION(".bss") rank_dword_800E4678;
int SECTION(".bss") rank_dword_800E467C;
int SECTION(".bss") rank_dword_800E4680;
int SECTION(".bss") rank_dword_800E4684;
int SECTION(".bss") rank_dword_800E4688;
int SECTION(".bss") rank_dword_800E468C;
int SECTION(".bss") rank_dword_800E4690;
int SECTION(".bss") rank_dword_800E4694;
int SECTION(".bss") rank_dword_800E4698;
int SECTION(".bss") rank_dword_800E469C;
int SECTION(".bss") rank_dword_800E46A0;
int SECTION(".bss") rank_dword_800E46A4;
int SECTION(".bss") rank_dword_800E46A8;
int SECTION(".bss") rank_dword_800E46AC;
int SECTION(".bss") rank_dword_800E46B0;
int SECTION(".bss") rank_dword_800E46B4;
int SECTION(".bss") rank_dword_800E46B8;
int SECTION(".bss") rank_dword_800E46BC;
int SECTION(".bss") rank_dword_800E46C0;
int SECTION(".bss") rank_dword_800E46C4;
int SECTION(".bss") rank_dword_800E46C8;
int SECTION(".bss") rank_dword_800E46CC;
int SECTION(".bss") rank_dword_800E46D0;
int SECTION(".bss") rank_dword_800E46D4;
int SECTION(".bss") rank_dword_800E46D8;
int SECTION(".bss") rank_dword_800E46DC;
int SECTION(".bss") rank_dword_800E46E0;
int SECTION(".bss") rank_dword_800E46E4;
int SECTION(".bss") rank_dword_800E46E8;
int SECTION(".bss") rank_dword_800E46EC;
int SECTION(".bss") rank_dword_800E46F0;
int SECTION(".bss") rank_dword_800E46F4;
int SECTION(".bss") rank_dword_800E46F8;
int SECTION(".bss") rank_dword_800E46FC;
int SECTION(".bss") rank_dword_800E4700;
int SECTION(".bss") rank_dword_800E4704;
int SECTION(".bss") rank_dword_800E4708;
int SECTION(".bss") rank_dword_800E470C;
int SECTION(".bss") rank_dword_800E4710;
int SECTION(".bss") rank_dword_800E4714;
int SECTION(".bss") rank_dword_800E4718;
int SECTION(".bss") rank_dword_800E471C;
int SECTION(".bss") rank_dword_800E4720;
int SECTION(".bss") rank_dword_800E4724;
int SECTION(".bss") rank_dword_800E4728;
int SECTION(".bss") rank_dword_800E472C;
int SECTION(".bss") rank_dword_800E4730;
int SECTION(".bss") rank_dword_800E4734;
int SECTION(".bss") rank_dword_800E4738;
int SECTION(".bss") rank_dword_800E473C;
int SECTION(".bss") rank_dword_800E4740;
int SECTION(".bss") rank_dword_800E4744;
int SECTION(".bss") rank_dword_800E4748;
int SECTION(".bss") rank_dword_800E474C;
int SECTION(".bss") rank_dword_800E4750;
int SECTION(".bss") rank_dword_800E4754;
int SECTION(".bss") rank_dword_800E4758;
int SECTION(".bss") rank_dword_800E475C;
int SECTION(".bss") rank_dword_800E4760;
int SECTION(".bss") rank_dword_800E4764;
int SECTION(".bss") rank_dword_800E4768;
int SECTION(".bss") rank_dword_800E476C;
int SECTION(".bss") rank_dword_800E4770;
int SECTION(".bss") rank_dword_800E4774;
int SECTION(".bss") rank_dword_800E4778;
int SECTION(".bss") rank_dword_800E477C;
int SECTION(".bss") rank_dword_800E4780;
int SECTION(".bss") rank_dword_800E4784;
int SECTION(".bss") rank_dword_800E4788;
int SECTION(".bss") rank_dword_800E478C;
int SECTION(".bss") rank_dword_800E4790;
int SECTION(".bss") rank_dword_800E4794;
int SECTION(".bss") rank_dword_800E4798;
int SECTION(".bss") rank_dword_800E479C;
int SECTION(".bss") rank_dword_800E47A0;
int SECTION(".bss") rank_dword_800E47A4;
int SECTION(".bss") rank_dword_800E47A8;
int SECTION(".bss") rank_dword_800E47AC;
int SECTION(".bss") rank_dword_800E47B0;
int SECTION(".bss") rank_dword_800E47B4;
int SECTION(".bss") rank_dword_800E47B8;
int SECTION(".bss") rank_dword_800E47BC;
int SECTION(".bss") rank_dword_800E47C0;
int SECTION(".bss") rank_dword_800E47C4;
int SECTION(".bss") rank_dword_800E47C8;
int SECTION(".bss") rank_dword_800E47CC;
int SECTION(".bss") rank_dword_800E47D0;
int SECTION(".bss") rank_dword_800E47D4;
int SECTION(".bss") rank_dword_800E47D8;
int SECTION(".bss") rank_dword_800E47DC;
int SECTION(".bss") rank_dword_800E47E0;
int SECTION(".bss") rank_dword_800E47E4;
int SECTION(".bss") rank_dword_800E47E8;
int SECTION(".bss") rank_dword_800E47EC;
int SECTION(".bss") rank_dword_800E47F0;
int SECTION(".bss") rank_dword_800E47F4;
int SECTION(".bss") rank_dword_800E47F8;
int SECTION(".bss") rank_dword_800E47FC;
int SECTION(".bss") rank_dword_800E4800;
int SECTION(".bss") rank_dword_800E4804;
int SECTION(".bss") rank_dword_800E4808;
int SECTION(".bss") rank_dword_800E480C;
int SECTION(".bss") rank_dword_800E4810;
int SECTION(".bss") rank_dword_800E4814;
int SECTION(".bss") rank_dword_800E4818;
int SECTION(".bss") rank_dword_800E481C;
int SECTION(".bss") rank_dword_800E4820;
int SECTION(".bss") rank_dword_800E4824;
int SECTION(".bss") rank_dword_800E4828;
int SECTION(".bss") rank_dword_800E482C;
int SECTION(".bss") rank_dword_800E4830;
int SECTION(".bss") rank_dword_800E4834;
int SECTION(".bss") rank_dword_800E4838;
int SECTION(".bss") rank_dword_800E483C;
int SECTION(".bss") rank_dword_800E4840;
int SECTION(".bss") rank_dword_800E4844;
int SECTION(".bss") rank_dword_800E4848;
int SECTION(".bss") rank_dword_800E484C;
int SECTION(".bss") rank_dword_800E4850;
int SECTION(".bss") rank_dword_800E4854;
int SECTION(".bss") rank_dword_800E4858;
int SECTION(".bss") rank_dword_800E485C;
int SECTION(".bss") rank_dword_800E4860;
int SECTION(".bss") rank_dword_800E4864;
int SECTION(".bss") rank_dword_800E4868;
int SECTION(".bss") rank_dword_800E486C;
int SECTION(".bss") rank_dword_800E4870;
int SECTION(".bss") rank_dword_800E4874;
int SECTION(".bss") rank_dword_800E4878;
int SECTION(".bss") rank_dword_800E487C;
int SECTION(".bss") rank_dword_800E4880;
int SECTION(".bss") rank_dword_800E4884;
int SECTION(".bss") rank_dword_800E4888;
int SECTION(".bss") rank_dword_800E488C;
int SECTION(".bss") rank_dword_800E4890;
int SECTION(".bss") rank_dword_800E4894;
int SECTION(".bss") rank_dword_800E4898;
int SECTION(".bss") rank_dword_800E489C;
int SECTION(".bss") rank_dword_800E48A0;
int SECTION(".bss") rank_dword_800E48A4;
int SECTION(".bss") rank_dword_800E48A8;
int SECTION(".bss") rank_dword_800E48AC;
int SECTION(".bss") rank_dword_800E48B0;
int SECTION(".bss") rank_dword_800E48B4;
int SECTION(".bss") rank_dword_800E48B8;
int SECTION(".bss") rank_dword_800E48BC;
int SECTION(".bss") rank_dword_800E48C0;
int SECTION(".bss") rank_dword_800E48C4;
int SECTION(".bss") rank_dword_800E48C8;
int SECTION(".bss") rank_dword_800E48CC;
int SECTION(".bss") rank_dword_800E48D0;
int SECTION(".bss") rank_dword_800E48D4;
int SECTION(".bss") rank_dword_800E48D8;
int SECTION(".bss") rank_dword_800E48DC;
int SECTION(".bss") rank_dword_800E48E0;
int SECTION(".bss") rank_dword_800E48E4;
int SECTION(".bss") rank_dword_800E48E8;
int SECTION(".bss") rank_dword_800E48EC;
int SECTION(".bss") rank_dword_800E48F0;
int SECTION(".bss") rank_dword_800E48F4;
int SECTION(".bss") rank_dword_800E48F8;
int SECTION(".bss") rank_dword_800E48FC;
int SECTION(".bss") rank_dword_800E4900;
int SECTION(".bss") rank_dword_800E4904;
int SECTION(".bss") rank_dword_800E4908;
int SECTION(".bss") rank_dword_800E490C;
int SECTION(".bss") rank_dword_800E4910;
int SECTION(".bss") rank_dword_800E4914;
int SECTION(".bss") rank_dword_800E4918;
int SECTION(".bss") rank_dword_800E491C;
int SECTION(".bss") rank_dword_800E4920;
int SECTION(".bss") rank_dword_800E4924;
int SECTION(".bss") rank_dword_800E4928;
int SECTION(".bss") rank_dword_800E492C;
int SECTION(".bss") rank_dword_800E4930;
int SECTION(".bss") rank_dword_800E4934;
int SECTION(".bss") rank_dword_800E4938;
int SECTION(".bss") rank_dword_800E493C;
int SECTION(".bss") rank_dword_800E4940;
int SECTION(".bss") rank_dword_800E4944;
int SECTION(".bss") rank_dword_800E4948;
int SECTION(".bss") rank_dword_800E494C;
int SECTION(".bss") rank_dword_800E4950;
int SECTION(".bss") rank_dword_800E4954;
int SECTION(".bss") rank_dword_800E4958;
int SECTION(".bss") rank_dword_800E495C;
int SECTION(".bss") rank_dword_800E4960;
int SECTION(".bss") rank_dword_800E4964;
int SECTION(".bss") rank_dword_800E4968;
int SECTION(".bss") rank_dword_800E496C;
int SECTION(".bss") rank_dword_800E4970;
int SECTION(".bss") rank_dword_800E4974;
int SECTION(".bss") rank_dword_800E4978;
int SECTION(".bss") rank_dword_800E497C;
int SECTION(".bss") rank_dword_800E4980;
int SECTION(".bss") rank_dword_800E4984;
int SECTION(".bss") rank_dword_800E4988;
int SECTION(".bss") rank_dword_800E498C;
int SECTION(".bss") rank_dword_800E4990;
int SECTION(".bss") rank_dword_800E4994;
int SECTION(".bss") rank_dword_800E4998;
int SECTION(".bss") rank_dword_800E499C;
int SECTION(".bss") rank_dword_800E49A0;
int SECTION(".bss") rank_dword_800E49A4;
int SECTION(".bss") rank_dword_800E49A8;
int SECTION(".bss") rank_dword_800E49AC;
int SECTION(".bss") rank_dword_800E49B0;
int SECTION(".bss") rank_dword_800E49B4;
int SECTION(".bss") rank_dword_800E49B8;
int SECTION(".bss") rank_dword_800E49BC;
int SECTION(".bss") rank_dword_800E49C0;
int SECTION(".bss") rank_dword_800E49C4;
int SECTION(".bss") rank_dword_800E49C8;
int SECTION(".bss") rank_dword_800E49CC;
int SECTION(".bss") rank_dword_800E49D0;
int SECTION(".bss") rank_dword_800E49D4;
int SECTION(".bss") rank_dword_800E49D8;
int SECTION(".bss") rank_dword_800E49DC;
int SECTION(".bss") rank_dword_800E49E0;
int SECTION(".bss") rank_dword_800E49E4;
int SECTION(".bss") rank_dword_800E49E8;
int SECTION(".bss") rank_dword_800E49EC;
int SECTION(".bss") rank_dword_800E49F0;
int SECTION(".bss") rank_dword_800E49F4;
int SECTION(".bss") rank_dword_800E49F8;
int SECTION(".bss") rank_dword_800E49FC;
int SECTION(".bss") rank_dword_800E4A00;
int SECTION(".bss") rank_dword_800E4A04;
int SECTION(".bss") rank_dword_800E4A08;
int SECTION(".bss") rank_dword_800E4A0C;
int SECTION(".bss") rank_dword_800E4A10;
int SECTION(".bss") rank_dword_800E4A14;
int SECTION(".bss") rank_dword_800E4A18;
int SECTION(".bss") rank_dword_800E4A1C;
int SECTION(".bss") rank_dword_800E4A20;
int SECTION(".bss") rank_dword_800E4A24;
int SECTION(".bss") rank_dword_800E4A28;
int SECTION(".bss") rank_dword_800E4A2C;
int SECTION(".bss") rank_dword_800E4A30;
int SECTION(".bss") rank_dword_800E4A34;
int SECTION(".bss") rank_dword_800E4A38;
int SECTION(".bss") rank_dword_800E4A3C;
int SECTION(".bss") rank_dword_800E4A40;
int SECTION(".bss") rank_dword_800E4A44;
int SECTION(".bss") rank_dword_800E4A48;
int SECTION(".bss") rank_dword_800E4A4C;
int SECTION(".bss") rank_dword_800E4A50;
int SECTION(".bss") rank_dword_800E4A54;
int SECTION(".bss") rank_dword_800E4A58;
int SECTION(".bss") rank_dword_800E4A5C;
int SECTION(".bss") rank_dword_800E4A60;
int SECTION(".bss") rank_dword_800E4A64;
int SECTION(".bss") rank_dword_800E4A68;
int SECTION(".bss") rank_dword_800E4A6C;
int SECTION(".bss") rank_dword_800E4A70;
int SECTION(".bss") rank_dword_800E4A74;
int SECTION(".bss") rank_dword_800E4A78;
int SECTION(".bss") rank_dword_800E4A7C;
int SECTION(".bss") rank_dword_800E4A80;
int SECTION(".bss") rank_dword_800E4A84;
int SECTION(".bss") rank_dword_800E4A88;
int SECTION(".bss") rank_dword_800E4A8C;
int SECTION(".bss") rank_dword_800E4A90;
int SECTION(".bss") rank_dword_800E4A94;
int SECTION(".bss") rank_dword_800E4A98;
int SECTION(".bss") rank_dword_800E4A9C;
int SECTION(".bss") rank_dword_800E4AA0;
int SECTION(".bss") rank_dword_800E4AA4;
int SECTION(".bss") rank_dword_800E4AA8;
int SECTION(".bss") rank_dword_800E4AAC;
int SECTION(".bss") rank_dword_800E4AB0;
int SECTION(".bss") rank_dword_800E4AB4;
int SECTION(".bss") rank_dword_800E4AB8;
int SECTION(".bss") rank_dword_800E4ABC;
int SECTION(".bss") rank_dword_800E4AC0;
int SECTION(".bss") rank_dword_800E4AC4;
int SECTION(".bss") rank_dword_800E4AC8;
int SECTION(".bss") rank_dword_800E4ACC;
int SECTION(".bss") rank_dword_800E4AD0;
int SECTION(".bss") rank_dword_800E4AD4;
int SECTION(".bss") rank_dword_800E4AD8;
int SECTION(".bss") rank_dword_800E4ADC;
int SECTION(".bss") rank_dword_800E4AE0;
int SECTION(".bss") rank_dword_800E4AE4;
int SECTION(".bss") rank_dword_800E4AE8;
int SECTION(".bss") rank_dword_800E4AEC;
int SECTION(".bss") rank_dword_800E4AF0;
int SECTION(".bss") rank_dword_800E4AF4;
int SECTION(".bss") rank_dword_800E4AF8;
int SECTION(".bss") rank_dword_800E4AFC;
int SECTION(".bss") rank_dword_800E4B00;
int SECTION(".bss") rank_dword_800E4B04;
int SECTION(".bss") rank_dword_800E4B08;
int SECTION(".bss") rank_dword_800E4B0C;
int SECTION(".bss") rank_dword_800E4B10;
int SECTION(".bss") rank_dword_800E4B14;
int SECTION(".bss") rank_dword_800E4B18;
int SECTION(".bss") rank_dword_800E4B1C;
int SECTION(".bss") rank_dword_800E4B20;
int SECTION(".bss") rank_dword_800E4B24;
int SECTION(".bss") rank_dword_800E4B28;
int SECTION(".bss") rank_dword_800E4B2C;
int SECTION(".bss") rank_dword_800E4B30;
int SECTION(".bss") rank_dword_800E4B34;
int SECTION(".bss") rank_dword_800E4B38;
int SECTION(".bss") rank_dword_800E4B3C;
int SECTION(".bss") rank_dword_800E4B40;
int SECTION(".bss") rank_dword_800E4B44;
int SECTION(".bss") rank_dword_800E4B48;
int SECTION(".bss") rank_dword_800E4B4C;
int SECTION(".bss") rank_dword_800E4B50;
int SECTION(".bss") rank_dword_800E4B54;
int SECTION(".bss") rank_dword_800E4B58;
int SECTION(".bss") rank_dword_800E4B5C;
int SECTION(".bss") rank_dword_800E4B60;
int SECTION(".bss") rank_dword_800E4B64;
int SECTION(".bss") rank_dword_800E4B68;
int SECTION(".bss") rank_dword_800E4B6C;
int SECTION(".bss") rank_dword_800E4B70;
int SECTION(".bss") rank_dword_800E4B74;
int SECTION(".bss") rank_dword_800E4B78;
int SECTION(".bss") rank_dword_800E4B7C;
int SECTION(".bss") rank_dword_800E4B80;
int SECTION(".bss") rank_dword_800E4B84;
int SECTION(".bss") rank_dword_800E4B88;
int SECTION(".bss") rank_dword_800E4B8C;
int SECTION(".bss") rank_dword_800E4B90;
int SECTION(".bss") rank_dword_800E4B94;
int SECTION(".bss") rank_dword_800E4B98;
int SECTION(".bss") rank_dword_800E4B9C;
int SECTION(".bss") rank_dword_800E4BA0;
int SECTION(".bss") rank_dword_800E4BA4;
int SECTION(".bss") rank_dword_800E4BA8;
int SECTION(".bss") rank_dword_800E4BAC;
int SECTION(".bss") rank_dword_800E4BB0;
int SECTION(".bss") rank_dword_800E4BB4;
int SECTION(".bss") rank_dword_800E4BB8;
int SECTION(".bss") rank_dword_800E4BBC;
int SECTION(".bss") rank_dword_800E4BC0;
int SECTION(".bss") rank_dword_800E4BC4;
int SECTION(".bss") rank_dword_800E4BC8;
int SECTION(".bss") rank_dword_800E4BCC;
int SECTION(".bss") rank_dword_800E4BD0;
int SECTION(".bss") rank_dword_800E4BD4;
int SECTION(".bss") rank_dword_800E4BD8;
int SECTION(".bss") rank_dword_800E4BDC;
int SECTION(".bss") rank_dword_800E4BE0;
int SECTION(".bss") rank_dword_800E4BE4;
int SECTION(".bss") rank_dword_800E4BE8;
int SECTION(".bss") rank_dword_800E4BEC;
int SECTION(".bss") rank_dword_800E4BF0;
int SECTION(".bss") rank_dword_800E4BF4;
int SECTION(".bss") rank_dword_800E4BF8;
int SECTION(".bss") rank_dword_800E4BFC;
int SECTION(".bss") rank_dword_800E4C00;
int SECTION(".bss") rank_dword_800E4C04;
int SECTION(".bss") rank_dword_800E4C08;
int SECTION(".bss") rank_dword_800E4C0C;
int SECTION(".bss") rank_dword_800E4C10;
int SECTION(".bss") rank_dword_800E4C14;
int SECTION(".bss") rank_dword_800E4C18;
int SECTION(".bss") rank_dword_800E4C1C;
int SECTION(".bss") rank_dword_800E4C20;
int SECTION(".bss") rank_dword_800E4C24;
int SECTION(".bss") rank_dword_800E4C28;
int SECTION(".bss") rank_dword_800E4C2C;
int SECTION(".bss") rank_dword_800E4C30;
int SECTION(".bss") rank_dword_800E4C34;
int SECTION(".bss") rank_dword_800E4C38;
int SECTION(".bss") rank_dword_800E4C3C;
int SECTION(".bss") rank_dword_800E4C40;
int SECTION(".bss") rank_dword_800E4C44;
int SECTION(".bss") rank_dword_800E4C48;
int SECTION(".bss") rank_dword_800E4C4C;
int SECTION(".bss") rank_dword_800E4C50;
int SECTION(".bss") rank_dword_800E4C54;
int SECTION(".bss") rank_dword_800E4C58;
int SECTION(".bss") rank_dword_800E4C5C;
int SECTION(".bss") rank_dword_800E4C60;
int SECTION(".bss") rank_dword_800E4C64;
int SECTION(".bss") rank_dword_800E4C68;
int SECTION(".bss") rank_dword_800E4C6C;
int SECTION(".bss") rank_dword_800E4C70;
int SECTION(".bss") rank_dword_800E4C74;
int SECTION(".bss") rank_dword_800E4C78;
int SECTION(".bss") rank_dword_800E4C7C;
int SECTION(".bss") rank_dword_800E4C80;
int SECTION(".bss") rank_dword_800E4C84;
int SECTION(".bss") rank_dword_800E4C88;
int SECTION(".bss") rank_dword_800E4C8C;
int SECTION(".bss") rank_dword_800E4C90;
int SECTION(".bss") rank_dword_800E4C94;
int SECTION(".bss") rank_dword_800E4C98;
int SECTION(".bss") rank_dword_800E4C9C;
int SECTION(".bss") rank_dword_800E4CA0;
int SECTION(".bss") rank_dword_800E4CA4;
int SECTION(".bss") rank_dword_800E4CA8;
int SECTION(".bss") rank_dword_800E4CAC;
int SECTION(".bss") rank_dword_800E4CB0;
int SECTION(".bss") rank_dword_800E4CB4;
int SECTION(".bss") rank_dword_800E4CB8;
int SECTION(".bss") rank_dword_800E4CBC;
int SECTION(".bss") rank_dword_800E4CC0;
int SECTION(".bss") rank_dword_800E4CC4;
int SECTION(".bss") rank_dword_800E4CC8;
int SECTION(".bss") rank_dword_800E4CCC;
int SECTION(".bss") rank_dword_800E4CD0;
int SECTION(".bss") rank_dword_800E4CD4;
int SECTION(".bss") rank_dword_800E4CD8;
int SECTION(".bss") rank_dword_800E4CDC;
int SECTION(".bss") rank_dword_800E4CE0;
int SECTION(".bss") rank_dword_800E4CE4;
int SECTION(".bss") rank_dword_800E4CE8;
int SECTION(".bss") rank_dword_800E4CEC;
int SECTION(".bss") rank_dword_800E4CF0;
int SECTION(".bss") rank_dword_800E4CF4;
int SECTION(".bss") rank_dword_800E4CF8;
int SECTION(".bss") rank_dword_800E4CFC;
int SECTION(".bss") rank_dword_800E4D00;
int SECTION(".bss") rank_dword_800E4D04;
int SECTION(".bss") rank_dword_800E4D08;
int SECTION(".bss") rank_dword_800E4D0C;
int SECTION(".bss") rank_dword_800E4D10;
int SECTION(".bss") rank_dword_800E4D14;
int SECTION(".bss") rank_dword_800E4D18;
int SECTION(".bss") rank_dword_800E4D1C;
int SECTION(".bss") rank_dword_800E4D20;
int SECTION(".bss") rank_dword_800E4D24;
int SECTION(".bss") rank_dword_800E4D28;
int SECTION(".bss") rank_dword_800E4D2C;
int SECTION(".bss") rank_dword_800E4D30;
int SECTION(".bss") rank_dword_800E4D34;
int SECTION(".bss") rank_dword_800E4D38;
int SECTION(".bss") rank_dword_800E4D3C;
int SECTION(".bss") rank_dword_800E4D40;
int SECTION(".bss") rank_dword_800E4D44;
int SECTION(".bss") rank_dword_800E4D48;
int SECTION(".bss") rank_dword_800E4D4C;
int SECTION(".bss") rank_dword_800E4D50;
int SECTION(".bss") rank_dword_800E4D54;
int SECTION(".bss") rank_dword_800E4D58;
int SECTION(".bss") rank_dword_800E4D5C;
int SECTION(".bss") rank_dword_800E4D60;
int SECTION(".bss") rank_dword_800E4D64;
int SECTION(".bss") rank_dword_800E4D68;
int SECTION(".bss") rank_dword_800E4D6C;
int SECTION(".bss") rank_dword_800E4D70;
int SECTION(".bss") rank_dword_800E4D74;
int SECTION(".bss") rank_dword_800E4D78;
int SECTION(".bss") rank_dword_800E4D7C;
int SECTION(".bss") rank_dword_800E4D80;
int SECTION(".bss") rank_dword_800E4D84;
int SECTION(".bss") rank_dword_800E4D88;
int SECTION(".bss") rank_dword_800E4D8C;
int SECTION(".bss") rank_dword_800E4D90;
int SECTION(".bss") rank_dword_800E4D94;
int SECTION(".bss") rank_dword_800E4D98;
int SECTION(".bss") rank_dword_800E4D9C;
int SECTION(".bss") rank_dword_800E4DA0;
int SECTION(".bss") rank_dword_800E4DA4;
int SECTION(".bss") rank_dword_800E4DA8;
int SECTION(".bss") rank_dword_800E4DAC;
int SECTION(".bss") rank_dword_800E4DB0;
int SECTION(".bss") rank_dword_800E4DB4;
int SECTION(".bss") rank_dword_800E4DB8;
int SECTION(".bss") rank_dword_800E4DBC;
int SECTION(".bss") rank_dword_800E4DC0;
int SECTION(".bss") rank_dword_800E4DC4;
int SECTION(".bss") rank_dword_800E4DC8;
int SECTION(".bss") rank_dword_800E4DCC;
int SECTION(".bss") rank_dword_800E4DD0;
int SECTION(".bss") rank_dword_800E4DD4;
int SECTION(".bss") rank_dword_800E4DD8;
int SECTION(".bss") rank_dword_800E4DDC;
int SECTION(".bss") rank_dword_800E4DE0;
int SECTION(".bss") rank_dword_800E4DE4;
int SECTION(".bss") rank_dword_800E4DE8;
int SECTION(".bss") rank_dword_800E4DEC;
int SECTION(".bss") rank_dword_800E4DF0;
int SECTION(".bss") rank_dword_800E4DF4;
int SECTION(".bss") rank_dword_800E4DF8;
int SECTION(".bss") rank_dword_800E4DFC;
int SECTION(".bss") rank_dword_800E4E00;
int SECTION(".bss") rank_dword_800E4E04;
int SECTION(".bss") rank_dword_800E4E08;
int SECTION(".bss") rank_dword_800E4E0C;
int SECTION(".bss") rank_dword_800E4E10;
int SECTION(".bss") rank_dword_800E4E14;
int SECTION(".bss") rank_dword_800E4E18;
int SECTION(".bss") rank_dword_800E4E1C;
int SECTION(".bss") rank_dword_800E4E20;
int SECTION(".bss") rank_dword_800E4E24;
int SECTION(".bss") rank_dword_800E4E28;
int SECTION(".bss") rank_dword_800E4E2C;
int SECTION(".bss") rank_dword_800E4E30;
int SECTION(".bss") rank_dword_800E4E34;
int SECTION(".bss") rank_dword_800E4E38;
int SECTION(".bss") rank_dword_800E4E3C;
int SECTION(".bss") rank_dword_800E4E40;
int SECTION(".bss") rank_dword_800E4E44;
int SECTION(".bss") rank_dword_800E4E48;
int SECTION(".bss") rank_dword_800E4E4C;
int SECTION(".bss") rank_dword_800E4E50;
int SECTION(".bss") rank_dword_800E4E54;
int SECTION(".bss") rank_dword_800E4E58;
int SECTION(".bss") rank_dword_800E4E5C;
int SECTION(".bss") rank_dword_800E4E60;
int SECTION(".bss") rank_dword_800E4E64;
int SECTION(".bss") rank_dword_800E4E68;
int SECTION(".bss") rank_dword_800E4E6C;
int SECTION(".bss") rank_dword_800E4E70;
int SECTION(".bss") rank_dword_800E4E74;
int SECTION(".bss") rank_dword_800E4E78;
int SECTION(".bss") rank_dword_800E4E7C;
int SECTION(".bss") rank_dword_800E4E80;
int SECTION(".bss") rank_dword_800E4E84;
int SECTION(".bss") rank_dword_800E4E88;
int SECTION(".bss") rank_dword_800E4E8C;
int SECTION(".bss") rank_dword_800E4E90;
int SECTION(".bss") rank_dword_800E4E94;
int SECTION(".bss") rank_dword_800E4E98;
int SECTION(".bss") rank_dword_800E4E9C;
int SECTION(".bss") rank_dword_800E4EA0;
int SECTION(".bss") rank_dword_800E4EA4;
int SECTION(".bss") rank_dword_800E4EA8;
int SECTION(".bss") rank_dword_800E4EAC;
int SECTION(".bss") rank_dword_800E4EB0;
int SECTION(".bss") rank_dword_800E4EB4;
int SECTION(".bss") rank_dword_800E4EB8;
int SECTION(".bss") rank_dword_800E4EBC;
int SECTION(".bss") rank_dword_800E4EC0;
int SECTION(".bss") rank_dword_800E4EC4;
int SECTION(".bss") rank_dword_800E4EC8;
int SECTION(".bss") rank_dword_800E4ECC;
int SECTION(".bss") rank_dword_800E4ED0;
int SECTION(".bss") rank_dword_800E4ED4;
int SECTION(".bss") rank_dword_800E4ED8;
int SECTION(".bss") rank_dword_800E4EDC;
int SECTION(".bss") rank_dword_800E4EE0;
int SECTION(".bss") rank_dword_800E4EE4;
int SECTION(".bss") rank_dword_800E4EE8;
int SECTION(".bss") rank_dword_800E4EEC;
int SECTION(".bss") rank_dword_800E4EF0;
int SECTION(".bss") rank_dword_800E4EF4;
int SECTION(".bss") rank_dword_800E4EF8;
int SECTION(".bss") rank_dword_800E4EFC;
int SECTION(".bss") rank_dword_800E4F00;
int SECTION(".bss") rank_dword_800E4F04;
int SECTION(".bss") rank_dword_800E4F08;
int SECTION(".bss") rank_dword_800E4F0C;
int SECTION(".bss") rank_dword_800E4F10;
int SECTION(".bss") rank_dword_800E4F14;
int SECTION(".bss") rank_dword_800E4F18;
int SECTION(".bss") rank_dword_800E4F1C;
int SECTION(".bss") rank_dword_800E4F20;
int SECTION(".bss") rank_dword_800E4F24;
int SECTION(".bss") rank_dword_800E4F28;
int SECTION(".bss") rank_dword_800E4F2C;
int SECTION(".bss") rank_dword_800E4F30;
int SECTION(".bss") rank_dword_800E4F34;
int SECTION(".bss") rank_dword_800E4F38;
int SECTION(".bss") rank_dword_800E4F3C;
int SECTION(".bss") rank_dword_800E4F40;
int SECTION(".bss") rank_dword_800E4F44;
int SECTION(".bss") rank_dword_800E4F48;
int SECTION(".bss") rank_dword_800E4F4C;
int SECTION(".bss") rank_dword_800E4F50;
int SECTION(".bss") rank_dword_800E4F54;
int SECTION(".bss") rank_dword_800E4F58;
int SECTION(".bss") rank_dword_800E4F5C;
int SECTION(".bss") rank_dword_800E4F60;
int SECTION(".bss") rank_dword_800E4F64;
int SECTION(".bss") rank_dword_800E4F68;
int SECTION(".bss") rank_dword_800E4F6C;
int SECTION(".bss") rank_dword_800E4F70;
int SECTION(".bss") rank_dword_800E4F74;
int SECTION(".bss") rank_dword_800E4F78;
int SECTION(".bss") rank_dword_800E4F7C;
int SECTION(".bss") rank_dword_800E4F80;
int SECTION(".bss") rank_dword_800E4F84;
int SECTION(".bss") rank_dword_800E4F88;
int SECTION(".bss") rank_dword_800E4F8C;
int SECTION(".bss") rank_dword_800E4F90;
int SECTION(".bss") rank_dword_800E4F94;
int SECTION(".bss") rank_dword_800E4F98;
int SECTION(".bss") rank_dword_800E4F9C;
int SECTION(".bss") rank_dword_800E4FA0;
int SECTION(".bss") rank_dword_800E4FA4;
int SECTION(".bss") rank_dword_800E4FA8;
int SECTION(".bss") rank_dword_800E4FAC;
int SECTION(".bss") rank_dword_800E4FB0;
int SECTION(".bss") rank_dword_800E4FB4;
int SECTION(".bss") rank_dword_800E4FB8;
int SECTION(".bss") rank_dword_800E4FBC;
int SECTION(".bss") rank_dword_800E4FC0;
int SECTION(".bss") rank_dword_800E4FC4;
int SECTION(".bss") rank_dword_800E4FC8;
int SECTION(".bss") rank_dword_800E4FCC;
int SECTION(".bss") rank_dword_800E4FD0;
int SECTION(".bss") rank_dword_800E4FD4;
int SECTION(".bss") rank_dword_800E4FD8;
int SECTION(".bss") rank_dword_800E4FDC;
int SECTION(".bss") rank_dword_800E4FE0;
int SECTION(".bss") rank_dword_800E4FE4;
int SECTION(".bss") rank_dword_800E4FE8;
int SECTION(".bss") rank_dword_800E4FEC;
int SECTION(".bss") rank_dword_800E4FF0;
int SECTION(".bss") rank_dword_800E4FF4;
int SECTION(".bss") rank_dword_800E4FF8;
int SECTION(".bss") rank_dword_800E4FFC;
int SECTION(".bss") rank_dword_800E5000;
int SECTION(".bss") rank_dword_800E5004;
int SECTION(".bss") rank_dword_800E5008;
int SECTION(".bss") rank_dword_800E500C;
int SECTION(".bss") rank_dword_800E5010;
int SECTION(".bss") rank_dword_800E5014;
int SECTION(".bss") rank_dword_800E5018;
int SECTION(".bss") rank_dword_800E501C;
int SECTION(".bss") rank_dword_800E5020;
int SECTION(".bss") rank_dword_800E5024;
int SECTION(".bss") rank_dword_800E5028;
int SECTION(".bss") rank_dword_800E502C;
int SECTION(".bss") rank_dword_800E5030;
int SECTION(".bss") rank_dword_800E5034;
int SECTION(".bss") rank_dword_800E5038;
int SECTION(".bss") rank_dword_800E503C;
int SECTION(".bss") rank_dword_800E5040;
int SECTION(".bss") rank_dword_800E5044;
int SECTION(".bss") rank_dword_800E5048;
int SECTION(".bss") rank_dword_800E504C;
int SECTION(".bss") rank_dword_800E5050;
int SECTION(".bss") rank_dword_800E5054;
int SECTION(".bss") rank_dword_800E5058;
int SECTION(".bss") rank_dword_800E505C;
int SECTION(".bss") rank_dword_800E5060;
int SECTION(".bss") rank_dword_800E5064;
int SECTION(".bss") rank_dword_800E5068;
int SECTION(".bss") rank_dword_800E506C;
int SECTION(".bss") rank_dword_800E5070;
int SECTION(".bss") rank_dword_800E5074;
int SECTION(".bss") rank_dword_800E5078;
int SECTION(".bss") rank_dword_800E507C;
int SECTION(".bss") rank_dword_800E5080;
int SECTION(".bss") rank_dword_800E5084;
int SECTION(".bss") rank_dword_800E5088;
int SECTION(".bss") rank_dword_800E508C;
int SECTION(".bss") rank_dword_800E5090;
int SECTION(".bss") rank_dword_800E5094;
int SECTION(".bss") rank_dword_800E5098;
int SECTION(".bss") rank_dword_800E509C;
int SECTION(".bss") rank_dword_800E50A0;
int SECTION(".bss") rank_dword_800E50A4;
int SECTION(".bss") rank_dword_800E50A8;
int SECTION(".bss") rank_dword_800E50AC;
int SECTION(".bss") rank_dword_800E50B0;
int SECTION(".bss") rank_dword_800E50B4;
int SECTION(".bss") rank_dword_800E50B8;
int SECTION(".bss") rank_dword_800E50BC;
int SECTION(".bss") rank_dword_800E50C0;
int SECTION(".bss") rank_dword_800E50C4;
int SECTION(".bss") rank_dword_800E50C8;
int SECTION(".bss") rank_dword_800E50CC;
int SECTION(".bss") rank_dword_800E50D0;
int SECTION(".bss") rank_dword_800E50D4;
int SECTION(".bss") rank_dword_800E50D8;
int SECTION(".bss") rank_dword_800E50DC;
int SECTION(".bss") rank_dword_800E50E0;
int SECTION(".bss") rank_dword_800E50E4;
int SECTION(".bss") rank_dword_800E50E8;
int SECTION(".bss") rank_dword_800E50EC;
int SECTION(".bss") rank_dword_800E50F0;
int SECTION(".bss") rank_dword_800E50F4;
int SECTION(".bss") rank_dword_800E50F8;
int SECTION(".bss") rank_dword_800E50FC;
int SECTION(".bss") rank_dword_800E5100;
int SECTION(".bss") rank_dword_800E5104;
int SECTION(".bss") rank_dword_800E5108;
int SECTION(".bss") rank_dword_800E510C;
int SECTION(".bss") rank_dword_800E5110;
int SECTION(".bss") rank_dword_800E5114;
int SECTION(".bss") rank_dword_800E5118;
int SECTION(".bss") rank_dword_800E511C;
int SECTION(".bss") rank_dword_800E5120;
int SECTION(".bss") rank_dword_800E5124;
int SECTION(".bss") rank_dword_800E5128;
int SECTION(".bss") rank_dword_800E512C;
int SECTION(".bss") rank_dword_800E5130;
int SECTION(".bss") rank_dword_800E5134;
int SECTION(".bss") rank_dword_800E5138;
int SECTION(".bss") rank_dword_800E513C;
int SECTION(".bss") rank_dword_800E5140;
int SECTION(".bss") rank_dword_800E5144;
int SECTION(".bss") rank_dword_800E5148;
int SECTION(".bss") rank_dword_800E514C;
int SECTION(".bss") rank_dword_800E5150;
int SECTION(".bss") rank_dword_800E5154;
int SECTION(".bss") rank_dword_800E5158;
int SECTION(".bss") rank_dword_800E515C;
int SECTION(".bss") rank_dword_800E5160;
int SECTION(".bss") rank_dword_800E5164;
int SECTION(".bss") rank_dword_800E5168;
int SECTION(".bss") rank_dword_800E516C;
int SECTION(".bss") rank_dword_800E5170;
int SECTION(".bss") rank_dword_800E5174;
int SECTION(".bss") rank_dword_800E5178;
int SECTION(".bss") rank_dword_800E517C;
int SECTION(".bss") rank_dword_800E5180;
int SECTION(".bss") rank_dword_800E5184;
int SECTION(".bss") rank_dword_800E5188;
int SECTION(".bss") rank_dword_800E518C;
int SECTION(".bss") rank_dword_800E5190;
int SECTION(".bss") rank_dword_800E5194;
int SECTION(".bss") rank_dword_800E5198;
int SECTION(".bss") rank_dword_800E519C;
int SECTION(".bss") rank_dword_800E51A0;
int SECTION(".bss") rank_dword_800E51A4;
int SECTION(".bss") rank_dword_800E51A8;
int SECTION(".bss") rank_dword_800E51AC;
int SECTION(".bss") rank_dword_800E51B0;
int SECTION(".bss") rank_dword_800E51B4;
int SECTION(".bss") rank_dword_800E51B8;
int SECTION(".bss") rank_dword_800E51BC;
int SECTION(".bss") rank_dword_800E51C0;
int SECTION(".bss") rank_dword_800E51C4;
int SECTION(".bss") rank_dword_800E51C8;
int SECTION(".bss") rank_dword_800E51CC;
int SECTION(".bss") rank_dword_800E51D0;
int SECTION(".bss") rank_dword_800E51D4;
int SECTION(".bss") rank_dword_800E51D8;
int SECTION(".bss") rank_dword_800E51DC;
int SECTION(".bss") rank_dword_800E51E0;
int SECTION(".bss") rank_dword_800E51E4;
int SECTION(".bss") rank_dword_800E51E8;
int SECTION(".bss") rank_dword_800E51EC;
int SECTION(".bss") rank_dword_800E51F0;
int SECTION(".bss") rank_dword_800E51F4;
int SECTION(".bss") rank_dword_800E51F8;
int SECTION(".bss") rank_dword_800E51FC;
int SECTION(".bss") rank_dword_800E5200;
int SECTION(".bss") rank_dword_800E5204;
int SECTION(".bss") rank_dword_800E5208;
int SECTION(".bss") rank_dword_800E520C;
int SECTION(".bss") rank_dword_800E5210;
int SECTION(".bss") rank_dword_800E5214;
int SECTION(".bss") rank_dword_800E5218;
int SECTION(".bss") rank_dword_800E521C;
int SECTION(".bss") rank_dword_800E5220;
int SECTION(".bss") rank_dword_800E5224;
int SECTION(".bss") rank_dword_800E5228;
int SECTION(".bss") rank_dword_800E522C;
int SECTION(".bss") rank_dword_800E5230;
int SECTION(".bss") rank_dword_800E5234;
int SECTION(".bss") rank_dword_800E5238;
int SECTION(".bss") rank_dword_800E523C;
int SECTION(".bss") rank_dword_800E5240;
int SECTION(".bss") rank_dword_800E5244;
int SECTION(".bss") rank_dword_800E5248;
int SECTION(".bss") rank_dword_800E524C;
int SECTION(".bss") rank_dword_800E5250;
int SECTION(".bss") rank_dword_800E5254;
int SECTION(".bss") rank_dword_800E5258;
int SECTION(".bss") rank_dword_800E525C;
int SECTION(".bss") rank_dword_800E5260;
int SECTION(".bss") rank_dword_800E5264;
int SECTION(".bss") rank_dword_800E5268;
int SECTION(".bss") rank_dword_800E526C;
int SECTION(".bss") rank_dword_800E5270;
int SECTION(".bss") rank_dword_800E5274;
int SECTION(".bss") rank_dword_800E5278;
int SECTION(".bss") rank_dword_800E527C;
int SECTION(".bss") rank_dword_800E5280;
int SECTION(".bss") rank_dword_800E5284;
int SECTION(".bss") rank_dword_800E5288;
int SECTION(".bss") rank_dword_800E528C;
int SECTION(".bss") rank_dword_800E5290;
int SECTION(".bss") rank_dword_800E5294;
int SECTION(".bss") rank_dword_800E5298;
int SECTION(".bss") rank_dword_800E529C;
int SECTION(".bss") rank_dword_800E52A0;
int SECTION(".bss") rank_dword_800E52A4;
int SECTION(".bss") rank_dword_800E52A8;
int SECTION(".bss") rank_dword_800E52AC;
int SECTION(".bss") rank_dword_800E52B0;
int SECTION(".bss") rank_dword_800E52B4;
int SECTION(".bss") rank_dword_800E52B8;
int SECTION(".bss") rank_dword_800E52BC;
int SECTION(".bss") rank_dword_800E52C0;
int SECTION(".bss") rank_dword_800E52C4;
int SECTION(".bss") rank_dword_800E52C8;
int SECTION(".bss") rank_dword_800E52CC;
int SECTION(".bss") rank_dword_800E52D0;
int SECTION(".bss") rank_dword_800E52D4;
int SECTION(".bss") rank_dword_800E52D8;
int SECTION(".bss") rank_dword_800E52DC;
int SECTION(".bss") rank_dword_800E52E0;
int SECTION(".bss") rank_dword_800E52E4;
int SECTION(".bss") rank_dword_800E52E8;
int SECTION(".bss") rank_dword_800E52EC;
int SECTION(".bss") rank_dword_800E52F0;
int SECTION(".bss") rank_dword_800E52F4;
int SECTION(".bss") rank_dword_800E52F8;
int SECTION(".bss") rank_dword_800E52FC;
int SECTION(".bss") rank_dword_800E5300;
int SECTION(".bss") rank_dword_800E5304;
int SECTION(".bss") rank_dword_800E5308;
int SECTION(".bss") rank_dword_800E530C;
int SECTION(".bss") rank_dword_800E5310;
int SECTION(".bss") rank_dword_800E5314;
int SECTION(".bss") rank_dword_800E5318;
int SECTION(".bss") rank_dword_800E531C;
int SECTION(".bss") rank_dword_800E5320;
int SECTION(".bss") rank_dword_800E5324;
int SECTION(".bss") rank_dword_800E5328;
int SECTION(".bss") rank_dword_800E532C;
int SECTION(".bss") rank_dword_800E5330;
int SECTION(".bss") rank_dword_800E5334;
int SECTION(".bss") rank_dword_800E5338;
int SECTION(".bss") rank_dword_800E533C;
int SECTION(".bss") rank_dword_800E5340;
int SECTION(".bss") rank_dword_800E5344;
int SECTION(".bss") rank_dword_800E5348;
int SECTION(".bss") rank_dword_800E534C;
int SECTION(".bss") rank_dword_800E5350;
int SECTION(".bss") rank_dword_800E5354;
int SECTION(".bss") rank_dword_800E5358;
int SECTION(".bss") rank_dword_800E535C;
int SECTION(".bss") rank_dword_800E5360;
int SECTION(".bss") rank_dword_800E5364;
int SECTION(".bss") rank_dword_800E5368;
int SECTION(".bss") rank_dword_800E536C;
int SECTION(".bss") rank_dword_800E5370;
int SECTION(".bss") rank_dword_800E5374;
int SECTION(".bss") rank_dword_800E5378;
int SECTION(".bss") rank_dword_800E537C;
int SECTION(".bss") rank_dword_800E5380;
int SECTION(".bss") rank_dword_800E5384;
int SECTION(".bss") rank_dword_800E5388;
int SECTION(".bss") rank_dword_800E538C;
int SECTION(".bss") rank_dword_800E5390;
int SECTION(".bss") rank_dword_800E5394;
int SECTION(".bss") rank_dword_800E5398;
int SECTION(".bss") rank_dword_800E539C;
int SECTION(".bss") rank_dword_800E53A0;
int SECTION(".bss") rank_dword_800E53A4;
int SECTION(".bss") rank_dword_800E53A8;
int SECTION(".bss") rank_dword_800E53AC;
int SECTION(".bss") rank_dword_800E53B0;
int SECTION(".bss") rank_dword_800E53B4;
int SECTION(".bss") rank_dword_800E53B8;
int SECTION(".bss") rank_dword_800E53BC;
int SECTION(".bss") rank_dword_800E53C0;
int SECTION(".bss") rank_dword_800E53C4;
int SECTION(".bss") rank_dword_800E53C8;
int SECTION(".bss") rank_dword_800E53CC;
int SECTION(".bss") rank_dword_800E53D0;
int SECTION(".bss") rank_dword_800E53D4;
int SECTION(".bss") rank_dword_800E53D8;
int SECTION(".bss") rank_dword_800E53DC;
int SECTION(".bss") rank_dword_800E53E0;
int SECTION(".bss") rank_dword_800E53E4;
int SECTION(".bss") rank_dword_800E53E8;
int SECTION(".bss") rank_dword_800E53EC;
int SECTION(".bss") rank_dword_800E53F0;
int SECTION(".bss") rank_dword_800E53F4;
int SECTION(".bss") rank_dword_800E53F8;
int SECTION(".bss") rank_dword_800E53FC;
int SECTION(".bss") rank_dword_800E5400;
int SECTION(".bss") rank_dword_800E5404;
int SECTION(".bss") rank_dword_800E5408;
int SECTION(".bss") rank_dword_800E540C;
int SECTION(".bss") rank_dword_800E5410;
int SECTION(".bss") rank_dword_800E5414;
int SECTION(".bss") rank_dword_800E5418;
int SECTION(".bss") rank_dword_800E541C;
int SECTION(".bss") rank_dword_800E5420;
int SECTION(".bss") rank_dword_800E5424;
int SECTION(".bss") rank_dword_800E5428;
int SECTION(".bss") rank_dword_800E542C;
int SECTION(".bss") rank_dword_800E5430;
int SECTION(".bss") rank_dword_800E5434;
int SECTION(".bss") rank_dword_800E5438;
int SECTION(".bss") rank_dword_800E543C;
int SECTION(".bss") rank_dword_800E5440;
int SECTION(".bss") rank_dword_800E5444;
int SECTION(".bss") rank_dword_800E5448;
int SECTION(".bss") rank_dword_800E544C;
int SECTION(".bss") rank_dword_800E5450;
int SECTION(".bss") rank_dword_800E5454;
int SECTION(".bss") rank_dword_800E5458;
int SECTION(".bss") rank_dword_800E545C;
int SECTION(".bss") rank_dword_800E5460;
int SECTION(".bss") rank_dword_800E5464;
int SECTION(".bss") rank_dword_800E5468;
int SECTION(".bss") rank_dword_800E546C;
int SECTION(".bss") rank_dword_800E5470;
int SECTION(".bss") rank_dword_800E5474;
int SECTION(".bss") rank_dword_800E5478;
int SECTION(".bss") rank_dword_800E547C;
int SECTION(".bss") rank_dword_800E5480;
int SECTION(".bss") rank_dword_800E5484;
int SECTION(".bss") rank_dword_800E5488;
int SECTION(".bss") rank_dword_800E548C;
int SECTION(".bss") rank_dword_800E5490;
int SECTION(".bss") rank_dword_800E5494;
int SECTION(".bss") rank_dword_800E5498;
int SECTION(".bss") rank_dword_800E549C;
int SECTION(".bss") rank_dword_800E54A0;
int SECTION(".bss") rank_dword_800E54A4;
int SECTION(".bss") rank_dword_800E54A8;
int SECTION(".bss") rank_dword_800E54AC;
int SECTION(".bss") rank_dword_800E54B0;
int SECTION(".bss") rank_dword_800E54B4;
int SECTION(".bss") rank_dword_800E54B8;
int SECTION(".bss") rank_dword_800E54BC;
int SECTION(".bss") rank_dword_800E54C0;
int SECTION(".bss") rank_dword_800E54C4;
int SECTION(".bss") rank_dword_800E54C8;
int SECTION(".bss") rank_dword_800E54CC;
int SECTION(".bss") rank_dword_800E54D0;
int SECTION(".bss") rank_dword_800E54D4;
int SECTION(".bss") rank_dword_800E54D8;
int SECTION(".bss") rank_dword_800E54DC;
int SECTION(".bss") rank_dword_800E54E0;
int SECTION(".bss") rank_dword_800E54E4;
int SECTION(".bss") rank_dword_800E54E8;
int SECTION(".bss") rank_dword_800E54EC;
int SECTION(".bss") rank_dword_800E54F0;
int SECTION(".bss") rank_dword_800E54F4;
int SECTION(".bss") rank_dword_800E54F8;
int SECTION(".bss") rank_dword_800E54FC;
int SECTION(".bss") rank_dword_800E5500;
int SECTION(".bss") rank_dword_800E5504;
int SECTION(".bss") rank_dword_800E5508;
int SECTION(".bss") rank_dword_800E550C;
int SECTION(".bss") rank_dword_800E5510;
int SECTION(".bss") rank_dword_800E5514;
int SECTION(".bss") rank_dword_800E5518;
int SECTION(".bss") rank_dword_800E551C;
int SECTION(".bss") rank_dword_800E5520;
int SECTION(".bss") rank_dword_800E5524;
int SECTION(".bss") rank_dword_800E5528;
int SECTION(".bss") rank_dword_800E552C;
int SECTION(".bss") rank_dword_800E5530;
int SECTION(".bss") rank_dword_800E5534;
int SECTION(".bss") rank_dword_800E5538;
int SECTION(".bss") rank_dword_800E553C;
int SECTION(".bss") rank_dword_800E5540;
int SECTION(".bss") rank_dword_800E5544;
int SECTION(".bss") rank_dword_800E5548;
int SECTION(".bss") rank_dword_800E554C;
int SECTION(".bss") rank_dword_800E5550;
int SECTION(".bss") rank_dword_800E5554;
int SECTION(".bss") rank_dword_800E5558;
int SECTION(".bss") rank_dword_800E555C;
int SECTION(".bss") rank_dword_800E5560;
int SECTION(".bss") rank_dword_800E5564;
int SECTION(".bss") rank_dword_800E5568;
int SECTION(".bss") rank_dword_800E556C;
int SECTION(".bss") rank_dword_800E5570;
int SECTION(".bss") rank_dword_800E5574;
int SECTION(".bss") rank_dword_800E5578;
int SECTION(".bss") rank_dword_800E557C;
int SECTION(".bss") rank_dword_800E5580;
int SECTION(".bss") rank_dword_800E5584;
int SECTION(".bss") rank_dword_800E5588;
int SECTION(".bss") rank_dword_800E558C;
int SECTION(".bss") rank_dword_800E5590;
int SECTION(".bss") rank_dword_800E5594;
int SECTION(".bss") rank_dword_800E5598;
int SECTION(".bss") rank_dword_800E559C;
int SECTION(".bss") rank_dword_800E55A0;
int SECTION(".bss") rank_dword_800E55A4;
int SECTION(".bss") rank_dword_800E55A8;
int SECTION(".bss") rank_dword_800E55AC;
int SECTION(".bss") rank_dword_800E55B0;
int SECTION(".bss") rank_dword_800E55B4;
int SECTION(".bss") rank_dword_800E55B8;
int SECTION(".bss") rank_dword_800E55BC;
int SECTION(".bss") rank_dword_800E55C0;
int SECTION(".bss") rank_dword_800E55C4;
int SECTION(".bss") rank_dword_800E55C8;
int SECTION(".bss") rank_dword_800E55CC;
int SECTION(".bss") rank_dword_800E55D0;
int SECTION(".bss") rank_dword_800E55D4;
int SECTION(".bss") rank_dword_800E55D8;
int SECTION(".bss") rank_dword_800E55DC;
int SECTION(".bss") rank_dword_800E55E0;
int SECTION(".bss") rank_dword_800E55E4;
int SECTION(".bss") rank_dword_800E55E8;
int SECTION(".bss") rank_dword_800E55EC;
int SECTION(".bss") rank_dword_800E55F0;
int SECTION(".bss") rank_dword_800E55F4;
int SECTION(".bss") rank_dword_800E55F8;
int SECTION(".bss") rank_dword_800E55FC;
int SECTION(".bss") rank_dword_800E5600;
int SECTION(".bss") rank_dword_800E5604;
int SECTION(".bss") rank_dword_800E5608;
int SECTION(".bss") rank_dword_800E560C;
int SECTION(".bss") rank_dword_800E5610;
int SECTION(".bss") rank_dword_800E5614;
int SECTION(".bss") rank_dword_800E5618;
int SECTION(".bss") rank_dword_800E561C;
int SECTION(".bss") rank_dword_800E5620;
int SECTION(".bss") rank_dword_800E5624;
int SECTION(".bss") rank_dword_800E5628;
int SECTION(".bss") rank_dword_800E562C;
int SECTION(".bss") rank_dword_800E5630;
int SECTION(".bss") rank_dword_800E5634;
int SECTION(".bss") rank_dword_800E5638;
int SECTION(".bss") rank_dword_800E563C;
int SECTION(".bss") rank_dword_800E5640;
int SECTION(".bss") rank_dword_800E5644;
int SECTION(".bss") rank_dword_800E5648;
int SECTION(".bss") rank_dword_800E564C;
int SECTION(".bss") rank_dword_800E5650;
int SECTION(".bss") rank_dword_800E5654;
int SECTION(".bss") rank_dword_800E5658;
int SECTION(".bss") rank_dword_800E565C;
int SECTION(".bss") rank_dword_800E5660;
int SECTION(".bss") rank_dword_800E5664;
int SECTION(".bss") rank_dword_800E5668;
int SECTION(".bss") rank_dword_800E566C;
int SECTION(".bss") rank_dword_800E5670;
int SECTION(".bss") rank_dword_800E5674;
int SECTION(".bss") rank_dword_800E5678;
int SECTION(".bss") rank_dword_800E567C;
int SECTION(".bss") rank_dword_800E5680;
int SECTION(".bss") rank_dword_800E5684;
int SECTION(".bss") rank_dword_800E5688;
int SECTION(".bss") rank_dword_800E568C;
int SECTION(".bss") rank_dword_800E5690;
int SECTION(".bss") rank_dword_800E5694;
int SECTION(".bss") rank_dword_800E5698;
int SECTION(".bss") rank_dword_800E569C;
int SECTION(".bss") rank_dword_800E56A0;
int SECTION(".bss") rank_dword_800E56A4;
int SECTION(".bss") rank_dword_800E56A8;
int SECTION(".bss") rank_dword_800E56AC;
int SECTION(".bss") rank_dword_800E56B0;
int SECTION(".bss") rank_dword_800E56B4;
int SECTION(".bss") rank_dword_800E56B8;
int SECTION(".bss") rank_dword_800E56BC;
int SECTION(".bss") rank_dword_800E56C0;
int SECTION(".bss") rank_dword_800E56C4;
int SECTION(".bss") rank_dword_800E56C8;
int SECTION(".bss") rank_dword_800E56CC;
int SECTION(".bss") rank_dword_800E56D0;
int SECTION(".bss") rank_dword_800E56D4;
int SECTION(".bss") rank_dword_800E56D8;
int SECTION(".bss") rank_dword_800E56DC;
int SECTION(".bss") rank_dword_800E56E0;
int SECTION(".bss") rank_dword_800E56E4;
int SECTION(".bss") rank_dword_800E56E8;
int SECTION(".bss") rank_dword_800E56EC;
int SECTION(".bss") rank_dword_800E56F0;
int SECTION(".bss") rank_dword_800E56F4;
int SECTION(".bss") rank_dword_800E56F8;
int SECTION(".bss") rank_dword_800E56FC;
int SECTION(".bss") rank_dword_800E5700;
int SECTION(".bss") rank_dword_800E5704;
int SECTION(".bss") rank_dword_800E5708;
int SECTION(".bss") rank_dword_800E570C;
int SECTION(".bss") rank_dword_800E5710;
int SECTION(".bss") rank_dword_800E5714;
int SECTION(".bss") rank_dword_800E5718;
int SECTION(".bss") rank_dword_800E571C;
int SECTION(".bss") rank_dword_800E5720;
int SECTION(".bss") rank_dword_800E5724;
int SECTION(".bss") rank_dword_800E5728;
int SECTION(".bss") rank_dword_800E572C;
int SECTION(".bss") rank_dword_800E5730;
int SECTION(".bss") rank_dword_800E5734;
int SECTION(".bss") rank_dword_800E5738;
int SECTION(".bss") rank_dword_800E573C;
int SECTION(".bss") rank_dword_800E5740;
int SECTION(".bss") rank_dword_800E5744;
int SECTION(".bss") rank_dword_800E5748;
int SECTION(".bss") rank_dword_800E574C;
int SECTION(".bss") rank_dword_800E5750;
int SECTION(".bss") rank_dword_800E5754;
int SECTION(".bss") rank_dword_800E5758;
int SECTION(".bss") rank_dword_800E575C;
int SECTION(".bss") rank_dword_800E5760;
int SECTION(".bss") rank_dword_800E5764;
int SECTION(".bss") rank_dword_800E5768;
int SECTION(".bss") rank_dword_800E576C;
int SECTION(".bss") rank_dword_800E5770;
int SECTION(".bss") rank_dword_800E5774;
int SECTION(".bss") rank_dword_800E5778;
int SECTION(".bss") rank_dword_800E577C;
int SECTION(".bss") rank_dword_800E5780;
int SECTION(".bss") rank_dword_800E5784;
int SECTION(".bss") rank_dword_800E5788;
int SECTION(".bss") rank_dword_800E578C;
int SECTION(".bss") rank_dword_800E5790;
int SECTION(".bss") rank_dword_800E5794;
int SECTION(".bss") rank_dword_800E5798;
int SECTION(".bss") rank_dword_800E579C;
int SECTION(".bss") rank_dword_800E57A0;
int SECTION(".bss") rank_dword_800E57A4;
int SECTION(".bss") rank_dword_800E57A8;
int SECTION(".bss") rank_dword_800E57AC;
int SECTION(".bss") rank_dword_800E57B0;
int SECTION(".bss") rank_dword_800E57B4;
int SECTION(".bss") rank_dword_800E57B8;
int SECTION(".bss") rank_dword_800E57BC;
int SECTION(".bss") rank_dword_800E57C0;
int SECTION(".bss") rank_dword_800E57C4;
int SECTION(".bss") rank_dword_800E57C8;
int SECTION(".bss") rank_dword_800E57CC;
int SECTION(".bss") rank_dword_800E57D0;
int SECTION(".bss") rank_dword_800E57D4;
int SECTION(".bss") rank_dword_800E57D8;
int SECTION(".bss") rank_dword_800E57DC;
int SECTION(".bss") rank_dword_800E57E0;
int SECTION(".bss") rank_dword_800E57E4;
int SECTION(".bss") rank_dword_800E57E8;
int SECTION(".bss") rank_dword_800E57EC;
int SECTION(".bss") rank_dword_800E57F0;
int SECTION(".bss") rank_dword_800E57F4;
int SECTION(".bss") rank_dword_800E57F8;
int SECTION(".bss") rank_dword_800E57FC;
int SECTION(".bss") rank_dword_800E5800;
int SECTION(".bss") rank_dword_800E5804;
int SECTION(".bss") rank_dword_800E5808;
int SECTION(".bss") rank_dword_800E580C;
int SECTION(".bss") rank_dword_800E5810;
int SECTION(".bss") rank_dword_800E5814;
int SECTION(".bss") rank_dword_800E5818;
int SECTION(".bss") rank_dword_800E581C;
int SECTION(".bss") rank_dword_800E5820;
int SECTION(".bss") rank_dword_800E5824;
int SECTION(".bss") rank_dword_800E5828;
int SECTION(".bss") rank_dword_800E582C;
int SECTION(".bss") rank_dword_800E5830;
int SECTION(".bss") rank_dword_800E5834;
int SECTION(".bss") rank_dword_800E5838;
int SECTION(".bss") rank_dword_800E583C;
int SECTION(".bss") rank_dword_800E5840;
int SECTION(".bss") rank_dword_800E5844;
int SECTION(".bss") rank_dword_800E5848;
int SECTION(".bss") rank_dword_800E584C;
int SECTION(".bss") rank_dword_800E5850;
int SECTION(".bss") rank_dword_800E5854;
int SECTION(".bss") rank_dword_800E5858;
int SECTION(".bss") rank_dword_800E585C;
int SECTION(".bss") rank_dword_800E5860;
int SECTION(".bss") rank_dword_800E5864;
int SECTION(".bss") rank_dword_800E5868;
int SECTION(".bss") rank_dword_800E586C;
int SECTION(".bss") rank_dword_800E5870;
int SECTION(".bss") rank_dword_800E5874;
int SECTION(".bss") rank_dword_800E5878;
int SECTION(".bss") rank_dword_800E587C;
int SECTION(".bss") rank_dword_800E5880;
int SECTION(".bss") rank_dword_800E5884;
int SECTION(".bss") rank_dword_800E5888;
int SECTION(".bss") rank_dword_800E588C;
int SECTION(".bss") rank_dword_800E5890;
int SECTION(".bss") rank_dword_800E5894;
int SECTION(".bss") rank_dword_800E5898;
int SECTION(".bss") rank_dword_800E589C;
int SECTION(".bss") rank_dword_800E58A0;
int SECTION(".bss") rank_dword_800E58A4;
int SECTION(".bss") rank_dword_800E58A8;
int SECTION(".bss") rank_dword_800E58AC;
int SECTION(".bss") rank_dword_800E58B0;
int SECTION(".bss") rank_dword_800E58B4;
int SECTION(".bss") rank_dword_800E58B8;
int SECTION(".bss") rank_dword_800E58BC;
int SECTION(".bss") rank_dword_800E58C0;
int SECTION(".bss") rank_dword_800E58C4;
int SECTION(".bss") rank_dword_800E58C8;
int SECTION(".bss") rank_dword_800E58CC;
int SECTION(".bss") rank_dword_800E58D0;
int SECTION(".bss") rank_dword_800E58D4;
int SECTION(".bss") rank_dword_800E58D8;
int SECTION(".bss") rank_dword_800E58DC;
int SECTION(".bss") rank_dword_800E58E0;
int SECTION(".bss") rank_dword_800E58E4;
int SECTION(".bss") rank_dword_800E58E8;
int SECTION(".bss") rank_dword_800E58EC;
int SECTION(".bss") rank_dword_800E58F0;
int SECTION(".bss") rank_dword_800E58F4;
int SECTION(".bss") rank_dword_800E58F8;
int SECTION(".bss") rank_dword_800E58FC;
int SECTION(".bss") rank_dword_800E5900;
int SECTION(".bss") rank_dword_800E5904;
int SECTION(".bss") rank_dword_800E5908;
int SECTION(".bss") rank_dword_800E590C;
int SECTION(".bss") rank_dword_800E5910;
int SECTION(".bss") rank_dword_800E5914;
int SECTION(".bss") rank_dword_800E5918;
int SECTION(".bss") rank_dword_800E591C;
int SECTION(".bss") rank_dword_800E5920;
int SECTION(".bss") rank_dword_800E5924;
int SECTION(".bss") rank_dword_800E5928;
int SECTION(".bss") rank_dword_800E592C;
int SECTION(".bss") rank_dword_800E5930;
int SECTION(".bss") rank_dword_800E5934;
int SECTION(".bss") rank_dword_800E5938;
int SECTION(".bss") rank_dword_800E593C;
int SECTION(".bss") rank_dword_800E5940;
int SECTION(".bss") rank_dword_800E5944;
int SECTION(".bss") rank_dword_800E5948;
int SECTION(".bss") rank_dword_800E594C;
int SECTION(".bss") rank_dword_800E5950;
int SECTION(".bss") rank_dword_800E5954;
int SECTION(".bss") rank_dword_800E5958;
int SECTION(".bss") rank_dword_800E595C;
int SECTION(".bss") rank_dword_800E5960;
int SECTION(".bss") rank_dword_800E5964;
int SECTION(".bss") rank_dword_800E5968;
int SECTION(".bss") rank_dword_800E596C;
int SECTION(".bss") rank_dword_800E5970;
int SECTION(".bss") rank_dword_800E5974;
int SECTION(".bss") rank_dword_800E5978;
int SECTION(".bss") rank_dword_800E597C;
int SECTION(".bss") rank_dword_800E5980;
int SECTION(".bss") rank_dword_800E5984;
int SECTION(".bss") rank_dword_800E5988;
int SECTION(".bss") rank_dword_800E598C;
int SECTION(".bss") rank_dword_800E5990;
int SECTION(".bss") rank_dword_800E5994;
int SECTION(".bss") rank_dword_800E5998;
int SECTION(".bss") rank_dword_800E599C;
int SECTION(".bss") rank_dword_800E59A0;
int SECTION(".bss") rank_dword_800E59A4;
int SECTION(".bss") rank_dword_800E59A8;
int SECTION(".bss") rank_dword_800E59AC;
int SECTION(".bss") rank_dword_800E59B0;
int SECTION(".bss") rank_dword_800E59B4;
int SECTION(".bss") rank_dword_800E59B8;
int SECTION(".bss") rank_dword_800E59BC;
int SECTION(".bss") rank_dword_800E59C0;
int SECTION(".bss") rank_dword_800E59C4;
int SECTION(".bss") rank_dword_800E59C8;
int SECTION(".bss") rank_dword_800E59CC;
int SECTION(".bss") rank_dword_800E59D0;
int SECTION(".bss") rank_dword_800E59D4;
int SECTION(".bss") rank_dword_800E59D8;
int SECTION(".bss") rank_dword_800E59DC;
int SECTION(".bss") rank_dword_800E59E0;
int SECTION(".bss") rank_dword_800E59E4;
int SECTION(".bss") rank_dword_800E59E8;
int SECTION(".bss") rank_dword_800E59EC;
int SECTION(".bss") rank_dword_800E59F0;
int SECTION(".bss") rank_dword_800E59F4;
int SECTION(".bss") rank_dword_800E59F8;
int SECTION(".bss") rank_dword_800E59FC;
